INSERT INTO employees (emp_name, phone, position, dept, region) VALUES ('vyqpwjbjbg', '97944731', 'DIR', 'HR', 'GLOBAL');
INSERT INTO salary (emp_name, salary) VALUES ('vyqpwjbjbg', 32000);
INSERT INTO employees (emp_name, phone, position, dept, region) VALUES ('ebzbnmaytv', '97413661', 'DIR', 'HR', 'APAC');
INSERT INTO salary (emp_name, salary) VALUES ('ebzbnmaytv', 83000);
INSERT INTO employees (emp_name, phone, position, dept, region) VALUES ('hrqsvplujh', '97741421', 'DIR', 'HR', 'SG');
INSERT INTO salary (emp_name, salary) VALUES ('hrqsvplujh', 72000);
INSERT INTO employees (emp_name, phone, position, dept, region) VALUES ('ljgoxcgrnn', '93139336', 'DIR', 'HR', 'HK');
INSERT INTO salary (emp_name, salary) VALUES ('ljgoxcgrnn', 63000);
INSERT INTO employees (emp_name, phone, position, dept, region) VALUES ('zdrhiiclza', '92139963', 'DIR', 'HR', 'EMEA');
INSERT INTO salary (emp_name, salary) VALUES ('zdrhiiclza', 30000);
INSERT INTO employees (emp_name, phone, position, dept, region) VALUES ('kwpnlghtfc', '92645467', 'DIR', 'HR', 'LON');
INSERT INTO salary (emp_name, salary) VALUES ('kwpnlghtfc', 96000);
INSERT INTO employees (emp_name, phone, position, dept, region) VALUES ('nkyhytglnt', '98093189', 'DIR', 'HR', 'PAR');
INSERT INTO salary (emp_name, salary) VALUES ('nkyhytglnt', 46000);
INSERT INTO employees (emp_name, phone, position, dept, region) VALUES ('ajsphjhsll', '97219289', 'DIR', 'HR', 'AMER');
INSERT INTO salary (emp_name, salary) VALUES ('ajsphjhsll', 85000);
INSERT INTO employees (emp_name, phone, position, dept, region) VALUES ('jtytpmgdai', '97531878', 'DIR', 'HR', 'NY');
INSERT INTO salary (emp_name, salary) VALUES ('jtytpmgdai', 62000);
INSERT INTO employees (emp_name, phone, position, dept, region) VALUES ('qucntfpzmh', '97428298', 'DIR', 'HR', 'SF');
INSERT INTO salary (emp_name, salary) VALUES ('qucntfpzmh', 50000);
INSERT INTO employees (emp_name, phone, position, dept, region) VALUES ('ttdnljtioy', '93880083', 'MGR', 'HR', 'GLOBAL');
INSERT INTO salary (emp_name, salary) VALUES ('ttdnljtioy', 88000);
INSERT INTO employees (emp_name, phone, position, dept, region) VALUES ('bpygfiufdz', '97335354', 'MGR', 'HR', 'APAC');
INSERT INTO salary (emp_name, salary) VALUES ('bpygfiufdz', 72000);
INSERT INTO employees (emp_name, phone, position, dept, region) VALUES ('trvmlmqejo', '93160697', 'MGR', 'HR', 'SG');
INSERT INTO salary (emp_name, salary) VALUES ('trvmlmqejo', 38000);
INSERT INTO employees (emp_name, phone, position, dept, region) VALUES ('yocuhpijng', '94784650', 'MGR', 'HR', 'HK');
INSERT INTO salary (emp_name, salary) VALUES ('yocuhpijng', 100000);
INSERT INTO employees (emp_name, phone, position, dept, region) VALUES ('eioeniuqrd', '93099051', 'MGR', 'HR', 'EMEA');
INSERT INTO salary (emp_name, salary) VALUES ('eioeniuqrd', 47000);
INSERT INTO employees (emp_name, phone, position, dept, region) VALUES ('ahgwmgpvcy', '93949920', 'MGR', 'HR', 'LON');
INSERT INTO salary (emp_name, salary) VALUES ('ahgwmgpvcy', 47000);
INSERT INTO employees (emp_name, phone, position, dept, region) VALUES ('zgywjvnyqa', '96896119', 'MGR', 'HR', 'PAR');
INSERT INTO salary (emp_name, salary) VALUES ('zgywjvnyqa', 45000);
INSERT INTO employees (emp_name, phone, position, dept, region) VALUES ('hhvxirkybl', '93447138', 'MGR', 'HR', 'AMER');
INSERT INTO salary (emp_name, salary) VALUES ('hhvxirkybl', 86000);
INSERT INTO employees (emp_name, phone, position, dept, region) VALUES ('scpqokjwda', '93135906', 'MGR', 'HR', 'NY');
INSERT INTO salary (emp_name, salary) VALUES ('scpqokjwda', 69000);
INSERT INTO employees (emp_name, phone, position, dept, region) VALUES ('tnwxwsgymn', '93623581', 'MGR', 'HR', 'SF');
INSERT INTO salary (emp_name, salary) VALUES ('tnwxwsgymn', 78000);
INSERT INTO employees (emp_name, phone, position, dept, region) VALUES ('qptvxlywgn', '90552988', 'EMP', 'HR', 'GLOBAL');
INSERT INTO salary (emp_name, salary) VALUES ('qptvxlywgn', 97000);
INSERT INTO employees (emp_name, phone, position, dept, region) VALUES ('ghylxviehu', '98533793', 'EMP', 'HR', 'APAC');
INSERT INTO salary (emp_name, salary) VALUES ('ghylxviehu', 38000);
INSERT INTO employees (emp_name, phone, position, dept, region) VALUES ('qeqetwmrom', '96168803', 'EMP', 'HR', 'SG');
INSERT INTO salary (emp_name, salary) VALUES ('qeqetwmrom', 91000);
INSERT INTO employees (emp_name, phone, position, dept, region) VALUES ('ifuqruvmgx', '92427154', 'EMP', 'HR', 'HK');
INSERT INTO salary (emp_name, salary) VALUES ('ifuqruvmgx', 54000);
INSERT INTO employees (emp_name, phone, position, dept, region) VALUES ('xkiedepbal', '90650207', 'EMP', 'HR', 'EMEA');
INSERT INTO salary (emp_name, salary) VALUES ('xkiedepbal', 60000);
INSERT INTO employees (emp_name, phone, position, dept, region) VALUES ('mmxpltzhhp', '92599635', 'EMP', 'HR', 'LON');
INSERT INTO salary (emp_name, salary) VALUES ('mmxpltzhhp', 84000);
INSERT INTO employees (emp_name, phone, position, dept, region) VALUES ('tgmltbacla', '91655797', 'EMP', 'HR', 'PAR');
INSERT INTO salary (emp_name, salary) VALUES ('tgmltbacla', 91000);
INSERT INTO employees (emp_name, phone, position, dept, region) VALUES ('cbdzpbwcpl', '93313877', 'EMP', 'HR', 'AMER');
INSERT INTO salary (emp_name, salary) VALUES ('cbdzpbwcpl', 66000);
INSERT INTO employees (emp_name, phone, position, dept, region) VALUES ('hbuwrxvepc', '96693811', 'EMP', 'HR', 'NY');
INSERT INTO salary (emp_name, salary) VALUES ('hbuwrxvepc', 32000);
INSERT INTO employees (emp_name, phone, position, dept, region) VALUES ('xsthxahgjy', '95049053', 'EMP', 'HR', 'SF');
INSERT INTO salary (emp_name, salary) VALUES ('xsthxahgjy', 34000);
INSERT INTO employees (emp_name, phone, position, dept, region) VALUES ('ayjreuebuh', '90606208', 'DIR', 'FIN', 'GLOBAL');
INSERT INTO salary (emp_name, salary) VALUES ('ayjreuebuh', 92000);
INSERT INTO employees (emp_name, phone, position, dept, region) VALUES ('mswmdhgvdc', '98486006', 'DIR', 'FIN', 'APAC');
INSERT INTO salary (emp_name, salary) VALUES ('mswmdhgvdc', 60000);
INSERT INTO employees (emp_name, phone, position, dept, region) VALUES ('kzvgvderts', '90498757', 'DIR', 'FIN', 'SG');
INSERT INTO salary (emp_name, salary) VALUES ('kzvgvderts', 97000);
INSERT INTO employees (emp_name, phone, position, dept, region) VALUES ('puxbzgbstt', '95756505', 'DIR', 'FIN', 'HK');
INSERT INTO salary (emp_name, salary) VALUES ('puxbzgbstt', 63000);
INSERT INTO employees (emp_name, phone, position, dept, region) VALUES ('hotiajanzm', '93692409', 'DIR', 'FIN', 'EMEA');
INSERT INTO salary (emp_name, salary) VALUES ('hotiajanzm', 52000);
INSERT INTO employees (emp_name, phone, position, dept, region) VALUES ('tesxjrtqgd', '98569944', 'DIR', 'FIN', 'LON');
INSERT INTO salary (emp_name, salary) VALUES ('tesxjrtqgd', 62000);
INSERT INTO employees (emp_name, phone, position, dept, region) VALUES ('wxluluffru', '98266702', 'DIR', 'FIN', 'PAR');
INSERT INTO salary (emp_name, salary) VALUES ('wxluluffru', 38000);
INSERT INTO employees (emp_name, phone, position, dept, region) VALUES ('rsyzapskos', '95490351', 'DIR', 'FIN', 'AMER');
INSERT INTO salary (emp_name, salary) VALUES ('rsyzapskos', 32000);
INSERT INTO employees (emp_name, phone, position, dept, region) VALUES ('sozecgewqd', '97960430', 'DIR', 'FIN', 'NY');
INSERT INTO salary (emp_name, salary) VALUES ('sozecgewqd', 88000);
INSERT INTO employees (emp_name, phone, position, dept, region) VALUES ('wxxbrfxrce', '98393575', 'DIR', 'FIN', 'SF');
INSERT INTO salary (emp_name, salary) VALUES ('wxxbrfxrce', 77000);
INSERT INTO employees (emp_name, phone, position, dept, region) VALUES ('jynuwodfxz', '94605546', 'MGR', 'FIN', 'GLOBAL');
INSERT INTO salary (emp_name, salary) VALUES ('jynuwodfxz', 76000);
INSERT INTO employees (emp_name, phone, position, dept, region) VALUES ('puardvkmiv', '93823222', 'MGR', 'FIN', 'APAC');
INSERT INTO salary (emp_name, salary) VALUES ('puardvkmiv', 75000);
INSERT INTO employees (emp_name, phone, position, dept, region) VALUES ('mqzyfzwcfw', '97087498', 'MGR', 'FIN', 'SG');
INSERT INTO salary (emp_name, salary) VALUES ('mqzyfzwcfw', 65000);
INSERT INTO employees (emp_name, phone, position, dept, region) VALUES ('uzmfqspjez', '94510107', 'MGR', 'FIN', 'HK');
INSERT INTO salary (emp_name, salary) VALUES ('uzmfqspjez', 84000);
INSERT INTO employees (emp_name, phone, position, dept, region) VALUES ('pngqvdqbps', '99880019', 'MGR', 'FIN', 'EMEA');
INSERT INTO salary (emp_name, salary) VALUES ('pngqvdqbps', 98000);
INSERT INTO employees (emp_name, phone, position, dept, region) VALUES ('zsjjpgwack', '99988467', 'MGR', 'FIN', 'LON');
INSERT INTO salary (emp_name, salary) VALUES ('zsjjpgwack', 91000);
INSERT INTO employees (emp_name, phone, position, dept, region) VALUES ('yhjadtuusx', '94587649', 'MGR', 'FIN', 'PAR');
INSERT INTO salary (emp_name, salary) VALUES ('yhjadtuusx', 34000);
INSERT INTO employees (emp_name, phone, position, dept, region) VALUES ('koeyezfzbq', '94469260', 'MGR', 'FIN', 'AMER');
INSERT INTO salary (emp_name, salary) VALUES ('koeyezfzbq', 32000);
INSERT INTO employees (emp_name, phone, position, dept, region) VALUES ('knbldpgcjj', '95914215', 'MGR', 'FIN', 'NY');
INSERT INTO salary (emp_name, salary) VALUES ('knbldpgcjj', 73000);
INSERT INTO employees (emp_name, phone, position, dept, region) VALUES ('rqjsofqcgn', '96547302', 'MGR', 'FIN', 'SF');
INSERT INTO salary (emp_name, salary) VALUES ('rqjsofqcgn', 99000);
INSERT INTO employees (emp_name, phone, position, dept, region) VALUES ('doyaaogzkv', '92834711', 'EMP', 'FIN', 'GLOBAL');
INSERT INTO salary (emp_name, salary) VALUES ('doyaaogzkv', 70000);
INSERT INTO employees (emp_name, phone, position, dept, region) VALUES ('wgjnwcuccd', '90623682', 'EMP', 'FIN', 'APAC');
INSERT INTO salary (emp_name, salary) VALUES ('wgjnwcuccd', 56000);
INSERT INTO employees (emp_name, phone, position, dept, region) VALUES ('xmcgyyuqxe', '93290652', 'EMP', 'FIN', 'SG');
INSERT INTO salary (emp_name, salary) VALUES ('xmcgyyuqxe', 57000);
INSERT INTO employees (emp_name, phone, position, dept, region) VALUES ('fiepdykkot', '92760014', 'EMP', 'FIN', 'HK');
INSERT INTO salary (emp_name, salary) VALUES ('fiepdykkot', 81000);
INSERT INTO employees (emp_name, phone, position, dept, region) VALUES ('kaeflghtno', '97940967', 'EMP', 'FIN', 'EMEA');
INSERT INTO salary (emp_name, salary) VALUES ('kaeflghtno', 84000);
INSERT INTO employees (emp_name, phone, position, dept, region) VALUES ('unnmcozsbb', '94153312', 'EMP', 'FIN', 'LON');
INSERT INTO salary (emp_name, salary) VALUES ('unnmcozsbb', 98000);
INSERT INTO employees (emp_name, phone, position, dept, region) VALUES ('tywjvgdjjx', '90666977', 'EMP', 'FIN', 'PAR');
INSERT INTO salary (emp_name, salary) VALUES ('tywjvgdjjx', 56000);
INSERT INTO employees (emp_name, phone, position, dept, region) VALUES ('xsduxjcway', '97871140', 'EMP', 'FIN', 'AMER');
INSERT INTO salary (emp_name, salary) VALUES ('xsduxjcway', 55000);
INSERT INTO employees (emp_name, phone, position, dept, region) VALUES ('jrkwueewld', '93704550', 'EMP', 'FIN', 'NY');
INSERT INTO salary (emp_name, salary) VALUES ('jrkwueewld', 80000);
INSERT INTO employees (emp_name, phone, position, dept, region) VALUES ('dwtapaqrpr', '93172729', 'EMP', 'FIN', 'SF');
INSERT INTO salary (emp_name, salary) VALUES ('dwtapaqrpr', 53000);
INSERT INTO employees (emp_name, phone, position, dept, region) VALUES ('ylbznlpobp', '94304151', 'DIR', 'ENG', 'GLOBAL');
INSERT INTO salary (emp_name, salary) VALUES ('ylbznlpobp', 92000);
INSERT INTO employees (emp_name, phone, position, dept, region) VALUES ('kaqcvfdpjw', '99779779', 'DIR', 'ENG', 'APAC');
INSERT INTO salary (emp_name, salary) VALUES ('kaqcvfdpjw', 52000);
INSERT INTO employees (emp_name, phone, position, dept, region) VALUES ('nuqwipxxbp', '94293199', 'DIR', 'ENG', 'SG');
INSERT INTO salary (emp_name, salary) VALUES ('nuqwipxxbp', 87000);
INSERT INTO employees (emp_name, phone, position, dept, region) VALUES ('wiarjoeete', '97730607', 'DIR', 'ENG', 'HK');
INSERT INTO salary (emp_name, salary) VALUES ('wiarjoeete', 40000);
INSERT INTO employees (emp_name, phone, position, dept, region) VALUES ('nceuqorqpm', '98159729', 'DIR', 'ENG', 'EMEA');
INSERT INTO salary (emp_name, salary) VALUES ('nceuqorqpm', 34000);
INSERT INTO employees (emp_name, phone, position, dept, region) VALUES ('kcswipvxnb', '90825563', 'DIR', 'ENG', 'LON');
INSERT INTO salary (emp_name, salary) VALUES ('kcswipvxnb', 56000);
INSERT INTO employees (emp_name, phone, position, dept, region) VALUES ('vwqrpiglun', '99931313', 'DIR', 'ENG', 'PAR');
INSERT INTO salary (emp_name, salary) VALUES ('vwqrpiglun', 34000);
INSERT INTO employees (emp_name, phone, position, dept, region) VALUES ('smmedgtyxh', '99664792', 'DIR', 'ENG', 'AMER');
INSERT INTO salary (emp_name, salary) VALUES ('smmedgtyxh', 40000);
INSERT INTO employees (emp_name, phone, position, dept, region) VALUES ('qbacfsjisr', '92478754', 'DIR', 'ENG', 'NY');
INSERT INTO salary (emp_name, salary) VALUES ('qbacfsjisr', 77000);
INSERT INTO employees (emp_name, phone, position, dept, region) VALUES ('ubsmjgkyfv', '97077284', 'DIR', 'ENG', 'SF');
INSERT INTO salary (emp_name, salary) VALUES ('ubsmjgkyfv', 39000);
INSERT INTO employees (emp_name, phone, position, dept, region) VALUES ('rssbbfvvsj', '90814531', 'MGR', 'ENG', 'GLOBAL');
INSERT INTO salary (emp_name, salary) VALUES ('rssbbfvvsj', 56000);
INSERT INTO employees (emp_name, phone, position, dept, region) VALUES ('vlpwcgnlmi', '98070545', 'MGR', 'ENG', 'APAC');
INSERT INTO salary (emp_name, salary) VALUES ('vlpwcgnlmi', 87000);
INSERT INTO employees (emp_name, phone, position, dept, region) VALUES ('dpxhjilcrj', '94936724', 'MGR', 'ENG', 'SG');
INSERT INTO salary (emp_name, salary) VALUES ('dpxhjilcrj', 71000);
INSERT INTO employees (emp_name, phone, position, dept, region) VALUES ('uzzdovdbmt', '98549580', 'MGR', 'ENG', 'HK');
INSERT INTO salary (emp_name, salary) VALUES ('uzzdovdbmt', 74000);
INSERT INTO employees (emp_name, phone, position, dept, region) VALUES ('tluvxcuuej', '95886296', 'MGR', 'ENG', 'EMEA');
INSERT INTO salary (emp_name, salary) VALUES ('tluvxcuuej', 96000);
INSERT INTO employees (emp_name, phone, position, dept, region) VALUES ('vpmlccoojh', '97878721', 'MGR', 'ENG', 'LON');
INSERT INTO salary (emp_name, salary) VALUES ('vpmlccoojh', 32000);
INSERT INTO employees (emp_name, phone, position, dept, region) VALUES ('uytyfbvsmn', '93856815', 'MGR', 'ENG', 'PAR');
INSERT INTO salary (emp_name, salary) VALUES ('uytyfbvsmn', 37000);
INSERT INTO employees (emp_name, phone, position, dept, region) VALUES ('ngrqxkffcd', '96255451', 'MGR', 'ENG', 'AMER');
INSERT INTO salary (emp_name, salary) VALUES ('ngrqxkffcd', 74000);
INSERT INTO employees (emp_name, phone, position, dept, region) VALUES ('dogartklik', '94789864', 'MGR', 'ENG', 'NY');
INSERT INTO salary (emp_name, salary) VALUES ('dogartklik', 60000);
INSERT INTO employees (emp_name, phone, position, dept, region) VALUES ('kwbbrdnhtd', '99240581', 'MGR', 'ENG', 'SF');
INSERT INTO salary (emp_name, salary) VALUES ('kwbbrdnhtd', 61000);
INSERT INTO employees (emp_name, phone, position, dept, region) VALUES ('wozeiwihiv', '96070307', 'EMP', 'ENG', 'GLOBAL');
INSERT INTO salary (emp_name, salary) VALUES ('wozeiwihiv', 45000);
INSERT INTO employees (emp_name, phone, position, dept, region) VALUES ('kvzaqzwkax', '92787167', 'EMP', 'ENG', 'APAC');
INSERT INTO salary (emp_name, salary) VALUES ('kvzaqzwkax', 73000);
INSERT INTO employees (emp_name, phone, position, dept, region) VALUES ('pyapuhjnom', '94581001', 'EMP', 'ENG', 'SG');
INSERT INTO salary (emp_name, salary) VALUES ('pyapuhjnom', 43000);
INSERT INTO employees (emp_name, phone, position, dept, region) VALUES ('pdqwdmgcgp', '93717454', 'EMP', 'ENG', 'HK');
INSERT INTO salary (emp_name, salary) VALUES ('pdqwdmgcgp', 63000);
INSERT INTO employees (emp_name, phone, position, dept, region) VALUES ('vuvmfydtgg', '91656555', 'EMP', 'ENG', 'EMEA');
INSERT INTO salary (emp_name, salary) VALUES ('vuvmfydtgg', 35000);
INSERT INTO employees (emp_name, phone, position, dept, region) VALUES ('bgtyjbqozk', '99642231', 'EMP', 'ENG', 'LON');
INSERT INTO salary (emp_name, salary) VALUES ('bgtyjbqozk', 83000);
INSERT INTO employees (emp_name, phone, position, dept, region) VALUES ('pezelwpqyk', '92692544', 'EMP', 'ENG', 'PAR');
INSERT INTO salary (emp_name, salary) VALUES ('pezelwpqyk', 59000);
INSERT INTO employees (emp_name, phone, position, dept, region) VALUES ('dtatcaeesh', '92648929', 'EMP', 'ENG', 'AMER');
INSERT INTO salary (emp_name, salary) VALUES ('dtatcaeesh', 58000);
INSERT INTO employees (emp_name, phone, position, dept, region) VALUES ('srnqrwnoxt', '95693145', 'EMP', 'ENG', 'NY');
INSERT INTO salary (emp_name, salary) VALUES ('srnqrwnoxt', 40000);
INSERT INTO employees (emp_name, phone, position, dept, region) VALUES ('tqahkfjyyn', '90302916', 'EMP', 'ENG', 'SF');
INSERT INTO salary (emp_name, salary) VALUES ('tqahkfjyyn', 73000);
INSERT INTO employees (emp_name, phone, position, dept, region) VALUES ('etvuxukgqk', '98192354', 'DIR', 'HR', 'GLOBAL');
INSERT INTO salary (emp_name, salary) VALUES ('etvuxukgqk', 44000);
INSERT INTO employees (emp_name, phone, position, dept, region) VALUES ('crvpbjyhui', '97024709', 'DIR', 'HR', 'APAC');
INSERT INTO salary (emp_name, salary) VALUES ('crvpbjyhui', 75000);
INSERT INTO employees (emp_name, phone, position, dept, region) VALUES ('xhimcezavc', '94856110', 'DIR', 'HR', 'SG');
INSERT INTO salary (emp_name, salary) VALUES ('xhimcezavc', 91000);
INSERT INTO employees (emp_name, phone, position, dept, region) VALUES ('ntrbfpohqj', '93250910', 'DIR', 'HR', 'HK');
INSERT INTO salary (emp_name, salary) VALUES ('ntrbfpohqj', 43000);
INSERT INTO employees (emp_name, phone, position, dept, region) VALUES ('ctrlbaiwke', '92947148', 'DIR', 'HR', 'EMEA');
INSERT INTO salary (emp_name, salary) VALUES ('ctrlbaiwke', 97000);
INSERT INTO employees (emp_name, phone, position, dept, region) VALUES ('vezasyqojq', '97704952', 'DIR', 'HR', 'LON');
INSERT INTO salary (emp_name, salary) VALUES ('vezasyqojq', 53000);
INSERT INTO employees (emp_name, phone, position, dept, region) VALUES ('edticdpiba', '91038289', 'DIR', 'HR', 'PAR');
INSERT INTO salary (emp_name, salary) VALUES ('edticdpiba', 98000);
INSERT INTO employees (emp_name, phone, position, dept, region) VALUES ('bbozdxntjg', '91219700', 'DIR', 'HR', 'AMER');
INSERT INTO salary (emp_name, salary) VALUES ('bbozdxntjg', 100000);
INSERT INTO employees (emp_name, phone, position, dept, region) VALUES ('afpznmqmkb', '92404114', 'DIR', 'HR', 'NY');
INSERT INTO salary (emp_name, salary) VALUES ('afpznmqmkb', 40000);
INSERT INTO employees (emp_name, phone, position, dept, region) VALUES ('anqtjbnwpt', '93398010', 'DIR', 'HR', 'SF');
INSERT INTO salary (emp_name, salary) VALUES ('anqtjbnwpt', 93000);
INSERT INTO employees (emp_name, phone, position, dept, region) VALUES ('ckhhhlebvi', '91751809', 'MGR', 'HR', 'GLOBAL');
INSERT INTO salary (emp_name, salary) VALUES ('ckhhhlebvi', 74000);
INSERT INTO employees (emp_name, phone, position, dept, region) VALUES ('ksusarvqai', '93858166', 'MGR', 'HR', 'APAC');
INSERT INTO salary (emp_name, salary) VALUES ('ksusarvqai', 39000);
INSERT INTO employees (emp_name, phone, position, dept, region) VALUES ('jnqgvflucd', '91801024', 'MGR', 'HR', 'SG');
INSERT INTO salary (emp_name, salary) VALUES ('jnqgvflucd', 84000);
INSERT INTO employees (emp_name, phone, position, dept, region) VALUES ('tmecqznqtv', '99327368', 'MGR', 'HR', 'HK');
INSERT INTO salary (emp_name, salary) VALUES ('tmecqznqtv', 70000);
INSERT INTO employees (emp_name, phone, position, dept, region) VALUES ('cefleurdhe', '90592623', 'MGR', 'HR', 'EMEA');
INSERT INTO salary (emp_name, salary) VALUES ('cefleurdhe', 94000);
INSERT INTO employees (emp_name, phone, position, dept, region) VALUES ('mdfsjonuho', '97996015', 'MGR', 'HR', 'LON');
INSERT INTO salary (emp_name, salary) VALUES ('mdfsjonuho', 54000);
INSERT INTO employees (emp_name, phone, position, dept, region) VALUES ('fvmrmvqlph', '97702707', 'MGR', 'HR', 'PAR');
INSERT INTO salary (emp_name, salary) VALUES ('fvmrmvqlph', 33000);
INSERT INTO employees (emp_name, phone, position, dept, region) VALUES ('fboxjxarru', '91068315', 'MGR', 'HR', 'AMER');
INSERT INTO salary (emp_name, salary) VALUES ('fboxjxarru', 81000);
INSERT INTO employees (emp_name, phone, position, dept, region) VALUES ('qxpiseeetp', '98234110', 'MGR', 'HR', 'NY');
INSERT INTO salary (emp_name, salary) VALUES ('qxpiseeetp', 79000);
INSERT INTO employees (emp_name, phone, position, dept, region) VALUES ('ogykrcoxks', '93994594', 'MGR', 'HR', 'SF');
INSERT INTO salary (emp_name, salary) VALUES ('ogykrcoxks', 57000);
INSERT INTO employees (emp_name, phone, position, dept, region) VALUES ('vteddqsuqa', '95188181', 'EMP', 'HR', 'GLOBAL');
INSERT INTO salary (emp_name, salary) VALUES ('vteddqsuqa', 81000);
INSERT INTO employees (emp_name, phone, position, dept, region) VALUES ('dvhpxlrlwm', '94081758', 'EMP', 'HR', 'APAC');
INSERT INTO salary (emp_name, salary) VALUES ('dvhpxlrlwm', 84000);
INSERT INTO employees (emp_name, phone, position, dept, region) VALUES ('hfjtjcgfrr', '90050145', 'EMP', 'HR', 'SG');
INSERT INTO salary (emp_name, salary) VALUES ('hfjtjcgfrr', 31000);
INSERT INTO employees (emp_name, phone, position, dept, region) VALUES ('gkqwcpmqxy', '96279553', 'EMP', 'HR', 'HK');
INSERT INTO salary (emp_name, salary) VALUES ('gkqwcpmqxy', 37000);
INSERT INTO employees (emp_name, phone, position, dept, region) VALUES ('kxjfusykkl', '93174771', 'EMP', 'HR', 'EMEA');
INSERT INTO salary (emp_name, salary) VALUES ('kxjfusykkl', 66000);
INSERT INTO employees (emp_name, phone, position, dept, region) VALUES ('aaqopzwgsh', '92151764', 'EMP', 'HR', 'LON');
INSERT INTO salary (emp_name, salary) VALUES ('aaqopzwgsh', 57000);
INSERT INTO employees (emp_name, phone, position, dept, region) VALUES ('qafiogfacc', '92787914', 'EMP', 'HR', 'PAR');
INSERT INTO salary (emp_name, salary) VALUES ('qafiogfacc', 57000);
INSERT INTO employees (emp_name, phone, position, dept, region) VALUES ('wyrlzoszcy', '96580015', 'EMP', 'HR', 'AMER');
INSERT INTO salary (emp_name, salary) VALUES ('wyrlzoszcy', 97000);
INSERT INTO employees (emp_name, phone, position, dept, region) VALUES ('rsibkhwfvh', '96032021', 'EMP', 'HR', 'NY');
INSERT INTO salary (emp_name, salary) VALUES ('rsibkhwfvh', 64000);
INSERT INTO employees (emp_name, phone, position, dept, region) VALUES ('dckkeqdlvq', '92817242', 'EMP', 'HR', 'SF');
INSERT INTO salary (emp_name, salary) VALUES ('dckkeqdlvq', 45000);
INSERT INTO employees (emp_name, phone, position, dept, region) VALUES ('ifeyoixjyy', '96059249', 'DIR', 'FIN', 'GLOBAL');
INSERT INTO salary (emp_name, salary) VALUES ('ifeyoixjyy', 84000);
INSERT INTO employees (emp_name, phone, position, dept, region) VALUES ('auuvaffhux', '92954134', 'DIR', 'FIN', 'APAC');
INSERT INTO salary (emp_name, salary) VALUES ('auuvaffhux', 93000);
INSERT INTO employees (emp_name, phone, position, dept, region) VALUES ('avvxglcmrc', '95496920', 'DIR', 'FIN', 'SG');
INSERT INTO salary (emp_name, salary) VALUES ('avvxglcmrc', 60000);
INSERT INTO employees (emp_name, phone, position, dept, region) VALUES ('eknxirdpba', '90816724', 'DIR', 'FIN', 'HK');
INSERT INTO salary (emp_name, salary) VALUES ('eknxirdpba', 53000);
INSERT INTO employees (emp_name, phone, position, dept, region) VALUES ('xcrowwzwpe', '94322770', 'DIR', 'FIN', 'EMEA');
INSERT INTO salary (emp_name, salary) VALUES ('xcrowwzwpe', 33000);
INSERT INTO employees (emp_name, phone, position, dept, region) VALUES ('yylysgtvap', '97969298', 'DIR', 'FIN', 'LON');
INSERT INTO salary (emp_name, salary) VALUES ('yylysgtvap', 78000);
INSERT INTO employees (emp_name, phone, position, dept, region) VALUES ('tzlzuciidu', '94399594', 'DIR', 'FIN', 'PAR');
INSERT INTO salary (emp_name, salary) VALUES ('tzlzuciidu', 97000);
INSERT INTO employees (emp_name, phone, position, dept, region) VALUES ('jepllavlmi', '91794498', 'DIR', 'FIN', 'AMER');
INSERT INTO salary (emp_name, salary) VALUES ('jepllavlmi', 46000);
INSERT INTO employees (emp_name, phone, position, dept, region) VALUES ('zegqhgfarj', '92123263', 'DIR', 'FIN', 'NY');
INSERT INTO salary (emp_name, salary) VALUES ('zegqhgfarj', 79000);
INSERT INTO employees (emp_name, phone, position, dept, region) VALUES ('hunlwqcssn', '96820961', 'DIR', 'FIN', 'SF');
INSERT INTO salary (emp_name, salary) VALUES ('hunlwqcssn', 96000);
INSERT INTO employees (emp_name, phone, position, dept, region) VALUES ('xehfrnleql', '91329106', 'MGR', 'FIN', 'GLOBAL');
INSERT INTO salary (emp_name, salary) VALUES ('xehfrnleql', 45000);
INSERT INTO employees (emp_name, phone, position, dept, region) VALUES ('uwzensleut', '98530480', 'MGR', 'FIN', 'APAC');
INSERT INTO salary (emp_name, salary) VALUES ('uwzensleut', 45000);
INSERT INTO employees (emp_name, phone, position, dept, region) VALUES ('mjpwgfemnb', '92469513', 'MGR', 'FIN', 'SG');
INSERT INTO salary (emp_name, salary) VALUES ('mjpwgfemnb', 45000);
INSERT INTO employees (emp_name, phone, position, dept, region) VALUES ('qjskhmxnep', '92763628', 'MGR', 'FIN', 'HK');
INSERT INTO salary (emp_name, salary) VALUES ('qjskhmxnep', 50000);
INSERT INTO employees (emp_name, phone, position, dept, region) VALUES ('xkznfulfhd', '99450320', 'MGR', 'FIN', 'EMEA');
INSERT INTO salary (emp_name, salary) VALUES ('xkznfulfhd', 50000);
INSERT INTO employees (emp_name, phone, position, dept, region) VALUES ('vmqgvyxhel', '95640263', 'MGR', 'FIN', 'LON');
INSERT INTO salary (emp_name, salary) VALUES ('vmqgvyxhel', 47000);
INSERT INTO employees (emp_name, phone, position, dept, region) VALUES ('zepchnpikm', '91403633', 'MGR', 'FIN', 'PAR');
INSERT INTO salary (emp_name, salary) VALUES ('zepchnpikm', 90000);
INSERT INTO employees (emp_name, phone, position, dept, region) VALUES ('knkkklbxry', '92094848', 'MGR', 'FIN', 'AMER');
INSERT INTO salary (emp_name, salary) VALUES ('knkkklbxry', 65000);
INSERT INTO employees (emp_name, phone, position, dept, region) VALUES ('dzupuluzap', '90985549', 'MGR', 'FIN', 'NY');
INSERT INTO salary (emp_name, salary) VALUES ('dzupuluzap', 83000);
INSERT INTO employees (emp_name, phone, position, dept, region) VALUES ('pwvqtijabc', '95921188', 'MGR', 'FIN', 'SF');
INSERT INTO salary (emp_name, salary) VALUES ('pwvqtijabc', 58000);
INSERT INTO employees (emp_name, phone, position, dept, region) VALUES ('qytxkvzseb', '90938433', 'EMP', 'FIN', 'GLOBAL');
INSERT INTO salary (emp_name, salary) VALUES ('qytxkvzseb', 82000);
INSERT INTO employees (emp_name, phone, position, dept, region) VALUES ('hxenkkabjp', '93666975', 'EMP', 'FIN', 'APAC');
INSERT INTO salary (emp_name, salary) VALUES ('hxenkkabjp', 79000);
INSERT INTO employees (emp_name, phone, position, dept, region) VALUES ('ztqpplqdmc', '94214731', 'EMP', 'FIN', 'SG');
INSERT INTO salary (emp_name, salary) VALUES ('ztqpplqdmc', 59000);
INSERT INTO employees (emp_name, phone, position, dept, region) VALUES ('gopnredxmg', '92734868', 'EMP', 'FIN', 'HK');
INSERT INTO salary (emp_name, salary) VALUES ('gopnredxmg', 97000);
INSERT INTO employees (emp_name, phone, position, dept, region) VALUES ('kmommhekco', '97040317', 'EMP', 'FIN', 'EMEA');
INSERT INTO salary (emp_name, salary) VALUES ('kmommhekco', 42000);
INSERT INTO employees (emp_name, phone, position, dept, region) VALUES ('xysuflxvwi', '98348693', 'EMP', 'FIN', 'LON');
INSERT INTO salary (emp_name, salary) VALUES ('xysuflxvwi', 68000);
INSERT INTO employees (emp_name, phone, position, dept, region) VALUES ('xrkvrxnvth', '90277833', 'EMP', 'FIN', 'PAR');
INSERT INTO salary (emp_name, salary) VALUES ('xrkvrxnvth', 85000);
INSERT INTO employees (emp_name, phone, position, dept, region) VALUES ('pzzdudpxzm', '94630359', 'EMP', 'FIN', 'AMER');
INSERT INTO salary (emp_name, salary) VALUES ('pzzdudpxzm', 36000);
INSERT INTO employees (emp_name, phone, position, dept, region) VALUES ('iebyxtactz', '92956363', 'EMP', 'FIN', 'NY');
INSERT INTO salary (emp_name, salary) VALUES ('iebyxtactz', 64000);
INSERT INTO employees (emp_name, phone, position, dept, region) VALUES ('gjtoryoniy', '98040509', 'EMP', 'FIN', 'SF');
INSERT INTO salary (emp_name, salary) VALUES ('gjtoryoniy', 74000);
INSERT INTO employees (emp_name, phone, position, dept, region) VALUES ('nioedguzod', '95528090', 'DIR', 'ENG', 'GLOBAL');
INSERT INTO salary (emp_name, salary) VALUES ('nioedguzod', 72000);
INSERT INTO employees (emp_name, phone, position, dept, region) VALUES ('dcutmdotpa', '98558697', 'DIR', 'ENG', 'APAC');
INSERT INTO salary (emp_name, salary) VALUES ('dcutmdotpa', 80000);
INSERT INTO employees (emp_name, phone, position, dept, region) VALUES ('sxijjaelfk', '99614355', 'DIR', 'ENG', 'SG');
INSERT INTO salary (emp_name, salary) VALUES ('sxijjaelfk', 63000);
INSERT INTO employees (emp_name, phone, position, dept, region) VALUES ('zudwoetqja', '90204667', 'DIR', 'ENG', 'HK');
INSERT INTO salary (emp_name, salary) VALUES ('zudwoetqja', 95000);
INSERT INTO employees (emp_name, phone, position, dept, region) VALUES ('krsnrqsqdc', '96486926', 'DIR', 'ENG', 'EMEA');
INSERT INTO salary (emp_name, salary) VALUES ('krsnrqsqdc', 38000);
INSERT INTO employees (emp_name, phone, position, dept, region) VALUES ('ebbkpvjedq', '94138942', 'DIR', 'ENG', 'LON');
INSERT INTO salary (emp_name, salary) VALUES ('ebbkpvjedq', 62000);
INSERT INTO employees (emp_name, phone, position, dept, region) VALUES ('ofgemzeeks', '97068289', 'DIR', 'ENG', 'PAR');
INSERT INTO salary (emp_name, salary) VALUES ('ofgemzeeks', 83000);
INSERT INTO employees (emp_name, phone, position, dept, region) VALUES ('dwijhqwohi', '98125282', 'DIR', 'ENG', 'AMER');
INSERT INTO salary (emp_name, salary) VALUES ('dwijhqwohi', 54000);
INSERT INTO employees (emp_name, phone, position, dept, region) VALUES ('akalryxfxa', '96886878', 'DIR', 'ENG', 'NY');
INSERT INTO salary (emp_name, salary) VALUES ('akalryxfxa', 89000);
INSERT INTO employees (emp_name, phone, position, dept, region) VALUES ('ihedggzmvw', '90140552', 'DIR', 'ENG', 'SF');
INSERT INTO salary (emp_name, salary) VALUES ('ihedggzmvw', 65000);
INSERT INTO employees (emp_name, phone, position, dept, region) VALUES ('lnjfvolyug', '96369027', 'MGR', 'ENG', 'GLOBAL');
INSERT INTO salary (emp_name, salary) VALUES ('lnjfvolyug', 80000);
INSERT INTO employees (emp_name, phone, position, dept, region) VALUES ('fsjbkgpsch', '91860158', 'MGR', 'ENG', 'APAC');
INSERT INTO salary (emp_name, salary) VALUES ('fsjbkgpsch', 61000);
INSERT INTO employees (emp_name, phone, position, dept, region) VALUES ('zkudyogyku', '99625656', 'MGR', 'ENG', 'SG');
INSERT INTO salary (emp_name, salary) VALUES ('zkudyogyku', 54000);
INSERT INTO employees (emp_name, phone, position, dept, region) VALUES ('setrmesriv', '90409568', 'MGR', 'ENG', 'HK');
INSERT INTO salary (emp_name, salary) VALUES ('setrmesriv', 65000);
INSERT INTO employees (emp_name, phone, position, dept, region) VALUES ('vwwhpehnvy', '98731414', 'MGR', 'ENG', 'EMEA');
INSERT INTO salary (emp_name, salary) VALUES ('vwwhpehnvy', 56000);
INSERT INTO employees (emp_name, phone, position, dept, region) VALUES ('cddiwcwliu', '95334183', 'MGR', 'ENG', 'LON');
INSERT INTO salary (emp_name, salary) VALUES ('cddiwcwliu', 69000);
INSERT INTO employees (emp_name, phone, position, dept, region) VALUES ('xulfcyzzlm', '95972440', 'MGR', 'ENG', 'PAR');
INSERT INTO salary (emp_name, salary) VALUES ('xulfcyzzlm', 35000);
INSERT INTO employees (emp_name, phone, position, dept, region) VALUES ('tdjjpnqyjo', '97519271', 'MGR', 'ENG', 'AMER');
INSERT INTO salary (emp_name, salary) VALUES ('tdjjpnqyjo', 48000);
INSERT INTO employees (emp_name, phone, position, dept, region) VALUES ('cwfphyfmuc', '93680050', 'MGR', 'ENG', 'NY');
INSERT INTO salary (emp_name, salary) VALUES ('cwfphyfmuc', 92000);
INSERT INTO employees (emp_name, phone, position, dept, region) VALUES ('fkgufbvkwq', '94173654', 'MGR', 'ENG', 'SF');
INSERT INTO salary (emp_name, salary) VALUES ('fkgufbvkwq', 96000);
INSERT INTO employees (emp_name, phone, position, dept, region) VALUES ('hqvngsbuop', '90357002', 'EMP', 'ENG', 'GLOBAL');
INSERT INTO salary (emp_name, salary) VALUES ('hqvngsbuop', 37000);
INSERT INTO employees (emp_name, phone, position, dept, region) VALUES ('cwohvcglhd', '98005340', 'EMP', 'ENG', 'APAC');
INSERT INTO salary (emp_name, salary) VALUES ('cwohvcglhd', 68000);
INSERT INTO employees (emp_name, phone, position, dept, region) VALUES ('knmmsinnki', '99965662', 'EMP', 'ENG', 'SG');
INSERT INTO salary (emp_name, salary) VALUES ('knmmsinnki', 31000);
INSERT INTO employees (emp_name, phone, position, dept, region) VALUES ('mqxxrgvcmq', '95166318', 'EMP', 'ENG', 'HK');
INSERT INTO salary (emp_name, salary) VALUES ('mqxxrgvcmq', 98000);
INSERT INTO employees (emp_name, phone, position, dept, region) VALUES ('mqmjobenft', '93208953', 'EMP', 'ENG', 'EMEA');
INSERT INTO salary (emp_name, salary) VALUES ('mqmjobenft', 64000);
INSERT INTO employees (emp_name, phone, position, dept, region) VALUES ('melenukdey', '97382586', 'EMP', 'ENG', 'LON');
INSERT INTO salary (emp_name, salary) VALUES ('melenukdey', 59000);
INSERT INTO employees (emp_name, phone, position, dept, region) VALUES ('jmscdmwhwo', '98224420', 'EMP', 'ENG', 'PAR');
INSERT INTO salary (emp_name, salary) VALUES ('jmscdmwhwo', 59000);
INSERT INTO employees (emp_name, phone, position, dept, region) VALUES ('pazvuthjni', '98493698', 'EMP', 'ENG', 'AMER');
INSERT INTO salary (emp_name, salary) VALUES ('pazvuthjni', 92000);
INSERT INTO employees (emp_name, phone, position, dept, region) VALUES ('tizyhcysvo', '91521913', 'EMP', 'ENG', 'NY');
INSERT INTO salary (emp_name, salary) VALUES ('tizyhcysvo', 49000);
INSERT INTO employees (emp_name, phone, position, dept, region) VALUES ('rfsygphyef', '95213704', 'EMP', 'ENG', 'SF');
INSERT INTO salary (emp_name, salary) VALUES ('rfsygphyef', 83000);
INSERT INTO employees (emp_name, phone, position, dept, region) VALUES ('dzkpturlzb', '92963932', 'DIR', 'HR', 'GLOBAL');
INSERT INTO salary (emp_name, salary) VALUES ('dzkpturlzb', 92000);
INSERT INTO employees (emp_name, phone, position, dept, region) VALUES ('hbbjapsylq', '96923163', 'DIR', 'HR', 'APAC');
INSERT INTO salary (emp_name, salary) VALUES ('hbbjapsylq', 83000);
INSERT INTO employees (emp_name, phone, position, dept, region) VALUES ('mzhasnetsl', '93492063', 'DIR', 'HR', 'SG');
INSERT INTO salary (emp_name, salary) VALUES ('mzhasnetsl', 36000);
INSERT INTO employees (emp_name, phone, position, dept, region) VALUES ('nmevnvbxay', '90266300', 'DIR', 'HR', 'HK');
INSERT INTO salary (emp_name, salary) VALUES ('nmevnvbxay', 31000);
INSERT INTO employees (emp_name, phone, position, dept, region) VALUES ('qlagywweul', '93109552', 'DIR', 'HR', 'EMEA');
INSERT INTO salary (emp_name, salary) VALUES ('qlagywweul', 34000);
INSERT INTO employees (emp_name, phone, position, dept, region) VALUES ('zmqgyrymoi', '92229833', 'DIR', 'HR', 'LON');
INSERT INTO salary (emp_name, salary) VALUES ('zmqgyrymoi', 73000);
INSERT INTO employees (emp_name, phone, position, dept, region) VALUES ('nsoksbkjwx', '96616628', 'DIR', 'HR', 'PAR');
INSERT INTO salary (emp_name, salary) VALUES ('nsoksbkjwx', 49000);
INSERT INTO employees (emp_name, phone, position, dept, region) VALUES ('kaxnyzejgk', '92372347', 'DIR', 'HR', 'AMER');
INSERT INTO salary (emp_name, salary) VALUES ('kaxnyzejgk', 85000);
INSERT INTO employees (emp_name, phone, position, dept, region) VALUES ('izwvlcvama', '93616814', 'DIR', 'HR', 'NY');
INSERT INTO salary (emp_name, salary) VALUES ('izwvlcvama', 43000);
INSERT INTO employees (emp_name, phone, position, dept, region) VALUES ('nlphddglys', '93849225', 'DIR', 'HR', 'SF');
INSERT INTO salary (emp_name, salary) VALUES ('nlphddglys', 80000);
INSERT INTO employees (emp_name, phone, position, dept, region) VALUES ('uvujzgxgjp', '99691234', 'MGR', 'HR', 'GLOBAL');
INSERT INTO salary (emp_name, salary) VALUES ('uvujzgxgjp', 72000);
INSERT INTO employees (emp_name, phone, position, dept, region) VALUES ('svrnxfhdeb', '95054161', 'MGR', 'HR', 'APAC');
INSERT INTO salary (emp_name, salary) VALUES ('svrnxfhdeb', 54000);
INSERT INTO employees (emp_name, phone, position, dept, region) VALUES ('jdmsrefjmr', '97720284', 'MGR', 'HR', 'SG');
INSERT INTO salary (emp_name, salary) VALUES ('jdmsrefjmr', 56000);
INSERT INTO employees (emp_name, phone, position, dept, region) VALUES ('ricuhgwiyp', '95730164', 'MGR', 'HR', 'HK');
INSERT INTO salary (emp_name, salary) VALUES ('ricuhgwiyp', 70000);
INSERT INTO employees (emp_name, phone, position, dept, region) VALUES ('vfhynvhvbp', '91586380', 'MGR', 'HR', 'EMEA');
INSERT INTO salary (emp_name, salary) VALUES ('vfhynvhvbp', 90000);
INSERT INTO employees (emp_name, phone, position, dept, region) VALUES ('ajfaevblpc', '90092133', 'MGR', 'HR', 'LON');
INSERT INTO salary (emp_name, salary) VALUES ('ajfaevblpc', 68000);
INSERT INTO employees (emp_name, phone, position, dept, region) VALUES ('kqrrfdmkff', '91104216', 'MGR', 'HR', 'PAR');
INSERT INTO salary (emp_name, salary) VALUES ('kqrrfdmkff', 54000);
INSERT INTO employees (emp_name, phone, position, dept, region) VALUES ('ihggvsmpgh', '98015140', 'MGR', 'HR', 'AMER');
INSERT INTO salary (emp_name, salary) VALUES ('ihggvsmpgh', 93000);
INSERT INTO employees (emp_name, phone, position, dept, region) VALUES ('hhwwdnirhq', '98047729', 'MGR', 'HR', 'NY');
INSERT INTO salary (emp_name, salary) VALUES ('hhwwdnirhq', 30000);
INSERT INTO employees (emp_name, phone, position, dept, region) VALUES ('tjxsusguzx', '97927580', 'MGR', 'HR', 'SF');
INSERT INTO salary (emp_name, salary) VALUES ('tjxsusguzx', 37000);
INSERT INTO employees (emp_name, phone, position, dept, region) VALUES ('pgaopovcwu', '94349110', 'EMP', 'HR', 'GLOBAL');
INSERT INTO salary (emp_name, salary) VALUES ('pgaopovcwu', 38000);
INSERT INTO employees (emp_name, phone, position, dept, region) VALUES ('tzesnyixwa', '96553012', 'EMP', 'HR', 'APAC');
INSERT INTO salary (emp_name, salary) VALUES ('tzesnyixwa', 35000);
INSERT INTO employees (emp_name, phone, position, dept, region) VALUES ('aiczzgpowc', '92613995', 'EMP', 'HR', 'SG');
INSERT INTO salary (emp_name, salary) VALUES ('aiczzgpowc', 79000);
INSERT INTO employees (emp_name, phone, position, dept, region) VALUES ('zqazaxppwz', '94241125', 'EMP', 'HR', 'HK');
INSERT INTO salary (emp_name, salary) VALUES ('zqazaxppwz', 62000);
INSERT INTO employees (emp_name, phone, position, dept, region) VALUES ('mvbqpyizhs', '96962385', 'EMP', 'HR', 'EMEA');
INSERT INTO salary (emp_name, salary) VALUES ('mvbqpyizhs', 83000);
INSERT INTO employees (emp_name, phone, position, dept, region) VALUES ('zktucwzrnu', '99537659', 'EMP', 'HR', 'LON');
INSERT INTO salary (emp_name, salary) VALUES ('zktucwzrnu', 57000);
INSERT INTO employees (emp_name, phone, position, dept, region) VALUES ('iwoxrhyllr', '90412989', 'EMP', 'HR', 'PAR');
INSERT INTO salary (emp_name, salary) VALUES ('iwoxrhyllr', 94000);
INSERT INTO employees (emp_name, phone, position, dept, region) VALUES ('rusrayxrwp', '96826850', 'EMP', 'HR', 'AMER');
INSERT INTO salary (emp_name, salary) VALUES ('rusrayxrwp', 81000);
INSERT INTO employees (emp_name, phone, position, dept, region) VALUES ('dnhwbbpjcv', '99839101', 'EMP', 'HR', 'NY');
INSERT INTO salary (emp_name, salary) VALUES ('dnhwbbpjcv', 71000);
INSERT INTO employees (emp_name, phone, position, dept, region) VALUES ('jphtkctitb', '96073701', 'EMP', 'HR', 'SF');
INSERT INTO salary (emp_name, salary) VALUES ('jphtkctitb', 77000);
INSERT INTO employees (emp_name, phone, position, dept, region) VALUES ('yjxjdjckud', '94378824', 'DIR', 'FIN', 'GLOBAL');
INSERT INTO salary (emp_name, salary) VALUES ('yjxjdjckud', 47000);
INSERT INTO employees (emp_name, phone, position, dept, region) VALUES ('fpsgawhbcn', '99901123', 'DIR', 'FIN', 'APAC');
INSERT INTO salary (emp_name, salary) VALUES ('fpsgawhbcn', 80000);
INSERT INTO employees (emp_name, phone, position, dept, region) VALUES ('aotnwoesna', '99685964', 'DIR', 'FIN', 'SG');
INSERT INTO salary (emp_name, salary) VALUES ('aotnwoesna', 58000);
INSERT INTO employees (emp_name, phone, position, dept, region) VALUES ('blxsmawlaa', '97630785', 'DIR', 'FIN', 'HK');
INSERT INTO salary (emp_name, salary) VALUES ('blxsmawlaa', 35000);
INSERT INTO employees (emp_name, phone, position, dept, region) VALUES ('vgrooajhft', '96003621', 'DIR', 'FIN', 'EMEA');
INSERT INTO salary (emp_name, salary) VALUES ('vgrooajhft', 72000);
INSERT INTO employees (emp_name, phone, position, dept, region) VALUES ('pnwqdnyuom', '97602993', 'DIR', 'FIN', 'LON');
INSERT INTO salary (emp_name, salary) VALUES ('pnwqdnyuom', 55000);
INSERT INTO employees (emp_name, phone, position, dept, region) VALUES ('vphowbfbti', '91134042', 'DIR', 'FIN', 'PAR');
INSERT INTO salary (emp_name, salary) VALUES ('vphowbfbti', 54000);
INSERT INTO employees (emp_name, phone, position, dept, region) VALUES ('esujjddaji', '91515467', 'DIR', 'FIN', 'AMER');
INSERT INTO salary (emp_name, salary) VALUES ('esujjddaji', 77000);
INSERT INTO employees (emp_name, phone, position, dept, region) VALUES ('tqamgxotoa', '93514411', 'DIR', 'FIN', 'NY');
INSERT INTO salary (emp_name, salary) VALUES ('tqamgxotoa', 64000);
INSERT INTO employees (emp_name, phone, position, dept, region) VALUES ('igjrendcvq', '99612440', 'DIR', 'FIN', 'SF');
INSERT INTO salary (emp_name, salary) VALUES ('igjrendcvq', 85000);
INSERT INTO employees (emp_name, phone, position, dept, region) VALUES ('zpuqvkufnv', '99305921', 'MGR', 'FIN', 'GLOBAL');
INSERT INTO salary (emp_name, salary) VALUES ('zpuqvkufnv', 80000);
INSERT INTO employees (emp_name, phone, position, dept, region) VALUES ('pkdeymzedh', '93362172', 'MGR', 'FIN', 'APAC');
INSERT INTO salary (emp_name, salary) VALUES ('pkdeymzedh', 90000);
INSERT INTO employees (emp_name, phone, position, dept, region) VALUES ('eopqodotqr', '94383682', 'MGR', 'FIN', 'SG');
INSERT INTO salary (emp_name, salary) VALUES ('eopqodotqr', 95000);
INSERT INTO employees (emp_name, phone, position, dept, region) VALUES ('nrdzpsgetu', '96863895', 'MGR', 'FIN', 'HK');
INSERT INTO salary (emp_name, salary) VALUES ('nrdzpsgetu', 58000);
INSERT INTO employees (emp_name, phone, position, dept, region) VALUES ('cgyjywweap', '90656393', 'MGR', 'FIN', 'EMEA');
INSERT INTO salary (emp_name, salary) VALUES ('cgyjywweap', 91000);
INSERT INTO employees (emp_name, phone, position, dept, region) VALUES ('jlpmsgoduv', '91527965', 'MGR', 'FIN', 'LON');
INSERT INTO salary (emp_name, salary) VALUES ('jlpmsgoduv', 36000);
INSERT INTO employees (emp_name, phone, position, dept, region) VALUES ('zyvquovcmq', '94515703', 'MGR', 'FIN', 'PAR');
INSERT INTO salary (emp_name, salary) VALUES ('zyvquovcmq', 72000);
INSERT INTO employees (emp_name, phone, position, dept, region) VALUES ('gihkoqlblh', '93487645', 'MGR', 'FIN', 'AMER');
INSERT INTO salary (emp_name, salary) VALUES ('gihkoqlblh', 53000);
INSERT INTO employees (emp_name, phone, position, dept, region) VALUES ('spqdltrras', '96321385', 'MGR', 'FIN', 'NY');
INSERT INTO salary (emp_name, salary) VALUES ('spqdltrras', 91000);
INSERT INTO employees (emp_name, phone, position, dept, region) VALUES ('hpznkjlrxb', '92499814', 'MGR', 'FIN', 'SF');
INSERT INTO salary (emp_name, salary) VALUES ('hpznkjlrxb', 66000);
INSERT INTO employees (emp_name, phone, position, dept, region) VALUES ('peonejysez', '99587753', 'EMP', 'FIN', 'GLOBAL');
INSERT INTO salary (emp_name, salary) VALUES ('peonejysez', 84000);
INSERT INTO employees (emp_name, phone, position, dept, region) VALUES ('msvkqmxtmt', '98970927', 'EMP', 'FIN', 'APAC');
INSERT INTO salary (emp_name, salary) VALUES ('msvkqmxtmt', 81000);
INSERT INTO employees (emp_name, phone, position, dept, region) VALUES ('eyinceevwp', '96043573', 'EMP', 'FIN', 'SG');
INSERT INTO salary (emp_name, salary) VALUES ('eyinceevwp', 86000);
INSERT INTO employees (emp_name, phone, position, dept, region) VALUES ('epiwrghzlq', '95807029', 'EMP', 'FIN', 'HK');
INSERT INTO salary (emp_name, salary) VALUES ('epiwrghzlq', 52000);
INSERT INTO employees (emp_name, phone, position, dept, region) VALUES ('jcpdwfpbiy', '93126970', 'EMP', 'FIN', 'EMEA');
INSERT INTO salary (emp_name, salary) VALUES ('jcpdwfpbiy', 57000);
INSERT INTO employees (emp_name, phone, position, dept, region) VALUES ('eiixyrbjmv', '94412239', 'EMP', 'FIN', 'LON');
INSERT INTO salary (emp_name, salary) VALUES ('eiixyrbjmv', 62000);
INSERT INTO employees (emp_name, phone, position, dept, region) VALUES ('pbmcduplax', '92951044', 'EMP', 'FIN', 'PAR');
INSERT INTO salary (emp_name, salary) VALUES ('pbmcduplax', 43000);
INSERT INTO employees (emp_name, phone, position, dept, region) VALUES ('qupwhfzmct', '93698357', 'EMP', 'FIN', 'AMER');
INSERT INTO salary (emp_name, salary) VALUES ('qupwhfzmct', 43000);
INSERT INTO employees (emp_name, phone, position, dept, region) VALUES ('hqgdzyynrl', '91187828', 'EMP', 'FIN', 'NY');
INSERT INTO salary (emp_name, salary) VALUES ('hqgdzyynrl', 68000);
INSERT INTO employees (emp_name, phone, position, dept, region) VALUES ('ifjpeoxanc', '97325827', 'EMP', 'FIN', 'SF');
INSERT INTO salary (emp_name, salary) VALUES ('ifjpeoxanc', 94000);
INSERT INTO employees (emp_name, phone, position, dept, region) VALUES ('wmooyxqlhj', '98139999', 'DIR', 'ENG', 'GLOBAL');
INSERT INTO salary (emp_name, salary) VALUES ('wmooyxqlhj', 97000);
INSERT INTO employees (emp_name, phone, position, dept, region) VALUES ('ijlsqtlpgr', '97216865', 'DIR', 'ENG', 'APAC');
INSERT INTO salary (emp_name, salary) VALUES ('ijlsqtlpgr', 46000);
INSERT INTO employees (emp_name, phone, position, dept, region) VALUES ('rjxwcozxev', '92115254', 'DIR', 'ENG', 'SG');
INSERT INTO salary (emp_name, salary) VALUES ('rjxwcozxev', 98000);
INSERT INTO employees (emp_name, phone, position, dept, region) VALUES ('nmgkhssycz', '99347124', 'DIR', 'ENG', 'HK');
INSERT INTO salary (emp_name, salary) VALUES ('nmgkhssycz', 32000);
INSERT INTO employees (emp_name, phone, position, dept, region) VALUES ('zoydhkplnm', '99024383', 'DIR', 'ENG', 'EMEA');
INSERT INTO salary (emp_name, salary) VALUES ('zoydhkplnm', 51000);
INSERT INTO employees (emp_name, phone, position, dept, region) VALUES ('qqutienili', '93603753', 'DIR', 'ENG', 'LON');
INSERT INTO salary (emp_name, salary) VALUES ('qqutienili', 87000);
INSERT INTO employees (emp_name, phone, position, dept, region) VALUES ('cqcflbjymx', '98897812', 'DIR', 'ENG', 'PAR');
INSERT INTO salary (emp_name, salary) VALUES ('cqcflbjymx', 89000);
INSERT INTO employees (emp_name, phone, position, dept, region) VALUES ('inslvnwjfs', '96036608', 'DIR', 'ENG', 'AMER');
INSERT INTO salary (emp_name, salary) VALUES ('inslvnwjfs', 88000);
INSERT INTO employees (emp_name, phone, position, dept, region) VALUES ('jqbyxjlkki', '90924442', 'DIR', 'ENG', 'NY');
INSERT INTO salary (emp_name, salary) VALUES ('jqbyxjlkki', 63000);
INSERT INTO employees (emp_name, phone, position, dept, region) VALUES ('wqhkeogtnm', '91912786', 'DIR', 'ENG', 'SF');
INSERT INTO salary (emp_name, salary) VALUES ('wqhkeogtnm', 78000);
INSERT INTO employees (emp_name, phone, position, dept, region) VALUES ('jpluqddraw', '99847256', 'MGR', 'ENG', 'GLOBAL');
INSERT INTO salary (emp_name, salary) VALUES ('jpluqddraw', 63000);
INSERT INTO employees (emp_name, phone, position, dept, region) VALUES ('vsvtmgvhbs', '91485667', 'MGR', 'ENG', 'APAC');
INSERT INTO salary (emp_name, salary) VALUES ('vsvtmgvhbs', 49000);
INSERT INTO employees (emp_name, phone, position, dept, region) VALUES ('swqctsgcon', '99990998', 'MGR', 'ENG', 'SG');
INSERT INTO salary (emp_name, salary) VALUES ('swqctsgcon', 82000);
INSERT INTO employees (emp_name, phone, position, dept, region) VALUES ('dvquekfdna', '94688927', 'MGR', 'ENG', 'HK');
INSERT INTO salary (emp_name, salary) VALUES ('dvquekfdna', 71000);
INSERT INTO employees (emp_name, phone, position, dept, region) VALUES ('daxvhnwzdf', '91312741', 'MGR', 'ENG', 'EMEA');
INSERT INTO salary (emp_name, salary) VALUES ('daxvhnwzdf', 66000);
INSERT INTO employees (emp_name, phone, position, dept, region) VALUES ('phoodbdyqc', '96208925', 'MGR', 'ENG', 'LON');
INSERT INTO salary (emp_name, salary) VALUES ('phoodbdyqc', 58000);
INSERT INTO employees (emp_name, phone, position, dept, region) VALUES ('tnlrkngcco', '91583861', 'MGR', 'ENG', 'PAR');
INSERT INTO salary (emp_name, salary) VALUES ('tnlrkngcco', 40000);
INSERT INTO employees (emp_name, phone, position, dept, region) VALUES ('ycjherhydj', '96311578', 'MGR', 'ENG', 'AMER');
INSERT INTO salary (emp_name, salary) VALUES ('ycjherhydj', 50000);
INSERT INTO employees (emp_name, phone, position, dept, region) VALUES ('mqlhheiaje', '94497532', 'MGR', 'ENG', 'NY');
INSERT INTO salary (emp_name, salary) VALUES ('mqlhheiaje', 82000);
INSERT INTO employees (emp_name, phone, position, dept, region) VALUES ('diagifmkld', '97663216', 'MGR', 'ENG', 'SF');
INSERT INTO salary (emp_name, salary) VALUES ('diagifmkld', 50000);
INSERT INTO employees (emp_name, phone, position, dept, region) VALUES ('lvlmurbbdt', '91476263', 'EMP', 'ENG', 'GLOBAL');
INSERT INTO salary (emp_name, salary) VALUES ('lvlmurbbdt', 53000);
INSERT INTO employees (emp_name, phone, position, dept, region) VALUES ('ekuocqmihh', '97816892', 'EMP', 'ENG', 'APAC');
INSERT INTO salary (emp_name, salary) VALUES ('ekuocqmihh', 34000);
INSERT INTO employees (emp_name, phone, position, dept, region) VALUES ('gdamoqewgy', '99095126', 'EMP', 'ENG', 'SG');
INSERT INTO salary (emp_name, salary) VALUES ('gdamoqewgy', 96000);
INSERT INTO employees (emp_name, phone, position, dept, region) VALUES ('bmlxngiyut', '94409788', 'EMP', 'ENG', 'HK');
INSERT INTO salary (emp_name, salary) VALUES ('bmlxngiyut', 80000);
INSERT INTO employees (emp_name, phone, position, dept, region) VALUES ('hwrqvlclbe', '93873923', 'EMP', 'ENG', 'EMEA');
INSERT INTO salary (emp_name, salary) VALUES ('hwrqvlclbe', 87000);
INSERT INTO employees (emp_name, phone, position, dept, region) VALUES ('igkruzwhuu', '93398061', 'EMP', 'ENG', 'LON');
INSERT INTO salary (emp_name, salary) VALUES ('igkruzwhuu', 49000);
INSERT INTO employees (emp_name, phone, position, dept, region) VALUES ('ljzrdkewom', '92164860', 'EMP', 'ENG', 'PAR');
INSERT INTO salary (emp_name, salary) VALUES ('ljzrdkewom', 84000);
INSERT INTO employees (emp_name, phone, position, dept, region) VALUES ('ffmkpvnvtk', '99763089', 'EMP', 'ENG', 'AMER');
INSERT INTO salary (emp_name, salary) VALUES ('ffmkpvnvtk', 78000);
INSERT INTO employees (emp_name, phone, position, dept, region) VALUES ('lpgwkguuty', '98171397', 'EMP', 'ENG', 'NY');
INSERT INTO salary (emp_name, salary) VALUES ('lpgwkguuty', 56000);
INSERT INTO employees (emp_name, phone, position, dept, region) VALUES ('ywamvpjjkl', '94153242', 'EMP', 'ENG', 'SF');
INSERT INTO salary (emp_name, salary) VALUES ('ywamvpjjkl', 53000);
INSERT INTO projects (proj_name, description, eng_type, region) VALUES ('srifwhgpbf', 'zcjttvsiifxbrshhpxbluahaltdqvx', 'FE', 'GLOBAL');
INSERT INTO project_budgets (proj_name, budget) VALUES ('srifwhgpbf', 70000);
INSERT INTO projects (proj_name, description, eng_type, region) VALUES ('ymotfwfjev', 'chiwdemhqbokqmjyyjunkvbwocuxnq', 'FE', 'APAC');
INSERT INTO project_budgets (proj_name, budget) VALUES ('ymotfwfjev', 88000);
INSERT INTO projects (proj_name, description, eng_type, region) VALUES ('qmbgaayllp', 'bwkwzberwlthgyzqlqfgmntmwaydjf', 'FE', 'SG');
INSERT INTO project_budgets (proj_name, budget) VALUES ('qmbgaayllp', 84000);
INSERT INTO projects (proj_name, description, eng_type, region) VALUES ('szlalpvuoh', 'gtvccleywpdbmoqtjbszqwycnlgktc', 'FE', 'HK');
INSERT INTO project_budgets (proj_name, budget) VALUES ('szlalpvuoh', 97000);
INSERT INTO projects (proj_name, description, eng_type, region) VALUES ('cnqiljitmt', 'kywoxrbintnrkjdigeqknwnciasrri', 'FE', 'EMEA');
INSERT INTO project_budgets (proj_name, budget) VALUES ('cnqiljitmt', 34000);
INSERT INTO projects (proj_name, description, eng_type, region) VALUES ('lzcggzgsef', 'qkitgwhtskqmotxuokqiprqjwzmlpp', 'FE', 'LON');
INSERT INTO project_budgets (proj_name, budget) VALUES ('lzcggzgsef', 45000);
INSERT INTO projects (proj_name, description, eng_type, region) VALUES ('syztkblkty', 'jkjwcbwbdgqktqpowvbjibhbzlodak', 'FE', 'PAR');
INSERT INTO project_budgets (proj_name, budget) VALUES ('syztkblkty', 54000);
INSERT INTO projects (proj_name, description, eng_type, region) VALUES ('dipzzcaslh', 'llaoqmvfqcoolvkisfclaxygcvzggk', 'FE', 'AMER');
INSERT INTO project_budgets (proj_name, budget) VALUES ('dipzzcaslh', 73000);
INSERT INTO projects (proj_name, description, eng_type, region) VALUES ('uduvzvjjhv', 'njxknopuadqxrvtawhdwojdggdifoi', 'FE', 'NY');
INSERT INTO project_budgets (proj_name, budget) VALUES ('uduvzvjjhv', 61000);
INSERT INTO projects (proj_name, description, eng_type, region) VALUES ('tfngfwsryj', 'cmteuyqwlopejccpjznxocrjevjpuk', 'FE', 'SF');
INSERT INTO project_budgets (proj_name, budget) VALUES ('tfngfwsryj', 71000);
INSERT INTO projects (proj_name, description, eng_type, region) VALUES ('dlmbrthlwp', 'zqiyijetiytbilrxelbbckaddolqbm', 'FE', 'GLOBAL');
INSERT INTO project_budgets (proj_name, budget) VALUES ('dlmbrthlwp', 36000);
INSERT INTO projects (proj_name, description, eng_type, region) VALUES ('mwtynntljp', 'jyvppamrsmyedtbxkmfzaxwdahewba', 'FE', 'APAC');
INSERT INTO project_budgets (proj_name, budget) VALUES ('mwtynntljp', 33000);
INSERT INTO projects (proj_name, description, eng_type, region) VALUES ('oatwuurirb', 'pkouffgwmrafufbdyhsfkuqaybmjbf', 'FE', 'SG');
INSERT INTO project_budgets (proj_name, budget) VALUES ('oatwuurirb', 62000);
INSERT INTO projects (proj_name, description, eng_type, region) VALUES ('pvlgjlahji', 'nexuieiachjjaajsgshqncbnfpdkeb', 'FE', 'HK');
INSERT INTO project_budgets (proj_name, budget) VALUES ('pvlgjlahji', 93000);
INSERT INTO projects (proj_name, description, eng_type, region) VALUES ('ncipfvgezb', 'xiqiruqfgxufecyvyizwgdjrxlvmdm', 'FE', 'EMEA');
INSERT INTO project_budgets (proj_name, budget) VALUES ('ncipfvgezb', 85000);
INSERT INTO projects (proj_name, description, eng_type, region) VALUES ('swyotvhkya', 'djfyhxqkfkcwbrdehroucrtyjvygay', 'FE', 'LON');
INSERT INTO project_budgets (proj_name, budget) VALUES ('swyotvhkya', 69000);
INSERT INTO projects (proj_name, description, eng_type, region) VALUES ('lloadpytiu', 'syxvkpfhkeknpzvvcebsjjprkekrbt', 'FE', 'PAR');
INSERT INTO project_budgets (proj_name, budget) VALUES ('lloadpytiu', 64000);
INSERT INTO projects (proj_name, description, eng_type, region) VALUES ('oyplcarhbg', 'zekcnaysdxagewmsryibrlwwytsjps', 'FE', 'AMER');
INSERT INTO project_budgets (proj_name, budget) VALUES ('oyplcarhbg', 39000);
INSERT INTO projects (proj_name, description, eng_type, region) VALUES ('ncwtlfyrnl', 'fvbmslyquzxwrkiwupubguivdndwem', 'FE', 'NY');
INSERT INTO project_budgets (proj_name, budget) VALUES ('ncwtlfyrnl', 60000);
INSERT INTO projects (proj_name, description, eng_type, region) VALUES ('hepqomsqes', 'ostqejmvfhmvnrsselrfulsjsagjpw', 'FE', 'SF');
INSERT INTO project_budgets (proj_name, budget) VALUES ('hepqomsqes', 55000);
INSERT INTO projects (proj_name, description, eng_type, region) VALUES ('lxmpdzuhul', 'fndwlkiibqndbjvlprvcgiwrzogayg', 'FE', 'GLOBAL');
INSERT INTO project_budgets (proj_name, budget) VALUES ('lxmpdzuhul', 95000);
INSERT INTO projects (proj_name, description, eng_type, region) VALUES ('lqnqktfvqs', 'rdrogvuqfwftmhoftyoqtkcymsfwru', 'FE', 'APAC');
INSERT INTO project_budgets (proj_name, budget) VALUES ('lqnqktfvqs', 37000);
INSERT INTO projects (proj_name, description, eng_type, region) VALUES ('lrwuvbccus', 'rawetazrdsjcnoeavnikjtnadymxzz', 'FE', 'SG');
INSERT INTO project_budgets (proj_name, budget) VALUES ('lrwuvbccus', 80000);
INSERT INTO projects (proj_name, description, eng_type, region) VALUES ('aifsoxwdbb', 'pdosafkgfqbrzumrihjtyioxkngasl', 'FE', 'HK');
INSERT INTO project_budgets (proj_name, budget) VALUES ('aifsoxwdbb', 59000);
INSERT INTO projects (proj_name, description, eng_type, region) VALUES ('zagrifbkds', 'iqgreketuvmvadfepwhcmyfmhaoucg', 'FE', 'EMEA');
INSERT INTO project_budgets (proj_name, budget) VALUES ('zagrifbkds', 49000);
INSERT INTO projects (proj_name, description, eng_type, region) VALUES ('yoayrusoev', 'zwlpiwejfmzbvvnsbrjgrcqdtixpzq', 'FE', 'LON');
INSERT INTO project_budgets (proj_name, budget) VALUES ('yoayrusoev', 70000);
INSERT INTO projects (proj_name, description, eng_type, region) VALUES ('btqfmknmjc', 'meoktdecqtofzwikppeupsyrysjqfq', 'FE', 'PAR');
INSERT INTO project_budgets (proj_name, budget) VALUES ('btqfmknmjc', 70000);
INSERT INTO projects (proj_name, description, eng_type, region) VALUES ('xjxctzatbw', 'trtdpyxmvotvfgphoxoayqimldzwto', 'FE', 'AMER');
INSERT INTO project_budgets (proj_name, budget) VALUES ('xjxctzatbw', 32000);
INSERT INTO projects (proj_name, description, eng_type, region) VALUES ('rchhburbcv', 'uyufmwsatkeberzxmldmlggaxeyfls', 'FE', 'NY');
INSERT INTO project_budgets (proj_name, budget) VALUES ('rchhburbcv', 92000);
INSERT INTO projects (proj_name, description, eng_type, region) VALUES ('qadratsmss', 'zhwclitpieefhmzjfaoigxwhpylhli', 'FE', 'SF');
INSERT INTO project_budgets (proj_name, budget) VALUES ('qadratsmss', 90000);
INSERT INTO projects (proj_name, description, eng_type, region) VALUES ('ufepihfarv', 'uvcdcovicowfofmmwihrkyloingpai', 'BE', 'GLOBAL');
INSERT INTO project_budgets (proj_name, budget) VALUES ('ufepihfarv', 92000);
INSERT INTO projects (proj_name, description, eng_type, region) VALUES ('wykpajogni', 'mmpinulkwgivenevrzmikrevfvwsrb', 'BE', 'APAC');
INSERT INTO project_budgets (proj_name, budget) VALUES ('wykpajogni', 40000);
INSERT INTO projects (proj_name, description, eng_type, region) VALUES ('sppvbhnfuq', 'pjhtxdxgdeeuxyzertekwxjogrkfpc', 'BE', 'SG');
INSERT INTO project_budgets (proj_name, budget) VALUES ('sppvbhnfuq', 95000);
INSERT INTO projects (proj_name, description, eng_type, region) VALUES ('qzyuqcwcbm', 'azncryrrunuzpoprbwsejwufhyzllx', 'BE', 'HK');
INSERT INTO project_budgets (proj_name, budget) VALUES ('qzyuqcwcbm', 51000);
INSERT INTO projects (proj_name, description, eng_type, region) VALUES ('ekzgnpivne', 'rtjyuatrzffacicbroobgmrktoywqv', 'BE', 'EMEA');
INSERT INTO project_budgets (proj_name, budget) VALUES ('ekzgnpivne', 95000);
INSERT INTO projects (proj_name, description, eng_type, region) VALUES ('xsgmedzrrb', 'uocxcetaaaamokviiplwqikysxsdxs', 'BE', 'LON');
INSERT INTO project_budgets (proj_name, budget) VALUES ('xsgmedzrrb', 95000);
INSERT INTO projects (proj_name, description, eng_type, region) VALUES ('ursfmhhnjr', 'vlubmuzkalcsfrdszukjykerwgokdk', 'BE', 'PAR');
INSERT INTO project_budgets (proj_name, budget) VALUES ('ursfmhhnjr', 33000);
INSERT INTO projects (proj_name, description, eng_type, region) VALUES ('efzphhbqtt', 'fgjhlwhteuulwjqlhdojroyqzvcekx', 'BE', 'AMER');
INSERT INTO project_budgets (proj_name, budget) VALUES ('efzphhbqtt', 30000);
INSERT INTO projects (proj_name, description, eng_type, region) VALUES ('gzxgxfysye', 'tpyrxibunifwgjzwyhlozfmigqhrli', 'BE', 'NY');
INSERT INTO project_budgets (proj_name, budget) VALUES ('gzxgxfysye', 60000);
INSERT INTO projects (proj_name, description, eng_type, region) VALUES ('zgxtabqrls', 'jlfkmgscocumxkpaxflabtfqfyagyc', 'BE', 'SF');
INSERT INTO project_budgets (proj_name, budget) VALUES ('zgxtabqrls', 48000);
INSERT INTO projects (proj_name, description, eng_type, region) VALUES ('jahnarfpit', 'ufwocdzybudncnymimjanieezjoggn', 'BE', 'GLOBAL');
INSERT INTO project_budgets (proj_name, budget) VALUES ('jahnarfpit', 63000);
INSERT INTO projects (proj_name, description, eng_type, region) VALUES ('dnrwespzuj', 'skduukpvtzkqmkgmqnttmqyeutvgql', 'BE', 'APAC');
INSERT INTO project_budgets (proj_name, budget) VALUES ('dnrwespzuj', 68000);
INSERT INTO projects (proj_name, description, eng_type, region) VALUES ('lqcwebianc', 'duzsznwmldgnjttoavavcbgtghbvsx', 'BE', 'SG');
INSERT INTO project_budgets (proj_name, budget) VALUES ('lqcwebianc', 50000);
INSERT INTO projects (proj_name, description, eng_type, region) VALUES ('sqemuifali', 'uvptrklwrmbodgfngpipihpakmveid', 'BE', 'HK');
INSERT INTO project_budgets (proj_name, budget) VALUES ('sqemuifali', 43000);
INSERT INTO projects (proj_name, description, eng_type, region) VALUES ('koepskrrou', 'ggblvouwxtnccxusrvfphqyddnuxwz', 'BE', 'EMEA');
INSERT INTO project_budgets (proj_name, budget) VALUES ('koepskrrou', 43000);
INSERT INTO projects (proj_name, description, eng_type, region) VALUES ('lxejzpjhrk', 'iahukdjheickjzkgqkahngyybaelvy', 'BE', 'LON');
INSERT INTO project_budgets (proj_name, budget) VALUES ('lxejzpjhrk', 50000);
INSERT INTO projects (proj_name, description, eng_type, region) VALUES ('sahqzdyazh', 'bisgjrlxrlcnfutzfwmoxhgwzvnauw', 'BE', 'PAR');
INSERT INTO project_budgets (proj_name, budget) VALUES ('sahqzdyazh', 30000);
INSERT INTO projects (proj_name, description, eng_type, region) VALUES ('fugjzvqosh', 'puceodmmszfloomfxdvnmivcskwlld', 'BE', 'AMER');
INSERT INTO project_budgets (proj_name, budget) VALUES ('fugjzvqosh', 46000);
INSERT INTO projects (proj_name, description, eng_type, region) VALUES ('nbyjqrplvk', 'ibaujducplifvxvzxemlmiwcwllhhd', 'BE', 'NY');
INSERT INTO project_budgets (proj_name, budget) VALUES ('nbyjqrplvk', 91000);
INSERT INTO projects (proj_name, description, eng_type, region) VALUES ('qgkbnyegyy', 'krpflcejtqltreftoycxbtetjebiom', 'BE', 'SF');
INSERT INTO project_budgets (proj_name, budget) VALUES ('qgkbnyegyy', 72000);
INSERT INTO projects (proj_name, description, eng_type, region) VALUES ('yaokjxihvx', 'dvjelumjbhcviigjlocokbopfddtlb', 'BE', 'GLOBAL');
INSERT INTO project_budgets (proj_name, budget) VALUES ('yaokjxihvx', 43000);
INSERT INTO projects (proj_name, description, eng_type, region) VALUES ('odkimbdunf', 'nndndkuezpgdrihwsxyxtlkbpvoihj', 'BE', 'APAC');
INSERT INTO project_budgets (proj_name, budget) VALUES ('odkimbdunf', 52000);
INSERT INTO projects (proj_name, description, eng_type, region) VALUES ('ojozrqipvw', 'tbfcrpspduqxpipsknwxogtnjkmlms', 'BE', 'SG');
INSERT INTO project_budgets (proj_name, budget) VALUES ('ojozrqipvw', 82000);
INSERT INTO projects (proj_name, description, eng_type, region) VALUES ('hztizecafc', 'setfogynfokgrevlexlcghlsolvtrf', 'BE', 'HK');
INSERT INTO project_budgets (proj_name, budget) VALUES ('hztizecafc', 62000);
INSERT INTO projects (proj_name, description, eng_type, region) VALUES ('onroalucja', 'rvhrxgmprhrwfkdvvqatkirkrwanbw', 'BE', 'EMEA');
INSERT INTO project_budgets (proj_name, budget) VALUES ('onroalucja', 39000);
INSERT INTO projects (proj_name, description, eng_type, region) VALUES ('yibaxhtegp', 'ofiylztkimdxbmdhmstjpmtoinqoee', 'BE', 'LON');
INSERT INTO project_budgets (proj_name, budget) VALUES ('yibaxhtegp', 97000);
INSERT INTO projects (proj_name, description, eng_type, region) VALUES ('tqfoujkjce', 'wmrgowjbjaegtrdzpewffoexxsjxpq', 'BE', 'PAR');
INSERT INTO project_budgets (proj_name, budget) VALUES ('tqfoujkjce', 60000);
INSERT INTO projects (proj_name, description, eng_type, region) VALUES ('xhuhhjkhis', 'jnyyezflszcezmompjyfvqszmpqktq', 'BE', 'AMER');
INSERT INTO project_budgets (proj_name, budget) VALUES ('xhuhhjkhis', 66000);
INSERT INTO projects (proj_name, description, eng_type, region) VALUES ('colnplfhdo', 'tbtimavjuzwzppfnziupadsobvahcn', 'BE', 'NY');
INSERT INTO project_budgets (proj_name, budget) VALUES ('colnplfhdo', 54000);
INSERT INTO projects (proj_name, description, eng_type, region) VALUES ('tuxragjhdu', 'gisdhovvkjfiefroaeqjrcscbgyrjz', 'BE', 'SF');
INSERT INTO project_budgets (proj_name, budget) VALUES ('tuxragjhdu', 69000);
INSERT INTO projects (proj_name, description, eng_type, region) VALUES ('mtwcouxeog', 'aanvpkbtbowwuonogafynffyfrewjc', 'SEC', 'GLOBAL');
INSERT INTO project_budgets (proj_name, budget) VALUES ('mtwcouxeog', 75000);
INSERT INTO projects (proj_name, description, eng_type, region) VALUES ('qperpbhfrq', 'zctddcyuukyxsfqcdvsrehghijffke', 'SEC', 'APAC');
INSERT INTO project_budgets (proj_name, budget) VALUES ('qperpbhfrq', 44000);
INSERT INTO projects (proj_name, description, eng_type, region) VALUES ('rloybckddr', 'tcdiidecdhlkbaaovpntdhdntgwtnx', 'SEC', 'SG');
INSERT INTO project_budgets (proj_name, budget) VALUES ('rloybckddr', 76000);
INSERT INTO projects (proj_name, description, eng_type, region) VALUES ('magqxpocik', 'elbfndmgbmreyhhoojkjyaizrehvxo', 'SEC', 'HK');
INSERT INTO project_budgets (proj_name, budget) VALUES ('magqxpocik', 52000);
INSERT INTO projects (proj_name, description, eng_type, region) VALUES ('lixjedlpam', 'lmpprdpgyiogbrmwnqxszkaevppbsc', 'SEC', 'EMEA');
INSERT INTO project_budgets (proj_name, budget) VALUES ('lixjedlpam', 63000);
INSERT INTO projects (proj_name, description, eng_type, region) VALUES ('wsqmltacto', 'lzvbipyxkcihcyuoycquvutafrpsiv', 'SEC', 'LON');
INSERT INTO project_budgets (proj_name, budget) VALUES ('wsqmltacto', 51000);
INSERT INTO projects (proj_name, description, eng_type, region) VALUES ('pymovbrlgb', 'iwrzokfdgebubbgcfeykfiylxdyuac', 'SEC', 'PAR');
INSERT INTO project_budgets (proj_name, budget) VALUES ('pymovbrlgb', 81000);
INSERT INTO projects (proj_name, description, eng_type, region) VALUES ('vzehnwvgsi', 'lyqlqytxliakeystrtchxpzpbollcn', 'SEC', 'AMER');
INSERT INTO project_budgets (proj_name, budget) VALUES ('vzehnwvgsi', 70000);
INSERT INTO projects (proj_name, description, eng_type, region) VALUES ('eahpvaumhl', 'djdujhfyzwwhqeixihckoegormnkde', 'SEC', 'NY');
INSERT INTO project_budgets (proj_name, budget) VALUES ('eahpvaumhl', 60000);
INSERT INTO projects (proj_name, description, eng_type, region) VALUES ('botqmwydwh', 'bzzwqironfsxulumifwytcoqhjzyuf', 'SEC', 'SF');
INSERT INTO project_budgets (proj_name, budget) VALUES ('botqmwydwh', 74000);
INSERT INTO projects (proj_name, description, eng_type, region) VALUES ('gtlzmenztb', 'ldskiirmzopajnqzctgeyqohifywav', 'SEC', 'GLOBAL');
INSERT INTO project_budgets (proj_name, budget) VALUES ('gtlzmenztb', 90000);
INSERT INTO projects (proj_name, description, eng_type, region) VALUES ('lqlwxlxhyc', 'rapkkwavpkbnqwturgscgfjueatzfr', 'SEC', 'APAC');
INSERT INTO project_budgets (proj_name, budget) VALUES ('lqlwxlxhyc', 82000);
INSERT INTO projects (proj_name, description, eng_type, region) VALUES ('buxkohwtpp', 'ixptbnpjscwiycozeajxbfhmwvtlsj', 'SEC', 'SG');
INSERT INTO project_budgets (proj_name, budget) VALUES ('buxkohwtpp', 46000);
INSERT INTO projects (proj_name, description, eng_type, region) VALUES ('fdgcfkwzqu', 'fqtgshfsludunpndwkkcgnocgmpcle', 'SEC', 'HK');
INSERT INTO project_budgets (proj_name, budget) VALUES ('fdgcfkwzqu', 64000);
INSERT INTO projects (proj_name, description, eng_type, region) VALUES ('zdyhtopzlk', 'jgxbgglunawzbzlxcxwyzjnpusouol', 'SEC', 'EMEA');
INSERT INTO project_budgets (proj_name, budget) VALUES ('zdyhtopzlk', 90000);
INSERT INTO projects (proj_name, description, eng_type, region) VALUES ('cuxrvxdhik', 'tczgaamprbpeiakalawosvciupadap', 'SEC', 'LON');
INSERT INTO project_budgets (proj_name, budget) VALUES ('cuxrvxdhik', 75000);
INSERT INTO projects (proj_name, description, eng_type, region) VALUES ('lpmqxajxwx', 'bljqstawicxrgdaktvytzrcdhqrmkk', 'SEC', 'PAR');
INSERT INTO project_budgets (proj_name, budget) VALUES ('lpmqxajxwx', 69000);
INSERT INTO projects (proj_name, description, eng_type, region) VALUES ('nbrsrotjmc', 'hfpctnehoclzddfvbbhzipaahjhbsf', 'SEC', 'AMER');
INSERT INTO project_budgets (proj_name, budget) VALUES ('nbrsrotjmc', 83000);
INSERT INTO projects (proj_name, description, eng_type, region) VALUES ('jikdlerazg', 'byipnzsegcvzreusyfcafkhmmrtpea', 'SEC', 'NY');
INSERT INTO project_budgets (proj_name, budget) VALUES ('jikdlerazg', 93000);
INSERT INTO projects (proj_name, description, eng_type, region) VALUES ('aocdbubzhr', 'lzlxiljwteffxhzrpdjamkeiwwyulj', 'SEC', 'SF');
INSERT INTO project_budgets (proj_name, budget) VALUES ('aocdbubzhr', 69000);
INSERT INTO projects (proj_name, description, eng_type, region) VALUES ('ppeyjwxyrz', 'dogzsbqebxljclusyewysrlwtgismo', 'SEC', 'GLOBAL');
INSERT INTO project_budgets (proj_name, budget) VALUES ('ppeyjwxyrz', 33000);
INSERT INTO projects (proj_name, description, eng_type, region) VALUES ('zanhantkvi', 'ncmnkunftyymwryexdlxwrtbxzfaug', 'SEC', 'APAC');
INSERT INTO project_budgets (proj_name, budget) VALUES ('zanhantkvi', 39000);
INSERT INTO projects (proj_name, description, eng_type, region) VALUES ('nwrxkhlcek', 'xauxhdjhzibarcavjclypubzuqbmuv', 'SEC', 'SG');
INSERT INTO project_budgets (proj_name, budget) VALUES ('nwrxkhlcek', 60000);
INSERT INTO projects (proj_name, description, eng_type, region) VALUES ('vpeyebacxw', 'nfprovtlefvcbpdojwptzagwawvdts', 'SEC', 'HK');
INSERT INTO project_budgets (proj_name, budget) VALUES ('vpeyebacxw', 79000);
INSERT INTO projects (proj_name, description, eng_type, region) VALUES ('spzickdips', 'jclecuajadfjjdqbqvolerobyxnsxl', 'SEC', 'EMEA');
INSERT INTO project_budgets (proj_name, budget) VALUES ('spzickdips', 74000);
INSERT INTO projects (proj_name, description, eng_type, region) VALUES ('ociwwjvxgo', 'kgivjuxtbokpubiahoxehrpglhrvol', 'SEC', 'LON');
INSERT INTO project_budgets (proj_name, budget) VALUES ('ociwwjvxgo', 47000);
INSERT INTO projects (proj_name, description, eng_type, region) VALUES ('zrualhuiuk', 'nbrmbtiqhgyxsokvvwcttamrpvefwo', 'SEC', 'PAR');
INSERT INTO project_budgets (proj_name, budget) VALUES ('zrualhuiuk', 32000);
INSERT INTO projects (proj_name, description, eng_type, region) VALUES ('nqotcoourk', 'vkktqnvmjbblacswjnjxpqeslgkcoq', 'SEC', 'AMER');
INSERT INTO project_budgets (proj_name, budget) VALUES ('nqotcoourk', 82000);
INSERT INTO projects (proj_name, description, eng_type, region) VALUES ('fafzeuzjxj', 'ibdfyiipaxukqqtyuzbxkgapqtupxl', 'SEC', 'NY');
INSERT INTO project_budgets (proj_name, budget) VALUES ('fafzeuzjxj', 34000);
INSERT INTO projects (proj_name, description, eng_type, region) VALUES ('zhkeqacsns', 'qbhftygtkvankhqiweqmwfkqdkgwga', 'SEC', 'SF');
INSERT INTO project_budgets (proj_name, budget) VALUES ('zhkeqacsns', 72000);
INSERT INTO projects (proj_name, description, eng_type, region) VALUES ('jbfadbjpna', 'lyhgqlnurzjalmxcrsytjvotqasaab', 'DOPS', 'GLOBAL');
INSERT INTO project_budgets (proj_name, budget) VALUES ('jbfadbjpna', 72000);
INSERT INTO projects (proj_name, description, eng_type, region) VALUES ('ndrafwydqh', 'ygilixilsrfeybchvcsklqharoppdi', 'DOPS', 'APAC');
INSERT INTO project_budgets (proj_name, budget) VALUES ('ndrafwydqh', 62000);
INSERT INTO projects (proj_name, description, eng_type, region) VALUES ('silepspcaa', 'dclfkjucskodvbsymqepuegygyyazt', 'DOPS', 'SG');
INSERT INTO project_budgets (proj_name, budget) VALUES ('silepspcaa', 78000);
INSERT INTO projects (proj_name, description, eng_type, region) VALUES ('cvbouqzmsr', 'lcgateqhrzimjmdapupupjqfyahzrd', 'DOPS', 'HK');
INSERT INTO project_budgets (proj_name, budget) VALUES ('cvbouqzmsr', 44000);
INSERT INTO projects (proj_name, description, eng_type, region) VALUES ('qnztyaocev', 'kkodcpyysncihgbxfdfzstgqnkqwku', 'DOPS', 'EMEA');
INSERT INTO project_budgets (proj_name, budget) VALUES ('qnztyaocev', 72000);
INSERT INTO projects (proj_name, description, eng_type, region) VALUES ('epgrtfjfkv', 'qxaozcefretdzzvazyxdbsvyzjaqdc', 'DOPS', 'LON');
INSERT INTO project_budgets (proj_name, budget) VALUES ('epgrtfjfkv', 44000);
INSERT INTO projects (proj_name, description, eng_type, region) VALUES ('jucokxiqlc', 'jyofunupixzfthxwvvfkesnzbtmobq', 'DOPS', 'PAR');
INSERT INTO project_budgets (proj_name, budget) VALUES ('jucokxiqlc', 56000);
INSERT INTO projects (proj_name, description, eng_type, region) VALUES ('xtozkxezop', 'kycqldqgikydjirwikzqsyzkmlgrle', 'DOPS', 'AMER');
INSERT INTO project_budgets (proj_name, budget) VALUES ('xtozkxezop', 78000);
INSERT INTO projects (proj_name, description, eng_type, region) VALUES ('qysqpcidjq', 'jgcgdvqorpabfvvlunzqrxtwcjtcll', 'DOPS', 'NY');
INSERT INTO project_budgets (proj_name, budget) VALUES ('qysqpcidjq', 47000);
INSERT INTO projects (proj_name, description, eng_type, region) VALUES ('fsypeshdus', 'mrqsxjodjtbepaidwxgnvwmzczzxjy', 'DOPS', 'SF');
INSERT INTO project_budgets (proj_name, budget) VALUES ('fsypeshdus', 33000);
INSERT INTO projects (proj_name, description, eng_type, region) VALUES ('bujbenczcl', 'tdzaajssmhuxqojmdrnlcnzigofyfq', 'DOPS', 'GLOBAL');
INSERT INTO project_budgets (proj_name, budget) VALUES ('bujbenczcl', 89000);
INSERT INTO projects (proj_name, description, eng_type, region) VALUES ('setapzsard', 'ukjsrnqacmcytceactvhtifstwpaex', 'DOPS', 'APAC');
INSERT INTO project_budgets (proj_name, budget) VALUES ('setapzsard', 95000);
INSERT INTO projects (proj_name, description, eng_type, region) VALUES ('ivqmdlmnvp', 'motpevvgcbrbyxsjjewodrhlwkkiqf', 'DOPS', 'SG');
INSERT INTO project_budgets (proj_name, budget) VALUES ('ivqmdlmnvp', 58000);
INSERT INTO projects (proj_name, description, eng_type, region) VALUES ('xppesdzomh', 'xzjoypjjldshpwlmzuijzyesghynvc', 'DOPS', 'HK');
INSERT INTO project_budgets (proj_name, budget) VALUES ('xppesdzomh', 59000);
INSERT INTO projects (proj_name, description, eng_type, region) VALUES ('emugjohpgt', 'kajblmjoghxtkzxurrgwysyemnmkvr', 'DOPS', 'EMEA');
INSERT INTO project_budgets (proj_name, budget) VALUES ('emugjohpgt', 59000);
INSERT INTO projects (proj_name, description, eng_type, region) VALUES ('mpdtbyyafb', 'jodeaqzyudgnndkczposqgsofvawho', 'DOPS', 'LON');
INSERT INTO project_budgets (proj_name, budget) VALUES ('mpdtbyyafb', 97000);
INSERT INTO projects (proj_name, description, eng_type, region) VALUES ('gejzhrvdei', 'txhpvmyhakxrxhzxkqlgblvqyullsq', 'DOPS', 'PAR');
INSERT INTO project_budgets (proj_name, budget) VALUES ('gejzhrvdei', 37000);
INSERT INTO projects (proj_name, description, eng_type, region) VALUES ('kubjmgqnvb', 'linlvjayhlpyzzzwbscytgwuqkluux', 'DOPS', 'AMER');
INSERT INTO project_budgets (proj_name, budget) VALUES ('kubjmgqnvb', 96000);
INSERT INTO projects (proj_name, description, eng_type, region) VALUES ('kqaukhgmzl', 'aqtojgcdfdylmwakfebnslxtleomnq', 'DOPS', 'NY');
INSERT INTO project_budgets (proj_name, budget) VALUES ('kqaukhgmzl', 90000);
INSERT INTO projects (proj_name, description, eng_type, region) VALUES ('ttatcjzdkj', 'vjavbraubwguocwbnpxsvtdfawiugm', 'DOPS', 'SF');
INSERT INTO project_budgets (proj_name, budget) VALUES ('ttatcjzdkj', 50000);
INSERT INTO projects (proj_name, description, eng_type, region) VALUES ('ndtrvupiys', 'ipbpkuyejrcuhhfjtejfjwggtimibu', 'DOPS', 'GLOBAL');
INSERT INTO project_budgets (proj_name, budget) VALUES ('ndtrvupiys', 70000);
INSERT INTO projects (proj_name, description, eng_type, region) VALUES ('vmyqfrtira', 'vzkcqojdilhraqqkiqkjdgjvcmjfkn', 'DOPS', 'APAC');
INSERT INTO project_budgets (proj_name, budget) VALUES ('vmyqfrtira', 34000);
INSERT INTO projects (proj_name, description, eng_type, region) VALUES ('dmcjwyziih', 'nkvafdndneqyxplnlzizbxzagenvbh', 'DOPS', 'SG');
INSERT INTO project_budgets (proj_name, budget) VALUES ('dmcjwyziih', 67000);
INSERT INTO projects (proj_name, description, eng_type, region) VALUES ('ucvdjurxcg', 'yglanqourxgkjbqoejjcwysrmezagw', 'DOPS', 'HK');
INSERT INTO project_budgets (proj_name, budget) VALUES ('ucvdjurxcg', 86000);
INSERT INTO projects (proj_name, description, eng_type, region) VALUES ('sbnzysszif', 'lrdaggzlirotplvbjudzebkxhuhikv', 'DOPS', 'EMEA');
INSERT INTO project_budgets (proj_name, budget) VALUES ('sbnzysszif', 47000);
INSERT INTO projects (proj_name, description, eng_type, region) VALUES ('qlzahylehg', 'sdfndkyeodzsfclxtqthinjykhzncs', 'DOPS', 'LON');
INSERT INTO project_budgets (proj_name, budget) VALUES ('qlzahylehg', 72000);
INSERT INTO projects (proj_name, description, eng_type, region) VALUES ('klwippyrxh', 'jrnueedmkdcrfexjllrzeudimlfiqe', 'DOPS', 'PAR');
INSERT INTO project_budgets (proj_name, budget) VALUES ('klwippyrxh', 32000);
INSERT INTO projects (proj_name, description, eng_type, region) VALUES ('hcqfczlixc', 'pvtdepzjaeizslxtxwdqtfphrgzfqj', 'DOPS', 'AMER');
INSERT INTO project_budgets (proj_name, budget) VALUES ('hcqfczlixc', 63000);
INSERT INTO projects (proj_name, description, eng_type, region) VALUES ('nlqcocvmcx', 'iatlklcilnsbbnhrstxtdxixfooptt', 'DOPS', 'NY');
INSERT INTO project_budgets (proj_name, budget) VALUES ('nlqcocvmcx', 61000);
INSERT INTO projects (proj_name, description, eng_type, region) VALUES ('huqlltdhqy', 'flrpukjwobtooetvyzertqkuchotfl', 'DOPS', 'SF');
INSERT INTO project_budgets (proj_name, budget) VALUES ('huqlltdhqy', 33000);
INSERT INTO projects (proj_name, description, eng_type, region) VALUES ('pdndeuqfwg', 'tmlluggjazifkjyzasvtfbfdzufyyd', 'FE', 'GLOBAL');
INSERT INTO project_budgets (proj_name, budget) VALUES ('pdndeuqfwg', 54000);
INSERT INTO projects (proj_name, description, eng_type, region) VALUES ('msimnoswxq', 'dkvqyhnzrvxbpgzgnyoutmrrtyuopv', 'FE', 'APAC');
INSERT INTO project_budgets (proj_name, budget) VALUES ('msimnoswxq', 99000);
INSERT INTO projects (proj_name, description, eng_type, region) VALUES ('vdtgfjkefi', 'ssljwozkzsdgtfupcjrebwcxiccpfn', 'FE', 'SG');
INSERT INTO project_budgets (proj_name, budget) VALUES ('vdtgfjkefi', 64000);
INSERT INTO projects (proj_name, description, eng_type, region) VALUES ('funpoommwa', 'qssrvprmbwxysljycocvmnemwhpvgo', 'FE', 'HK');
INSERT INTO project_budgets (proj_name, budget) VALUES ('funpoommwa', 92000);
INSERT INTO projects (proj_name, description, eng_type, region) VALUES ('rbwjszyalt', 'wtsswrxrmzkrgpjawsuykprodhhupa', 'FE', 'EMEA');
INSERT INTO project_budgets (proj_name, budget) VALUES ('rbwjszyalt', 73000);
INSERT INTO projects (proj_name, description, eng_type, region) VALUES ('ozeiuasekq', 'mrjcmgwaqmvfpkvgzksicmxraqwxrx', 'FE', 'LON');
INSERT INTO project_budgets (proj_name, budget) VALUES ('ozeiuasekq', 84000);
INSERT INTO projects (proj_name, description, eng_type, region) VALUES ('bwduzbnumh', 'sfvjzdfthdzfmnxutyehqqjvitetvg', 'FE', 'PAR');
INSERT INTO project_budgets (proj_name, budget) VALUES ('bwduzbnumh', 56000);
INSERT INTO projects (proj_name, description, eng_type, region) VALUES ('vzadlloebg', 'gbeueglscuzmsbdtovikoevhzxqxps', 'FE', 'AMER');
INSERT INTO project_budgets (proj_name, budget) VALUES ('vzadlloebg', 36000);
INSERT INTO projects (proj_name, description, eng_type, region) VALUES ('wjmwalagxx', 'dkhswariozgawizcrdrivtmvdegupz', 'FE', 'NY');
INSERT INTO project_budgets (proj_name, budget) VALUES ('wjmwalagxx', 90000);
INSERT INTO projects (proj_name, description, eng_type, region) VALUES ('nxemusumll', 'gobfvtuxaqvbkupokxaovilhhfsati', 'FE', 'SF');
INSERT INTO project_budgets (proj_name, budget) VALUES ('nxemusumll', 74000);
INSERT INTO projects (proj_name, description, eng_type, region) VALUES ('yxvtyvwpwl', 'txrqnwqluwnmngmkhfgkinzqlbckfl', 'FE', 'GLOBAL');
INSERT INTO project_budgets (proj_name, budget) VALUES ('yxvtyvwpwl', 95000);
INSERT INTO projects (proj_name, description, eng_type, region) VALUES ('fztslwiixm', 'vheyquoifcfkwejbyfginhhbtvhiry', 'FE', 'APAC');
INSERT INTO project_budgets (proj_name, budget) VALUES ('fztslwiixm', 74000);
INSERT INTO projects (proj_name, description, eng_type, region) VALUES ('dpawxbgjjh', 'johyuqihqrpikamrnrlnlikbxzmygu', 'FE', 'SG');
INSERT INTO project_budgets (proj_name, budget) VALUES ('dpawxbgjjh', 97000);
INSERT INTO projects (proj_name, description, eng_type, region) VALUES ('jtrsnapcok', 'axrmhihzshcuqarbwuwzhxsnggrjvm', 'FE', 'HK');
INSERT INTO project_budgets (proj_name, budget) VALUES ('jtrsnapcok', 72000);
INSERT INTO projects (proj_name, description, eng_type, region) VALUES ('wiiqnnnkcf', 'zozxyblqmnphyftfwnwqmcthupbxhr', 'FE', 'EMEA');
INSERT INTO project_budgets (proj_name, budget) VALUES ('wiiqnnnkcf', 79000);
INSERT INTO projects (proj_name, description, eng_type, region) VALUES ('xkstwixtwg', 'ssqpuwrvaoqdbxkerxrshidlpsyaez', 'FE', 'LON');
INSERT INTO project_budgets (proj_name, budget) VALUES ('xkstwixtwg', 74000);
INSERT INTO projects (proj_name, description, eng_type, region) VALUES ('neeibxcqzr', 'xswxdpieascudvvrveezacylrfiors', 'FE', 'PAR');
INSERT INTO project_budgets (proj_name, budget) VALUES ('neeibxcqzr', 66000);
INSERT INTO projects (proj_name, description, eng_type, region) VALUES ('ftcxtniiio', 'ffhgvffnqvdonqeuppeecowuvygzmc', 'FE', 'AMER');
INSERT INTO project_budgets (proj_name, budget) VALUES ('ftcxtniiio', 74000);
INSERT INTO projects (proj_name, description, eng_type, region) VALUES ('eylttimgcr', 'memlwmfejevoecrrioypjojworklno', 'FE', 'NY');
INSERT INTO project_budgets (proj_name, budget) VALUES ('eylttimgcr', 81000);
INSERT INTO projects (proj_name, description, eng_type, region) VALUES ('ukfgsyednl', 'jbcnxysfwtysjusdhzubsdzeyakhef', 'FE', 'SF');
INSERT INTO project_budgets (proj_name, budget) VALUES ('ukfgsyednl', 97000);
INSERT INTO projects (proj_name, description, eng_type, region) VALUES ('snfpwpfxwq', 'plmziwxicbnordtxhnghooeptilipo', 'FE', 'GLOBAL');
INSERT INTO project_budgets (proj_name, budget) VALUES ('snfpwpfxwq', 91000);
INSERT INTO projects (proj_name, description, eng_type, region) VALUES ('zpcdkfmdyy', 'bzhfuifdtizynzfxlcmahuubdhbpva', 'FE', 'APAC');
INSERT INTO project_budgets (proj_name, budget) VALUES ('zpcdkfmdyy', 38000);
INSERT INTO projects (proj_name, description, eng_type, region) VALUES ('blvujwgdis', 'teokpykbdnolgmgscjruccsfmnvqka', 'FE', 'SG');
INSERT INTO project_budgets (proj_name, budget) VALUES ('blvujwgdis', 89000);
INSERT INTO projects (proj_name, description, eng_type, region) VALUES ('wocfhqugau', 'apapokoljkcmemphsmuwfpbntoeqej', 'FE', 'HK');
INSERT INTO project_budgets (proj_name, budget) VALUES ('wocfhqugau', 77000);
INSERT INTO projects (proj_name, description, eng_type, region) VALUES ('xixeslmfsn', 'gkfzqykchliutokwkxrklrfbqrbbme', 'FE', 'EMEA');
INSERT INTO project_budgets (proj_name, budget) VALUES ('xixeslmfsn', 59000);
INSERT INTO projects (proj_name, description, eng_type, region) VALUES ('klpokuxzdz', 'gkizsbmpvityewetxpfmzsbraugwmh', 'FE', 'LON');
INSERT INTO project_budgets (proj_name, budget) VALUES ('klpokuxzdz', 61000);
INSERT INTO projects (proj_name, description, eng_type, region) VALUES ('ljqxuatmwx', 'bklevlptyyxdxtripxscxmiqfdmvzk', 'FE', 'PAR');
INSERT INTO project_budgets (proj_name, budget) VALUES ('ljqxuatmwx', 35000);
INSERT INTO projects (proj_name, description, eng_type, region) VALUES ('clcemcoaan', 'gpszrrxjraawmozdgbzmxpkjxxduhq', 'FE', 'AMER');
INSERT INTO project_budgets (proj_name, budget) VALUES ('clcemcoaan', 81000);
INSERT INTO projects (proj_name, description, eng_type, region) VALUES ('knlxwllxjd', 'rlmhalchwjlxdbbfnlypsrjxaiojwi', 'FE', 'NY');
INSERT INTO project_budgets (proj_name, budget) VALUES ('knlxwllxjd', 70000);
INSERT INTO projects (proj_name, description, eng_type, region) VALUES ('wuvnmsfdel', 'qfypsjqbevtinigevnjkwzspmvggjq', 'FE', 'SF');
INSERT INTO project_budgets (proj_name, budget) VALUES ('wuvnmsfdel', 67000);
INSERT INTO projects (proj_name, description, eng_type, region) VALUES ('dhxcnxfibu', 'tgyqdydvyekzirvpglfknhyjfusuea', 'BE', 'GLOBAL');
INSERT INTO project_budgets (proj_name, budget) VALUES ('dhxcnxfibu', 70000);
INSERT INTO projects (proj_name, description, eng_type, region) VALUES ('jiicomvidx', 'sfzjtntcsvpertjqoiecffxluogthe', 'BE', 'APAC');
INSERT INTO project_budgets (proj_name, budget) VALUES ('jiicomvidx', 78000);
INSERT INTO projects (proj_name, description, eng_type, region) VALUES ('jotazqcvxy', 'vseourzvvghechdgpqjsoruhddofsf', 'BE', 'SG');
INSERT INTO project_budgets (proj_name, budget) VALUES ('jotazqcvxy', 95000);
INSERT INTO projects (proj_name, description, eng_type, region) VALUES ('fjmnvxehck', 'zozurvnamfpdrnbpdjjvyunkjngxqq', 'BE', 'HK');
INSERT INTO project_budgets (proj_name, budget) VALUES ('fjmnvxehck', 71000);
INSERT INTO projects (proj_name, description, eng_type, region) VALUES ('bggeocbygw', 'tlferziiavvfbcdamzbhmzcxdoxued', 'BE', 'EMEA');
INSERT INTO project_budgets (proj_name, budget) VALUES ('bggeocbygw', 30000);
INSERT INTO projects (proj_name, description, eng_type, region) VALUES ('sklrlxwwqg', 'caxtgqpuhchrzghfcnodadmbpwhhxv', 'BE', 'LON');
INSERT INTO project_budgets (proj_name, budget) VALUES ('sklrlxwwqg', 30000);
INSERT INTO projects (proj_name, description, eng_type, region) VALUES ('rsexdkgzzl', 'pwrbrusygygtwuyjwtkrhyvdqzfydy', 'BE', 'PAR');
INSERT INTO project_budgets (proj_name, budget) VALUES ('rsexdkgzzl', 59000);
INSERT INTO projects (proj_name, description, eng_type, region) VALUES ('inrmzuzdgl', 'bdhhyhlbnyztrpbomiexzweahkksnr', 'BE', 'AMER');
INSERT INTO project_budgets (proj_name, budget) VALUES ('inrmzuzdgl', 89000);
INSERT INTO projects (proj_name, description, eng_type, region) VALUES ('utrycujsyv', 'rrseukhqiohqjqdqqojiqkobglvuvz', 'BE', 'NY');
INSERT INTO project_budgets (proj_name, budget) VALUES ('utrycujsyv', 88000);
INSERT INTO projects (proj_name, description, eng_type, region) VALUES ('cnutfomkov', 'zlmewzkpilfnprnkjbprhvpyaamrti', 'BE', 'SF');
INSERT INTO project_budgets (proj_name, budget) VALUES ('cnutfomkov', 92000);
INSERT INTO projects (proj_name, description, eng_type, region) VALUES ('bzfpxvbyyv', 'ttvcrllpszhscvcnulwolyvpmqjzch', 'BE', 'GLOBAL');
INSERT INTO project_budgets (proj_name, budget) VALUES ('bzfpxvbyyv', 70000);
INSERT INTO projects (proj_name, description, eng_type, region) VALUES ('oksmoejwvf', 'iinqvzoxihtxyawbotkqkzgesoovso', 'BE', 'APAC');
INSERT INTO project_budgets (proj_name, budget) VALUES ('oksmoejwvf', 96000);
INSERT INTO projects (proj_name, description, eng_type, region) VALUES ('pmxyxfzyqv', 'szflewpgfhraumciomrhjjcmijwfga', 'BE', 'SG');
INSERT INTO project_budgets (proj_name, budget) VALUES ('pmxyxfzyqv', 43000);
INSERT INTO projects (proj_name, description, eng_type, region) VALUES ('twjvmqqajf', 'isladaqadecryaqapvyxihygvarkru', 'BE', 'HK');
INSERT INTO project_budgets (proj_name, budget) VALUES ('twjvmqqajf', 45000);
INSERT INTO projects (proj_name, description, eng_type, region) VALUES ('opzeqgtqss', 'prqjgnhnkwbvpyralfaqrvyckrcetc', 'BE', 'EMEA');
INSERT INTO project_budgets (proj_name, budget) VALUES ('opzeqgtqss', 37000);
INSERT INTO projects (proj_name, description, eng_type, region) VALUES ('tmukvotrza', 'izlfrzpoievyocfydnxklkxztkahwn', 'BE', 'LON');
INSERT INTO project_budgets (proj_name, budget) VALUES ('tmukvotrza', 37000);
INSERT INTO projects (proj_name, description, eng_type, region) VALUES ('qjxmknqrqb', 'nyvpcrgfedwodagcrojktibgodbuxv', 'BE', 'PAR');
INSERT INTO project_budgets (proj_name, budget) VALUES ('qjxmknqrqb', 89000);
INSERT INTO projects (proj_name, description, eng_type, region) VALUES ('tqhydmnvct', 'wyehqlxtscsuipbmkjcliibrbqkovp', 'BE', 'AMER');
INSERT INTO project_budgets (proj_name, budget) VALUES ('tqhydmnvct', 30000);
INSERT INTO projects (proj_name, description, eng_type, region) VALUES ('jgrmazulso', 'zaebrxythnqiyjoaymmeygoxyabkpb', 'BE', 'NY');
INSERT INTO project_budgets (proj_name, budget) VALUES ('jgrmazulso', 94000);
INSERT INTO projects (proj_name, description, eng_type, region) VALUES ('lnfucjztlx', 'mmopserzqvovcjnpmcpmfgssovexho', 'BE', 'SF');
INSERT INTO project_budgets (proj_name, budget) VALUES ('lnfucjztlx', 58000);
INSERT INTO projects (proj_name, description, eng_type, region) VALUES ('yjanzdrvyr', 'tqtrkusdlidcpysqwmmsbtpkvrcbyt', 'BE', 'GLOBAL');
INSERT INTO project_budgets (proj_name, budget) VALUES ('yjanzdrvyr', 78000);
INSERT INTO projects (proj_name, description, eng_type, region) VALUES ('lfiwqvphcb', 'hhpcwxladserekvduygiabifyqroot', 'BE', 'APAC');
INSERT INTO project_budgets (proj_name, budget) VALUES ('lfiwqvphcb', 51000);
INSERT INTO projects (proj_name, description, eng_type, region) VALUES ('juaxcporkq', 'dhkvlbnrqihkrymiwrlmlaykawdohf', 'BE', 'SG');
INSERT INTO project_budgets (proj_name, budget) VALUES ('juaxcporkq', 77000);
INSERT INTO projects (proj_name, description, eng_type, region) VALUES ('adzktxvsvt', 'rqueqencdhtegnloeqfteavndpfbgy', 'BE', 'HK');
INSERT INTO project_budgets (proj_name, budget) VALUES ('adzktxvsvt', 69000);
INSERT INTO projects (proj_name, description, eng_type, region) VALUES ('fmcxcshcgo', 'hpgztzamjynulpmrubdxsgfrxnaccs', 'BE', 'EMEA');
INSERT INTO project_budgets (proj_name, budget) VALUES ('fmcxcshcgo', 50000);
INSERT INTO projects (proj_name, description, eng_type, region) VALUES ('hekqtlycpy', 'nznjhywhdvbpjpfuebqaxnxzycbmll', 'BE', 'LON');
INSERT INTO project_budgets (proj_name, budget) VALUES ('hekqtlycpy', 92000);
INSERT INTO projects (proj_name, description, eng_type, region) VALUES ('uqexdltbxi', 'nflfuaxbrjtmcibxwwkdwitpwrxljy', 'BE', 'PAR');
INSERT INTO project_budgets (proj_name, budget) VALUES ('uqexdltbxi', 44000);
INSERT INTO projects (proj_name, description, eng_type, region) VALUES ('jowcvmeiar', 'bbgppfaqrasgpgekwopssfrqvrxglm', 'BE', 'AMER');
INSERT INTO project_budgets (proj_name, budget) VALUES ('jowcvmeiar', 44000);
INSERT INTO projects (proj_name, description, eng_type, region) VALUES ('mrwaypnkfu', 'awkknxvwsgyigykxwgnxrejyaulykb', 'BE', 'NY');
INSERT INTO project_budgets (proj_name, budget) VALUES ('mrwaypnkfu', 48000);
INSERT INTO projects (proj_name, description, eng_type, region) VALUES ('xkdudcxmag', 'hfadhmyhondhkbjzkckcspofkdpkmk', 'BE', 'SF');
INSERT INTO project_budgets (proj_name, budget) VALUES ('xkdudcxmag', 76000);
INSERT INTO projects (proj_name, description, eng_type, region) VALUES ('szdbjeuujx', 'uidtxzcaocwhtssztnwcnawderohog', 'SEC', 'GLOBAL');
INSERT INTO project_budgets (proj_name, budget) VALUES ('szdbjeuujx', 68000);
INSERT INTO projects (proj_name, description, eng_type, region) VALUES ('ztzklaekjp', 'kbuxiwjyrqnrlueixzhdfgxftlohqj', 'SEC', 'APAC');
INSERT INTO project_budgets (proj_name, budget) VALUES ('ztzklaekjp', 98000);
INSERT INTO projects (proj_name, description, eng_type, region) VALUES ('mfydhnleph', 'ulydniqyfafbxhsebouxdtonjimelc', 'SEC', 'SG');
INSERT INTO project_budgets (proj_name, budget) VALUES ('mfydhnleph', 78000);
INSERT INTO projects (proj_name, description, eng_type, region) VALUES ('utqsupykqp', 'ohvkfiysftdeaiiikjfnhuukvnobip', 'SEC', 'HK');
INSERT INTO project_budgets (proj_name, budget) VALUES ('utqsupykqp', 35000);
INSERT INTO projects (proj_name, description, eng_type, region) VALUES ('bqqplcjfqw', 'ssxprnuvwroartrkqduzsqxvezpjqc', 'SEC', 'EMEA');
INSERT INTO project_budgets (proj_name, budget) VALUES ('bqqplcjfqw', 42000);
INSERT INTO projects (proj_name, description, eng_type, region) VALUES ('kkhlthawod', 'girhrlpxrwqnfgvnehccdggreaieho', 'SEC', 'LON');
INSERT INTO project_budgets (proj_name, budget) VALUES ('kkhlthawod', 96000);
INSERT INTO projects (proj_name, description, eng_type, region) VALUES ('pibdsyjtpg', 'phsihszvbpdprtrzpssweaahhaycbi', 'SEC', 'PAR');
INSERT INTO project_budgets (proj_name, budget) VALUES ('pibdsyjtpg', 44000);
INSERT INTO projects (proj_name, description, eng_type, region) VALUES ('oyumrdzrad', 'diqyrcrfnsgfytfcocbigtgjlgpeqg', 'SEC', 'AMER');
INSERT INTO project_budgets (proj_name, budget) VALUES ('oyumrdzrad', 41000);
INSERT INTO projects (proj_name, description, eng_type, region) VALUES ('sgxwfknqmv', 'xycxavgzcuswndwattgmqfmnjxbshz', 'SEC', 'NY');
INSERT INTO project_budgets (proj_name, budget) VALUES ('sgxwfknqmv', 78000);
INSERT INTO projects (proj_name, description, eng_type, region) VALUES ('pggwybucbj', 'uhevozkgwqirzxtypkvccezebehtdv', 'SEC', 'SF');
INSERT INTO project_budgets (proj_name, budget) VALUES ('pggwybucbj', 61000);
INSERT INTO projects (proj_name, description, eng_type, region) VALUES ('tmxnqzvydv', 'yuvkrfltlrdvjnkzadnmqztxramkzg', 'SEC', 'GLOBAL');
INSERT INTO project_budgets (proj_name, budget) VALUES ('tmxnqzvydv', 76000);
INSERT INTO projects (proj_name, description, eng_type, region) VALUES ('iqtdctuguz', 'aubhbwhtiprwldipyhipotvradnmkl', 'SEC', 'APAC');
INSERT INTO project_budgets (proj_name, budget) VALUES ('iqtdctuguz', 47000);
INSERT INTO projects (proj_name, description, eng_type, region) VALUES ('zlexsexpsy', 'vcvmkynxmkkoshfgsanuhxnmsvifzl', 'SEC', 'SG');
INSERT INTO project_budgets (proj_name, budget) VALUES ('zlexsexpsy', 52000);
INSERT INTO projects (proj_name, description, eng_type, region) VALUES ('pzybfxjjqe', 'svygmtzkkyyrsokvfbmnczqvtzfmyv', 'SEC', 'HK');
INSERT INTO project_budgets (proj_name, budget) VALUES ('pzybfxjjqe', 95000);
INSERT INTO projects (proj_name, description, eng_type, region) VALUES ('nqlipzyuxs', 'hcjraqutxesylminjxmzdapfgwtlyt', 'SEC', 'EMEA');
INSERT INTO project_budgets (proj_name, budget) VALUES ('nqlipzyuxs', 70000);
INSERT INTO projects (proj_name, description, eng_type, region) VALUES ('caprswkggi', 'yjcsvsrdfcodtwqohqzpnnkofeoane', 'SEC', 'LON');
INSERT INTO project_budgets (proj_name, budget) VALUES ('caprswkggi', 44000);
INSERT INTO projects (proj_name, description, eng_type, region) VALUES ('woofjptwsq', 'oxkmrbdzxzsehfuogfeimqaajbqtua', 'SEC', 'PAR');
INSERT INTO project_budgets (proj_name, budget) VALUES ('woofjptwsq', 84000);
INSERT INTO projects (proj_name, description, eng_type, region) VALUES ('hiysiljqvq', 'thutuagxbfhthenjmmzbimyuroqchc', 'SEC', 'AMER');
INSERT INTO project_budgets (proj_name, budget) VALUES ('hiysiljqvq', 32000);
INSERT INTO projects (proj_name, description, eng_type, region) VALUES ('scauraovpj', 'vwiahfrkzcjseffbczaisdngleglme', 'SEC', 'NY');
INSERT INTO project_budgets (proj_name, budget) VALUES ('scauraovpj', 90000);
INSERT INTO projects (proj_name, description, eng_type, region) VALUES ('ofadehlqqx', 'rownacpwogbkbberzoxbzfqjhbhlnt', 'SEC', 'SF');
INSERT INTO project_budgets (proj_name, budget) VALUES ('ofadehlqqx', 71000);
INSERT INTO projects (proj_name, description, eng_type, region) VALUES ('ozeugwdaas', 'wqpusfzdbpxsmdlapyyaiyuuvpqrpf', 'SEC', 'GLOBAL');
INSERT INTO project_budgets (proj_name, budget) VALUES ('ozeugwdaas', 89000);
INSERT INTO projects (proj_name, description, eng_type, region) VALUES ('jskhkuodjk', 'exnkfumsvjqfdqxfhlorvnclwbnrqy', 'SEC', 'APAC');
INSERT INTO project_budgets (proj_name, budget) VALUES ('jskhkuodjk', 94000);
INSERT INTO projects (proj_name, description, eng_type, region) VALUES ('wnxlnhzxcj', 'blokqapikxvptlutojagcngfpdnomv', 'SEC', 'SG');
INSERT INTO project_budgets (proj_name, budget) VALUES ('wnxlnhzxcj', 84000);
INSERT INTO projects (proj_name, description, eng_type, region) VALUES ('otmqdxhnnb', 'ghdozttjlftbdtvvlbhodjjlvzkgex', 'SEC', 'HK');
INSERT INTO project_budgets (proj_name, budget) VALUES ('otmqdxhnnb', 55000);
INSERT INTO projects (proj_name, description, eng_type, region) VALUES ('lywdvelvgy', 'uvhlvgrzvnbytebvkncpgtpfiqwpzx', 'SEC', 'EMEA');
INSERT INTO project_budgets (proj_name, budget) VALUES ('lywdvelvgy', 99000);
INSERT INTO projects (proj_name, description, eng_type, region) VALUES ('gistsbndyp', 'emsqammxsawfgfktqegvdmrjcbezsw', 'SEC', 'LON');
INSERT INTO project_budgets (proj_name, budget) VALUES ('gistsbndyp', 51000);
INSERT INTO projects (proj_name, description, eng_type, region) VALUES ('ccfkfyyoqi', 'dqjcfthnwneobyrmyctzyuajgejslq', 'SEC', 'PAR');
INSERT INTO project_budgets (proj_name, budget) VALUES ('ccfkfyyoqi', 34000);
INSERT INTO projects (proj_name, description, eng_type, region) VALUES ('ownnqyjelx', 'wxliwqjrxagsgnrwduzuhsiohygpty', 'SEC', 'AMER');
INSERT INTO project_budgets (proj_name, budget) VALUES ('ownnqyjelx', 70000);
INSERT INTO projects (proj_name, description, eng_type, region) VALUES ('ohblmvuqdr', 'neecvqjgzpdeuqhiwnlcjzigepmoan', 'SEC', 'NY');
INSERT INTO project_budgets (proj_name, budget) VALUES ('ohblmvuqdr', 31000);
INSERT INTO projects (proj_name, description, eng_type, region) VALUES ('vfbfctsfve', 'etpawddbapruaecmezxxvlefpkbrfz', 'SEC', 'SF');
INSERT INTO project_budgets (proj_name, budget) VALUES ('vfbfctsfve', 53000);
INSERT INTO projects (proj_name, description, eng_type, region) VALUES ('wmbomwnvlf', 'rvzcsjhujnavyxxynzbrqdwqtmxxim', 'DOPS', 'GLOBAL');
INSERT INTO project_budgets (proj_name, budget) VALUES ('wmbomwnvlf', 94000);
INSERT INTO projects (proj_name, description, eng_type, region) VALUES ('dsbgamlbwu', 'fixtxbzqbpblpolaoconjdpwvcldsv', 'DOPS', 'APAC');
INSERT INTO project_budgets (proj_name, budget) VALUES ('dsbgamlbwu', 98000);
INSERT INTO projects (proj_name, description, eng_type, region) VALUES ('tfexiqwtbz', 'fuaonbrwemycokczzuqiivsxgmwvwh', 'DOPS', 'SG');
INSERT INTO project_budgets (proj_name, budget) VALUES ('tfexiqwtbz', 81000);
INSERT INTO projects (proj_name, description, eng_type, region) VALUES ('ocfqcjleop', 'objvrbpzzeovfufsqzvnbsnjvckyws', 'DOPS', 'HK');
INSERT INTO project_budgets (proj_name, budget) VALUES ('ocfqcjleop', 81000);
INSERT INTO projects (proj_name, description, eng_type, region) VALUES ('iejntufsfj', 'fbexswixzjkjpglwgxkkwtoxvdfugs', 'DOPS', 'EMEA');
INSERT INTO project_budgets (proj_name, budget) VALUES ('iejntufsfj', 58000);
INSERT INTO projects (proj_name, description, eng_type, region) VALUES ('pakrotqgcz', 'stbovcanhwhxqddtlplniodivcxpne', 'DOPS', 'LON');
INSERT INTO project_budgets (proj_name, budget) VALUES ('pakrotqgcz', 41000);
INSERT INTO projects (proj_name, description, eng_type, region) VALUES ('xipcvwqzkt', 'wpmijazgjgqtzdpndbwmgzptucmuod', 'DOPS', 'PAR');
INSERT INTO project_budgets (proj_name, budget) VALUES ('xipcvwqzkt', 31000);
INSERT INTO projects (proj_name, description, eng_type, region) VALUES ('ffrzhuethi', 'oywfumkjjnhxdfhmboyxliqtpaojor', 'DOPS', 'AMER');
INSERT INTO project_budgets (proj_name, budget) VALUES ('ffrzhuethi', 30000);
INSERT INTO projects (proj_name, description, eng_type, region) VALUES ('gxmnqsbuxl', 'bgqfqwuhbnhodiddqyzersrebkyevq', 'DOPS', 'NY');
INSERT INTO project_budgets (proj_name, budget) VALUES ('gxmnqsbuxl', 95000);
INSERT INTO projects (proj_name, description, eng_type, region) VALUES ('niuqxcpzpg', 'rswvhhpcsejzkoouqvleanbtnvuaip', 'DOPS', 'SF');
INSERT INTO project_budgets (proj_name, budget) VALUES ('niuqxcpzpg', 49000);
INSERT INTO projects (proj_name, description, eng_type, region) VALUES ('tzyasqziil', 'xreszxezswtaylfxibybzlzvweubeb', 'DOPS', 'GLOBAL');
INSERT INTO project_budgets (proj_name, budget) VALUES ('tzyasqziil', 74000);
INSERT INTO projects (proj_name, description, eng_type, region) VALUES ('klnetmdqwv', 'uatiylwoaudivzsuunfevzpkhnxdpy', 'DOPS', 'APAC');
INSERT INTO project_budgets (proj_name, budget) VALUES ('klnetmdqwv', 68000);
INSERT INTO projects (proj_name, description, eng_type, region) VALUES ('rlrbyfnrpi', 'yuhefwoprsrpoualxoldekmemmceem', 'DOPS', 'SG');
INSERT INTO project_budgets (proj_name, budget) VALUES ('rlrbyfnrpi', 62000);
INSERT INTO projects (proj_name, description, eng_type, region) VALUES ('enumpsumme', 'vjjqzxvdijltvbvuvkikasvytsqqzx', 'DOPS', 'HK');
INSERT INTO project_budgets (proj_name, budget) VALUES ('enumpsumme', 49000);
INSERT INTO projects (proj_name, description, eng_type, region) VALUES ('konwpidimb', 'eeunubatvseayrkvecnzvmfxxcvrim', 'DOPS', 'EMEA');
INSERT INTO project_budgets (proj_name, budget) VALUES ('konwpidimb', 63000);
INSERT INTO projects (proj_name, description, eng_type, region) VALUES ('xqdrojfbou', 'oqrgfourripsdohuuviivuyknuybyn', 'DOPS', 'LON');
INSERT INTO project_budgets (proj_name, budget) VALUES ('xqdrojfbou', 74000);
INSERT INTO projects (proj_name, description, eng_type, region) VALUES ('ayfqwtgmru', 'rjzukytbrjekrdtyymfdiacuwpdiyt', 'DOPS', 'PAR');
INSERT INTO project_budgets (proj_name, budget) VALUES ('ayfqwtgmru', 53000);
INSERT INTO projects (proj_name, description, eng_type, region) VALUES ('gtqekypmmw', 'evxwduhaakbqywozcgzycbjteqwdry', 'DOPS', 'AMER');
INSERT INTO project_budgets (proj_name, budget) VALUES ('gtqekypmmw', 71000);
INSERT INTO projects (proj_name, description, eng_type, region) VALUES ('jfmgonidmg', 'hjxaagrmtjmxykqodqwvluitaarydl', 'DOPS', 'NY');
INSERT INTO project_budgets (proj_name, budget) VALUES ('jfmgonidmg', 80000);
INSERT INTO projects (proj_name, description, eng_type, region) VALUES ('wmqdaidttj', 'unxdixvxwnbajwauppydoushzwhsuj', 'DOPS', 'SF');
INSERT INTO project_budgets (proj_name, budget) VALUES ('wmqdaidttj', 65000);
INSERT INTO projects (proj_name, description, eng_type, region) VALUES ('slbdtppwoi', 'dckrzbuipwocxjupiggteatgtbwnbz', 'DOPS', 'GLOBAL');
INSERT INTO project_budgets (proj_name, budget) VALUES ('slbdtppwoi', 71000);
INSERT INTO projects (proj_name, description, eng_type, region) VALUES ('enocywktjz', 'xsvzzvgxbhdnmgzajsjpebxfyymeoe', 'DOPS', 'APAC');
INSERT INTO project_budgets (proj_name, budget) VALUES ('enocywktjz', 48000);
INSERT INTO projects (proj_name, description, eng_type, region) VALUES ('qmrjdvrtkk', 'fjktiwmwwmelkbiztdvfpbudznbdwd', 'DOPS', 'SG');
INSERT INTO project_budgets (proj_name, budget) VALUES ('qmrjdvrtkk', 93000);
INSERT INTO projects (proj_name, description, eng_type, region) VALUES ('fhrywjxqhm', 'fgaancekffxjpjdxmeueqzoiipsbwh', 'DOPS', 'HK');
INSERT INTO project_budgets (proj_name, budget) VALUES ('fhrywjxqhm', 59000);
INSERT INTO projects (proj_name, description, eng_type, region) VALUES ('cilkkclnps', 'yyoqjgeemftaunzhualjyjezczmjsv', 'DOPS', 'EMEA');
INSERT INTO project_budgets (proj_name, budget) VALUES ('cilkkclnps', 73000);
INSERT INTO projects (proj_name, description, eng_type, region) VALUES ('ifgcghqysa', 'quucqybmmksdekwurtrwwckoxawplh', 'DOPS', 'LON');
INSERT INTO project_budgets (proj_name, budget) VALUES ('ifgcghqysa', 51000);
INSERT INTO projects (proj_name, description, eng_type, region) VALUES ('yuyjuddzfy', 'ieddrfoepffqlwqquqcluzffpbwrjh', 'DOPS', 'PAR');
INSERT INTO project_budgets (proj_name, budget) VALUES ('yuyjuddzfy', 46000);
INSERT INTO projects (proj_name, description, eng_type, region) VALUES ('iyjahbsrdy', 'kvcdydxivuqhmafkgfunwnnmyuktef', 'DOPS', 'AMER');
INSERT INTO project_budgets (proj_name, budget) VALUES ('iyjahbsrdy', 71000);
INSERT INTO projects (proj_name, description, eng_type, region) VALUES ('vwflggyrzl', 'bjyxrufqplccilhptuqtisttdtzmmo', 'DOPS', 'NY');
INSERT INTO project_budgets (proj_name, budget) VALUES ('vwflggyrzl', 72000);
INSERT INTO projects (proj_name, description, eng_type, region) VALUES ('hfnlusnttu', 'vxrwqkwhoalticgackepfmjenikapi', 'DOPS', 'SF');
INSERT INTO project_budgets (proj_name, budget) VALUES ('hfnlusnttu', 80000);
INSERT INTO projects (proj_name, description, eng_type, region) VALUES ('llftmvyjhm', 'brpyszbrdcawknjodonuqfllisdbul', 'FE', 'GLOBAL');
INSERT INTO project_budgets (proj_name, budget) VALUES ('llftmvyjhm', 100000);
INSERT INTO projects (proj_name, description, eng_type, region) VALUES ('shbimnjnyo', 'kglbvowqxxclsuhgspfjanefouhbvz', 'FE', 'APAC');
INSERT INTO project_budgets (proj_name, budget) VALUES ('shbimnjnyo', 42000);
INSERT INTO projects (proj_name, description, eng_type, region) VALUES ('iarxokfuun', 'utweecmthzsrqvychpwpwozrmfdere', 'FE', 'SG');
INSERT INTO project_budgets (proj_name, budget) VALUES ('iarxokfuun', 57000);
INSERT INTO projects (proj_name, description, eng_type, region) VALUES ('eqsjfcgdph', 'ahbmgpwppzyrgrkopdfmmydqpsulbq', 'FE', 'HK');
INSERT INTO project_budgets (proj_name, budget) VALUES ('eqsjfcgdph', 56000);
INSERT INTO projects (proj_name, description, eng_type, region) VALUES ('rjdtkeoolm', 'dqnpsnzucqmfhgoktawqpfsbpapgyn', 'FE', 'EMEA');
INSERT INTO project_budgets (proj_name, budget) VALUES ('rjdtkeoolm', 35000);
INSERT INTO projects (proj_name, description, eng_type, region) VALUES ('uofkavqrju', 'xncbuhfiqibtanysygxbxbptttymoq', 'FE', 'LON');
INSERT INTO project_budgets (proj_name, budget) VALUES ('uofkavqrju', 92000);
INSERT INTO projects (proj_name, description, eng_type, region) VALUES ('dpzernoopn', 'endtpjmmbvppqvpdyybzcrzcseqjvx', 'FE', 'PAR');
INSERT INTO project_budgets (proj_name, budget) VALUES ('dpzernoopn', 98000);
INSERT INTO projects (proj_name, description, eng_type, region) VALUES ('yxxlztucos', 'ihoqoekpsffhjfvejfzrgfpxtginxm', 'FE', 'AMER');
INSERT INTO project_budgets (proj_name, budget) VALUES ('yxxlztucos', 94000);
INSERT INTO projects (proj_name, description, eng_type, region) VALUES ('vhgzacbdxj', 'fxruxgquhqlgahojikbsimckxhtuwv', 'FE', 'NY');
INSERT INTO project_budgets (proj_name, budget) VALUES ('vhgzacbdxj', 93000);
INSERT INTO projects (proj_name, description, eng_type, region) VALUES ('ceyryzbjoj', 'jnilshdntxdyzxsgmgudsszupwratp', 'FE', 'SF');
INSERT INTO project_budgets (proj_name, budget) VALUES ('ceyryzbjoj', 32000);
INSERT INTO projects (proj_name, description, eng_type, region) VALUES ('surjklbouv', 'mpglwrpurhrpacwuqmjpatzadmhrty', 'FE', 'GLOBAL');
INSERT INTO project_budgets (proj_name, budget) VALUES ('surjklbouv', 99000);
INSERT INTO projects (proj_name, description, eng_type, region) VALUES ('hdegelmzle', 'rcdblslaeupwmbwrevmuyxeehehrud', 'FE', 'APAC');
INSERT INTO project_budgets (proj_name, budget) VALUES ('hdegelmzle', 50000);
INSERT INTO projects (proj_name, description, eng_type, region) VALUES ('aqqrxxhlei', 'xzpwocnnnhljesygnfepgkgygxndim', 'FE', 'SG');
INSERT INTO project_budgets (proj_name, budget) VALUES ('aqqrxxhlei', 69000);
INSERT INTO projects (proj_name, description, eng_type, region) VALUES ('pzzgjamqeu', 'hhybdvebetpmtdqfsvszvvplkgftpd', 'FE', 'HK');
INSERT INTO project_budgets (proj_name, budget) VALUES ('pzzgjamqeu', 59000);
INSERT INTO projects (proj_name, description, eng_type, region) VALUES ('pfzxjruclh', 'xykohxpueqnzykjlpgxwfxcuhdpmxb', 'FE', 'EMEA');
INSERT INTO project_budgets (proj_name, budget) VALUES ('pfzxjruclh', 35000);
INSERT INTO projects (proj_name, description, eng_type, region) VALUES ('opnczbfuuw', 'oxsnexpljfgtspzmyvmygjzgvkbqnl', 'FE', 'LON');
INSERT INTO project_budgets (proj_name, budget) VALUES ('opnczbfuuw', 69000);
INSERT INTO projects (proj_name, description, eng_type, region) VALUES ('racfnysqwz', 'jazizhhzvhipharvkytkadtztdlohp', 'FE', 'PAR');
INSERT INTO project_budgets (proj_name, budget) VALUES ('racfnysqwz', 56000);
INSERT INTO projects (proj_name, description, eng_type, region) VALUES ('ylugpiokxn', 'mwgevorfzwlxzxkmgwvxkiqtlgqrcu', 'FE', 'AMER');
INSERT INTO project_budgets (proj_name, budget) VALUES ('ylugpiokxn', 44000);
INSERT INTO projects (proj_name, description, eng_type, region) VALUES ('zwcspwrnae', 'uqpgercrjinbonauqbiedwvcfdeznn', 'FE', 'NY');
INSERT INTO project_budgets (proj_name, budget) VALUES ('zwcspwrnae', 96000);
INSERT INTO projects (proj_name, description, eng_type, region) VALUES ('iuxrzhwnsk', 'gfnvjlstaypzkksvdwkkkvzhbrnnuz', 'FE', 'SF');
INSERT INTO project_budgets (proj_name, budget) VALUES ('iuxrzhwnsk', 44000);
INSERT INTO projects (proj_name, description, eng_type, region) VALUES ('lblvejqwvk', 'ytyjjlkrjdcxqqcgcdzchcjkcoftug', 'FE', 'GLOBAL');
INSERT INTO project_budgets (proj_name, budget) VALUES ('lblvejqwvk', 64000);
INSERT INTO projects (proj_name, description, eng_type, region) VALUES ('wsqjbbrokc', 'otesigbmfgqkyxgcmjvvgvajndomhq', 'FE', 'APAC');
INSERT INTO project_budgets (proj_name, budget) VALUES ('wsqjbbrokc', 45000);
INSERT INTO projects (proj_name, description, eng_type, region) VALUES ('kgicegullc', 'jmunrwyymioikhezpmslynwwnxytqj', 'FE', 'SG');
INSERT INTO project_budgets (proj_name, budget) VALUES ('kgicegullc', 64000);
INSERT INTO projects (proj_name, description, eng_type, region) VALUES ('gwzgwyjmzd', 'wmflychtcmnopetcjapdugxwnwnmrj', 'FE', 'HK');
INSERT INTO project_budgets (proj_name, budget) VALUES ('gwzgwyjmzd', 79000);
INSERT INTO projects (proj_name, description, eng_type, region) VALUES ('emycgovzhj', 'ehnyjbwohcuqdypchqqrrxrccxtfhj', 'FE', 'EMEA');
INSERT INTO project_budgets (proj_name, budget) VALUES ('emycgovzhj', 38000);
INSERT INTO projects (proj_name, description, eng_type, region) VALUES ('kvaiusjrvv', 'ikvwuicbmaqfcuhoutqcpgeqaeljpz', 'FE', 'LON');
INSERT INTO project_budgets (proj_name, budget) VALUES ('kvaiusjrvv', 80000);
INSERT INTO projects (proj_name, description, eng_type, region) VALUES ('uqxgvhjpxd', 'klzwfulwehynzicuwlldtqjsioupmg', 'FE', 'PAR');
INSERT INTO project_budgets (proj_name, budget) VALUES ('uqxgvhjpxd', 76000);
INSERT INTO projects (proj_name, description, eng_type, region) VALUES ('xteldskruj', 'pdpxcydmrsjqvlkokqbiiakrvrjokf', 'FE', 'AMER');
INSERT INTO project_budgets (proj_name, budget) VALUES ('xteldskruj', 46000);
INSERT INTO projects (proj_name, description, eng_type, region) VALUES ('zglobugejt', 'tdtgjclofqtwddufbrxopdoaskygqo', 'FE', 'NY');
INSERT INTO project_budgets (proj_name, budget) VALUES ('zglobugejt', 49000);
INSERT INTO projects (proj_name, description, eng_type, region) VALUES ('ahryqixpxt', 'jljodrtpvzfcfvswbjayrhsaqolltg', 'FE', 'SF');
INSERT INTO project_budgets (proj_name, budget) VALUES ('ahryqixpxt', 80000);
INSERT INTO projects (proj_name, description, eng_type, region) VALUES ('cfluzypsxk', 'ocuysjppijzitbdqigquiwsebpmpii', 'BE', 'GLOBAL');
INSERT INTO project_budgets (proj_name, budget) VALUES ('cfluzypsxk', 41000);
INSERT INTO projects (proj_name, description, eng_type, region) VALUES ('vxrwaypfha', 'ukzqaxaxubgygvmnurgkmpexyjhooo', 'BE', 'APAC');
INSERT INTO project_budgets (proj_name, budget) VALUES ('vxrwaypfha', 81000);
INSERT INTO projects (proj_name, description, eng_type, region) VALUES ('jvgrngrmux', 'jrpocnjhtluguozonnpclodhlmsiku', 'BE', 'SG');
INSERT INTO project_budgets (proj_name, budget) VALUES ('jvgrngrmux', 94000);
INSERT INTO projects (proj_name, description, eng_type, region) VALUES ('nbxuhaeoub', 'nhcpytuddchbngzznpxfvgmntcxhbv', 'BE', 'HK');
INSERT INTO project_budgets (proj_name, budget) VALUES ('nbxuhaeoub', 65000);
INSERT INTO projects (proj_name, description, eng_type, region) VALUES ('qtjawkzzys', 'nwvnjtzcloqdtfkqfyxwablrlkyzaq', 'BE', 'EMEA');
INSERT INTO project_budgets (proj_name, budget) VALUES ('qtjawkzzys', 44000);
INSERT INTO projects (proj_name, description, eng_type, region) VALUES ('akglzdufgk', 'lxonsvcusjrlyojdznyqhbhbmiappg', 'BE', 'LON');
INSERT INTO project_budgets (proj_name, budget) VALUES ('akglzdufgk', 91000);
INSERT INTO projects (proj_name, description, eng_type, region) VALUES ('qncsciiqbl', 'ofnloativdbgkwgnymkgpkkymwhcbx', 'BE', 'PAR');
INSERT INTO project_budgets (proj_name, budget) VALUES ('qncsciiqbl', 96000);
INSERT INTO projects (proj_name, description, eng_type, region) VALUES ('ctznqolzwx', 'jzxueovfrmkhtnlyclgaontkavwxiz', 'BE', 'AMER');
INSERT INTO project_budgets (proj_name, budget) VALUES ('ctznqolzwx', 62000);
INSERT INTO projects (proj_name, description, eng_type, region) VALUES ('gzhrywibxl', 'oyfklyncxkxxvodeniqroxpdsqlcme', 'BE', 'NY');
INSERT INTO project_budgets (proj_name, budget) VALUES ('gzhrywibxl', 36000);
INSERT INTO projects (proj_name, description, eng_type, region) VALUES ('dblgctvjok', 'nxrfqfbvivuxzxltliubsryldqxsia', 'BE', 'SF');
INSERT INTO project_budgets (proj_name, budget) VALUES ('dblgctvjok', 66000);
INSERT INTO projects (proj_name, description, eng_type, region) VALUES ('ojypnzzyfc', 'tkjdnzdasxvuiyrdnykdhxuqepiuro', 'BE', 'GLOBAL');
INSERT INTO project_budgets (proj_name, budget) VALUES ('ojypnzzyfc', 58000);
INSERT INTO projects (proj_name, description, eng_type, region) VALUES ('ixtnjlgrjf', 'uxskqobcoccjlaonsihfrgjthzdepz', 'BE', 'APAC');
INSERT INTO project_budgets (proj_name, budget) VALUES ('ixtnjlgrjf', 77000);
INSERT INTO projects (proj_name, description, eng_type, region) VALUES ('xbvcgekvow', 'fmghnslqkeuwgrklkwrcfgxfhmpzej', 'BE', 'SG');
INSERT INTO project_budgets (proj_name, budget) VALUES ('xbvcgekvow', 64000);
INSERT INTO projects (proj_name, description, eng_type, region) VALUES ('wbkptiydre', 'bccmlyobgncggsfibrhpbsjyytjznb', 'BE', 'HK');
INSERT INTO project_budgets (proj_name, budget) VALUES ('wbkptiydre', 76000);
INSERT INTO projects (proj_name, description, eng_type, region) VALUES ('lyiawrmokw', 'kwmvdcorlalojmclewhkayymztipcv', 'BE', 'EMEA');
INSERT INTO project_budgets (proj_name, budget) VALUES ('lyiawrmokw', 95000);
INSERT INTO projects (proj_name, description, eng_type, region) VALUES ('qtyqtxnjhz', 'sccbqzezsennkddsftbnbputkrsghg', 'BE', 'LON');
INSERT INTO project_budgets (proj_name, budget) VALUES ('qtyqtxnjhz', 72000);
INSERT INTO projects (proj_name, description, eng_type, region) VALUES ('fsgnwjflin', 'ivgsqxiitebrbzjibzoljduhqutkdh', 'BE', 'PAR');
INSERT INTO project_budgets (proj_name, budget) VALUES ('fsgnwjflin', 39000);
INSERT INTO projects (proj_name, description, eng_type, region) VALUES ('uapedgvgpw', 'xhkzizvxawgmmetzauzpbgkqythash', 'BE', 'AMER');
INSERT INTO project_budgets (proj_name, budget) VALUES ('uapedgvgpw', 94000);
INSERT INTO projects (proj_name, description, eng_type, region) VALUES ('tyeshuigxc', 'hpjwewbjdyvxgqhnulpewfxuiftaja', 'BE', 'NY');
INSERT INTO project_budgets (proj_name, budget) VALUES ('tyeshuigxc', 46000);
INSERT INTO projects (proj_name, description, eng_type, region) VALUES ('osfwvguffu', 'cgfwszaajzgzkfasyjsjoszomwmnwn', 'BE', 'SF');
INSERT INTO project_budgets (proj_name, budget) VALUES ('osfwvguffu', 67000);
INSERT INTO projects (proj_name, description, eng_type, region) VALUES ('uvfcdaxucv', 'zeezuqjbvciezfugiyyijkqylfivxb', 'BE', 'GLOBAL');
INSERT INTO project_budgets (proj_name, budget) VALUES ('uvfcdaxucv', 70000);
INSERT INTO projects (proj_name, description, eng_type, region) VALUES ('gjgfcyohhf', 'muqjzfgdcgdpndfqdkfkegknqsmfmq', 'BE', 'APAC');
INSERT INTO project_budgets (proj_name, budget) VALUES ('gjgfcyohhf', 92000);
INSERT INTO projects (proj_name, description, eng_type, region) VALUES ('umsmhphcce', 'psxatibfuxprdjemuokiwjdpxzmxcj', 'BE', 'SG');
INSERT INTO project_budgets (proj_name, budget) VALUES ('umsmhphcce', 73000);
INSERT INTO projects (proj_name, description, eng_type, region) VALUES ('apbyxkukyy', 'ownalxlhgjwektvfhjzfudvckixxyj', 'BE', 'HK');
INSERT INTO project_budgets (proj_name, budget) VALUES ('apbyxkukyy', 38000);
INSERT INTO projects (proj_name, description, eng_type, region) VALUES ('gpnjszgtnt', 'pryubiwlriqpytblkcnaoqgmbjixws', 'BE', 'EMEA');
INSERT INTO project_budgets (proj_name, budget) VALUES ('gpnjszgtnt', 39000);
INSERT INTO projects (proj_name, description, eng_type, region) VALUES ('ijhhofjull', 'klxxlittdfiepcgglnsvogmcgspemn', 'BE', 'LON');
INSERT INTO project_budgets (proj_name, budget) VALUES ('ijhhofjull', 58000);
INSERT INTO projects (proj_name, description, eng_type, region) VALUES ('kvgrkwourx', 'gftlqqnmoipnpvodfnvuljocqifpzv', 'BE', 'PAR');
INSERT INTO project_budgets (proj_name, budget) VALUES ('kvgrkwourx', 68000);
INSERT INTO projects (proj_name, description, eng_type, region) VALUES ('rkjqxzrdiv', 'bdcaonlustjnsignozwinvjupwbcxj', 'BE', 'AMER');
INSERT INTO project_budgets (proj_name, budget) VALUES ('rkjqxzrdiv', 60000);
INSERT INTO projects (proj_name, description, eng_type, region) VALUES ('xeajswhbzo', 'qczkrqitjxmfcrsdhgxylqkseqsqyv', 'BE', 'NY');
INSERT INTO project_budgets (proj_name, budget) VALUES ('xeajswhbzo', 78000);
INSERT INTO projects (proj_name, description, eng_type, region) VALUES ('itawfuyxdy', 'elyrygrwgxhwypqrdxkpxzaectizto', 'BE', 'SF');
INSERT INTO project_budgets (proj_name, budget) VALUES ('itawfuyxdy', 84000);
INSERT INTO projects (proj_name, description, eng_type, region) VALUES ('ihncovwjbu', 'uajbjzqgthbcddsvuywwhawlclrjvr', 'SEC', 'GLOBAL');
INSERT INTO project_budgets (proj_name, budget) VALUES ('ihncovwjbu', 97000);
INSERT INTO projects (proj_name, description, eng_type, region) VALUES ('bjqzhtuqxe', 'amrkpknqxzpyqydqzaateiddhgbkli', 'SEC', 'APAC');
INSERT INTO project_budgets (proj_name, budget) VALUES ('bjqzhtuqxe', 83000);
INSERT INTO projects (proj_name, description, eng_type, region) VALUES ('mbjjsqsxbv', 'oisqwtvvfjpwzujvgzvhkmkrixcgur', 'SEC', 'SG');
INSERT INTO project_budgets (proj_name, budget) VALUES ('mbjjsqsxbv', 54000);
INSERT INTO projects (proj_name, description, eng_type, region) VALUES ('bunmecqpnm', 'ispzgptiwpgsqryutwjedvmhvmqxgd', 'SEC', 'HK');
INSERT INTO project_budgets (proj_name, budget) VALUES ('bunmecqpnm', 66000);
INSERT INTO projects (proj_name, description, eng_type, region) VALUES ('fzdwcxciqu', 'icxfzxgjjrmgwzgayydpsabwbrycem', 'SEC', 'EMEA');
INSERT INTO project_budgets (proj_name, budget) VALUES ('fzdwcxciqu', 97000);
INSERT INTO projects (proj_name, description, eng_type, region) VALUES ('oyplbduqxe', 'jmrtoqekyaqkgkbjpyunndtoudbfvb', 'SEC', 'LON');
INSERT INTO project_budgets (proj_name, budget) VALUES ('oyplbduqxe', 74000);
INSERT INTO projects (proj_name, description, eng_type, region) VALUES ('xogchukxvi', 'qsuvzaipsfszieyuivhqrvcbvzxdzz', 'SEC', 'PAR');
INSERT INTO project_budgets (proj_name, budget) VALUES ('xogchukxvi', 39000);
INSERT INTO projects (proj_name, description, eng_type, region) VALUES ('jhqmyvmzww', 'vznwlummsmmoucccjibypxqktjhgpq', 'SEC', 'AMER');
INSERT INTO project_budgets (proj_name, budget) VALUES ('jhqmyvmzww', 57000);
INSERT INTO projects (proj_name, description, eng_type, region) VALUES ('lpbajtvbkj', 'fxjypukvxyvhggufartbvotohdwkfy', 'SEC', 'NY');
INSERT INTO project_budgets (proj_name, budget) VALUES ('lpbajtvbkj', 39000);
INSERT INTO projects (proj_name, description, eng_type, region) VALUES ('dazqzcrxne', 'rxfsyipkgcgyomqxrresnppnxoqdkh', 'SEC', 'SF');
INSERT INTO project_budgets (proj_name, budget) VALUES ('dazqzcrxne', 84000);
INSERT INTO projects (proj_name, description, eng_type, region) VALUES ('osqpsaltlg', 'vyhsyyhlhnscmzgnhxhbefdravjiww', 'SEC', 'GLOBAL');
INSERT INTO project_budgets (proj_name, budget) VALUES ('osqpsaltlg', 51000);
INSERT INTO projects (proj_name, description, eng_type, region) VALUES ('ssofdfvcud', 'gqiejufdbnvekiyqimcamhchxexxhn', 'SEC', 'APAC');
INSERT INTO project_budgets (proj_name, budget) VALUES ('ssofdfvcud', 42000);
INSERT INTO projects (proj_name, description, eng_type, region) VALUES ('ooeldvfpft', 'gjyxvcnykwpdfpemibictkvilbwfbs', 'SEC', 'SG');
INSERT INTO project_budgets (proj_name, budget) VALUES ('ooeldvfpft', 100000);
INSERT INTO projects (proj_name, description, eng_type, region) VALUES ('vjqlsdhnlf', 'afvfgwldgdstdukapdkjawgnbtgjgh', 'SEC', 'HK');
INSERT INTO project_budgets (proj_name, budget) VALUES ('vjqlsdhnlf', 70000);
INSERT INTO projects (proj_name, description, eng_type, region) VALUES ('yahdvfgtbu', 'rpwrqoymsjxzfsacsgepphvbyfucxw', 'SEC', 'EMEA');
INSERT INTO project_budgets (proj_name, budget) VALUES ('yahdvfgtbu', 39000);
INSERT INTO projects (proj_name, description, eng_type, region) VALUES ('cexdcwnbvk', 'gxttllftxleacquixpvzfxivzabvzm', 'SEC', 'LON');
INSERT INTO project_budgets (proj_name, budget) VALUES ('cexdcwnbvk', 51000);
INSERT INTO projects (proj_name, description, eng_type, region) VALUES ('qjqcikueez', 'mjlvgdenepxyiunuagbkkzqvmdaryg', 'SEC', 'PAR');
INSERT INTO project_budgets (proj_name, budget) VALUES ('qjqcikueez', 80000);
INSERT INTO projects (proj_name, description, eng_type, region) VALUES ('aatpdqobtr', 'obzfjrimljtwoiyawocxggvqkmdnci', 'SEC', 'AMER');
INSERT INTO project_budgets (proj_name, budget) VALUES ('aatpdqobtr', 60000);
INSERT INTO projects (proj_name, description, eng_type, region) VALUES ('wnemeiamor', 'pyilqdbilhgzwsoplvgkbeppwsfepd', 'SEC', 'NY');
INSERT INTO project_budgets (proj_name, budget) VALUES ('wnemeiamor', 30000);
INSERT INTO projects (proj_name, description, eng_type, region) VALUES ('upftkexode', 'eksdfrahyfvbsunyzyfvjmgvwbyinf', 'SEC', 'SF');
INSERT INTO project_budgets (proj_name, budget) VALUES ('upftkexode', 47000);
INSERT INTO projects (proj_name, description, eng_type, region) VALUES ('ndiesxwbit', 'lyavpgznlmkjbxhrkkgfoaxjvgwfgp', 'SEC', 'GLOBAL');
INSERT INTO project_budgets (proj_name, budget) VALUES ('ndiesxwbit', 100000);
INSERT INTO projects (proj_name, description, eng_type, region) VALUES ('yzjkyeznjw', 'ixuujhruuqydexpiyatmbbgonlvfsy', 'SEC', 'APAC');
INSERT INTO project_budgets (proj_name, budget) VALUES ('yzjkyeznjw', 49000);
INSERT INTO projects (proj_name, description, eng_type, region) VALUES ('ycpoxmluez', 'bdwuoikwpyqerxlkyejglfplqztxrf', 'SEC', 'SG');
INSERT INTO project_budgets (proj_name, budget) VALUES ('ycpoxmluez', 72000);
INSERT INTO projects (proj_name, description, eng_type, region) VALUES ('rnxfnxpany', 'sfospazovvstmsumrmflnvbeaalanh', 'SEC', 'HK');
INSERT INTO project_budgets (proj_name, budget) VALUES ('rnxfnxpany', 83000);
INSERT INTO projects (proj_name, description, eng_type, region) VALUES ('gohtzoilyx', 'tpynoiunqpacyfjecqsqykcbgsbfsj', 'SEC', 'EMEA');
INSERT INTO project_budgets (proj_name, budget) VALUES ('gohtzoilyx', 92000);
INSERT INTO projects (proj_name, description, eng_type, region) VALUES ('vjjwbxlmzm', 'evkhijzcfpncrbbqkilfrmmedfloxo', 'SEC', 'LON');
INSERT INTO project_budgets (proj_name, budget) VALUES ('vjjwbxlmzm', 68000);
INSERT INTO projects (proj_name, description, eng_type, region) VALUES ('edyzejlxhg', 'abavuendkczokwhchidfnlqcvduxom', 'SEC', 'PAR');
INSERT INTO project_budgets (proj_name, budget) VALUES ('edyzejlxhg', 64000);
INSERT INTO projects (proj_name, description, eng_type, region) VALUES ('fapuuiasjg', 'siqunmqxbcltljpgnsbhcicysxhouu', 'SEC', 'AMER');
INSERT INTO project_budgets (proj_name, budget) VALUES ('fapuuiasjg', 44000);
INSERT INTO projects (proj_name, description, eng_type, region) VALUES ('snnbsjcthi', 'ijugmokakwwiatmvxgzmdxafeddmwu', 'SEC', 'NY');
INSERT INTO project_budgets (proj_name, budget) VALUES ('snnbsjcthi', 64000);
INSERT INTO projects (proj_name, description, eng_type, region) VALUES ('zisycliqet', 'vuithsrobsvwbfsxjorunxnyusbnui', 'SEC', 'SF');
INSERT INTO project_budgets (proj_name, budget) VALUES ('zisycliqet', 50000);
INSERT INTO projects (proj_name, description, eng_type, region) VALUES ('srxndleziw', 'azxnohbwhaoeeyzrcuuhhmjjxxccey', 'DOPS', 'GLOBAL');
INSERT INTO project_budgets (proj_name, budget) VALUES ('srxndleziw', 68000);
INSERT INTO projects (proj_name, description, eng_type, region) VALUES ('dyypksixdv', 'pqbkdlnlycxzqczfdypkswlhqruubg', 'DOPS', 'APAC');
INSERT INTO project_budgets (proj_name, budget) VALUES ('dyypksixdv', 100000);
INSERT INTO projects (proj_name, description, eng_type, region) VALUES ('ahcqporxlb', 'mujlxstpznjimpyrdjppxmseptobdl', 'DOPS', 'SG');
INSERT INTO project_budgets (proj_name, budget) VALUES ('ahcqporxlb', 88000);
INSERT INTO projects (proj_name, description, eng_type, region) VALUES ('jhytdukksc', 'evizmldpykmzkozuaaknplzjkwxgsd', 'DOPS', 'HK');
INSERT INTO project_budgets (proj_name, budget) VALUES ('jhytdukksc', 75000);
INSERT INTO projects (proj_name, description, eng_type, region) VALUES ('ovtvhkldel', 'wfdjsemlvhjszmnndfthvzwoihlivh', 'DOPS', 'EMEA');
INSERT INTO project_budgets (proj_name, budget) VALUES ('ovtvhkldel', 44000);
INSERT INTO projects (proj_name, description, eng_type, region) VALUES ('jhoxuzirlm', 'akjjbctkmfksularzklcbofilozavu', 'DOPS', 'LON');
INSERT INTO project_budgets (proj_name, budget) VALUES ('jhoxuzirlm', 35000);
INSERT INTO projects (proj_name, description, eng_type, region) VALUES ('zmntnbuglt', 'jioyihayxauxrzxehuqdsyyfwjzzab', 'DOPS', 'PAR');
INSERT INTO project_budgets (proj_name, budget) VALUES ('zmntnbuglt', 74000);
INSERT INTO projects (proj_name, description, eng_type, region) VALUES ('hcmekzylbz', 'cgecglmrgikogyrnbtjdmbcqslyzhq', 'DOPS', 'AMER');
INSERT INTO project_budgets (proj_name, budget) VALUES ('hcmekzylbz', 76000);
INSERT INTO projects (proj_name, description, eng_type, region) VALUES ('emoosrgtak', 'cetqqklzgaewdkwcqfmabjuhkmnnto', 'DOPS', 'NY');
INSERT INTO project_budgets (proj_name, budget) VALUES ('emoosrgtak', 41000);
INSERT INTO projects (proj_name, description, eng_type, region) VALUES ('qypbwdquae', 'vsglaclkdalambwnuiqoywkkojthlq', 'DOPS', 'SF');
INSERT INTO project_budgets (proj_name, budget) VALUES ('qypbwdquae', 66000);
INSERT INTO projects (proj_name, description, eng_type, region) VALUES ('ngdwjanfew', 'lzzgrxjixskntxodnkqirrkjnzuknc', 'DOPS', 'GLOBAL');
INSERT INTO project_budgets (proj_name, budget) VALUES ('ngdwjanfew', 88000);
INSERT INTO projects (proj_name, description, eng_type, region) VALUES ('oxdkxonokn', 'qmtsosfsjdghejjqpxqollapapxyaz', 'DOPS', 'APAC');
INSERT INTO project_budgets (proj_name, budget) VALUES ('oxdkxonokn', 84000);
INSERT INTO projects (proj_name, description, eng_type, region) VALUES ('bxsikmonzj', 'qprmdeulkgrgywquoetlbllgikhtgw', 'DOPS', 'SG');
INSERT INTO project_budgets (proj_name, budget) VALUES ('bxsikmonzj', 100000);
INSERT INTO projects (proj_name, description, eng_type, region) VALUES ('gzxbdhmiwy', 'cyoqkxpzwolyoezktbavuxbcaqjzdr', 'DOPS', 'HK');
INSERT INTO project_budgets (proj_name, budget) VALUES ('gzxbdhmiwy', 62000);
INSERT INTO projects (proj_name, description, eng_type, region) VALUES ('wyrxrlpfdh', 'yxgmjjkukrbepygytmgdakmxixipuy', 'DOPS', 'EMEA');
INSERT INTO project_budgets (proj_name, budget) VALUES ('wyrxrlpfdh', 96000);
INSERT INTO projects (proj_name, description, eng_type, region) VALUES ('qkexlpveuf', 'jedvldgmqhzazscoffpodughsbaqzs', 'DOPS', 'LON');
INSERT INTO project_budgets (proj_name, budget) VALUES ('qkexlpveuf', 68000);
INSERT INTO projects (proj_name, description, eng_type, region) VALUES ('ooxkrsamtx', 'wrcsktmsvvngxkvghcxigagghkxeur', 'DOPS', 'PAR');
INSERT INTO project_budgets (proj_name, budget) VALUES ('ooxkrsamtx', 41000);
INSERT INTO projects (proj_name, description, eng_type, region) VALUES ('iayvmzzawg', 'nbzpvpscfuwkhvvqddosobphuvrezj', 'DOPS', 'AMER');
INSERT INTO project_budgets (proj_name, budget) VALUES ('iayvmzzawg', 68000);
INSERT INTO projects (proj_name, description, eng_type, region) VALUES ('ktntgjlnai', 'tkcxslkjngyuyvhgoptdyqhuwduckx', 'DOPS', 'NY');
INSERT INTO project_budgets (proj_name, budget) VALUES ('ktntgjlnai', 82000);
INSERT INTO projects (proj_name, description, eng_type, region) VALUES ('bcweovkqzv', 'jsqzqlfjvvcqylmtgbxooykydnkjri', 'DOPS', 'SF');
INSERT INTO project_budgets (proj_name, budget) VALUES ('bcweovkqzv', 79000);
INSERT INTO projects (proj_name, description, eng_type, region) VALUES ('kwmfpqjuty', 'zceyxurevbzhjpyslbldknxldymmuf', 'DOPS', 'GLOBAL');
INSERT INTO project_budgets (proj_name, budget) VALUES ('kwmfpqjuty', 35000);
INSERT INTO projects (proj_name, description, eng_type, region) VALUES ('bezehqowad', 'bmlqblarsbdgwzwikoegvtntxcrivv', 'DOPS', 'APAC');
INSERT INTO project_budgets (proj_name, budget) VALUES ('bezehqowad', 90000);
INSERT INTO projects (proj_name, description, eng_type, region) VALUES ('hhbnsdqhoq', 'ylotigrjpxyitjxasimiubapvuwiui', 'DOPS', 'SG');
INSERT INTO project_budgets (proj_name, budget) VALUES ('hhbnsdqhoq', 77000);
INSERT INTO projects (proj_name, description, eng_type, region) VALUES ('kzuyvngdrh', 'qtzvzndufsqrcbdulskluiahvdwing', 'DOPS', 'HK');
INSERT INTO project_budgets (proj_name, budget) VALUES ('kzuyvngdrh', 70000);
INSERT INTO projects (proj_name, description, eng_type, region) VALUES ('namzjrsxux', 'etedvyzsbtuzmutgkwzwuqevjooesu', 'DOPS', 'EMEA');
INSERT INTO project_budgets (proj_name, budget) VALUES ('namzjrsxux', 72000);
INSERT INTO projects (proj_name, description, eng_type, region) VALUES ('zoncahhazb', 'qcixwmgrreokfoiubvmhsvaysizalt', 'DOPS', 'LON');
INSERT INTO project_budgets (proj_name, budget) VALUES ('zoncahhazb', 95000);
INSERT INTO projects (proj_name, description, eng_type, region) VALUES ('qohdwbmydv', 'nwyqdmalcxeroxubgcvhnxqnqtscpq', 'DOPS', 'PAR');
INSERT INTO project_budgets (proj_name, budget) VALUES ('qohdwbmydv', 40000);
INSERT INTO projects (proj_name, description, eng_type, region) VALUES ('xjnmrdedel', 'fmqsperzvlxogxzyfwdvbjyiqagaas', 'DOPS', 'AMER');
INSERT INTO project_budgets (proj_name, budget) VALUES ('xjnmrdedel', 86000);
INSERT INTO projects (proj_name, description, eng_type, region) VALUES ('czrzlevfas', 'vqieggsmaaewcxhgulrvqvfqsbtaos', 'DOPS', 'NY');
INSERT INTO project_budgets (proj_name, budget) VALUES ('czrzlevfas', 44000);
INSERT INTO projects (proj_name, description, eng_type, region) VALUES ('xctoanqstp', 'rokhagvgowdpbmhhpaqrxhfqmehukw', 'DOPS', 'SF');
INSERT INTO project_budgets (proj_name, budget) VALUES ('xctoanqstp', 33000);
