INSERT INTO employees (emp_name, phone, position, dept, region) VALUES ('tsqnatjpup', '97649667', 'DIR', 'HR', 'GLOBAL');
INSERT INTO salary (emp_name, salary) VALUES ('tsqnatjpup', 44000);
INSERT INTO employees (emp_name, phone, position, dept, region) VALUES ('ilcqodszvw', '96084470', 'DIR', 'HR', 'APAC');
INSERT INTO salary (emp_name, salary) VALUES ('ilcqodszvw', 90000);
INSERT INTO employees (emp_name, phone, position, dept, region) VALUES ('fasmfptxuq', '91236704', 'DIR', 'HR', 'SG');
INSERT INTO salary (emp_name, salary) VALUES ('fasmfptxuq', 83000);
INSERT INTO employees (emp_name, phone, position, dept, region) VALUES ('flvyaznwet', '95988946', 'DIR', 'HR', 'HK');
INSERT INTO salary (emp_name, salary) VALUES ('flvyaznwet', 86000);
INSERT INTO employees (emp_name, phone, position, dept, region) VALUES ('swasxyawvi', '97617939', 'DIR', 'HR', 'EMEA');
INSERT INTO salary (emp_name, salary) VALUES ('swasxyawvi', 60000);
INSERT INTO employees (emp_name, phone, position, dept, region) VALUES ('ifgteeicqx', '98040586', 'DIR', 'HR', 'LON');
INSERT INTO salary (emp_name, salary) VALUES ('ifgteeicqx', 79000);
INSERT INTO employees (emp_name, phone, position, dept, region) VALUES ('wiwvbsfmon', '97664795', 'DIR', 'HR', 'PAR');
INSERT INTO salary (emp_name, salary) VALUES ('wiwvbsfmon', 30000);
INSERT INTO employees (emp_name, phone, position, dept, region) VALUES ('joeyuqbuvb', '93965251', 'DIR', 'HR', 'AMER');
INSERT INTO salary (emp_name, salary) VALUES ('joeyuqbuvb', 74000);
INSERT INTO employees (emp_name, phone, position, dept, region) VALUES ('uzyrgmtquf', '99536858', 'DIR', 'HR', 'NY');
INSERT INTO salary (emp_name, salary) VALUES ('uzyrgmtquf', 30000);
INSERT INTO employees (emp_name, phone, position, dept, region) VALUES ('fqaghanzej', '95094104', 'DIR', 'HR', 'SF');
INSERT INTO salary (emp_name, salary) VALUES ('fqaghanzej', 68000);
INSERT INTO employees (emp_name, phone, position, dept, region) VALUES ('wiqhvcdvog', '93679962', 'MGR', 'HR', 'GLOBAL');
INSERT INTO salary (emp_name, salary) VALUES ('wiqhvcdvog', 46000);
INSERT INTO employees (emp_name, phone, position, dept, region) VALUES ('eehuqvastf', '98219267', 'MGR', 'HR', 'APAC');
INSERT INTO salary (emp_name, salary) VALUES ('eehuqvastf', 38000);
INSERT INTO employees (emp_name, phone, position, dept, region) VALUES ('vdymubpkti', '95656474', 'MGR', 'HR', 'SG');
INSERT INTO salary (emp_name, salary) VALUES ('vdymubpkti', 90000);
INSERT INTO employees (emp_name, phone, position, dept, region) VALUES ('fjjhmvzoze', '99767880', 'MGR', 'HR', 'HK');
INSERT INTO salary (emp_name, salary) VALUES ('fjjhmvzoze', 44000);
INSERT INTO employees (emp_name, phone, position, dept, region) VALUES ('hmztkybbpi', '91871891', 'MGR', 'HR', 'EMEA');
INSERT INTO salary (emp_name, salary) VALUES ('hmztkybbpi', 63000);
INSERT INTO employees (emp_name, phone, position, dept, region) VALUES ('yudgmgoklz', '94784837', 'MGR', 'HR', 'LON');
INSERT INTO salary (emp_name, salary) VALUES ('yudgmgoklz', 81000);
INSERT INTO employees (emp_name, phone, position, dept, region) VALUES ('ioekuqzufx', '90941211', 'MGR', 'HR', 'PAR');
INSERT INTO salary (emp_name, salary) VALUES ('ioekuqzufx', 74000);
INSERT INTO employees (emp_name, phone, position, dept, region) VALUES ('pqmaqylair', '97618983', 'MGR', 'HR', 'AMER');
INSERT INTO salary (emp_name, salary) VALUES ('pqmaqylair', 95000);
INSERT INTO employees (emp_name, phone, position, dept, region) VALUES ('okpwgrfhvu', '98244013', 'MGR', 'HR', 'NY');
INSERT INTO salary (emp_name, salary) VALUES ('okpwgrfhvu', 66000);
INSERT INTO employees (emp_name, phone, position, dept, region) VALUES ('yzmvxfsdth', '96950940', 'MGR', 'HR', 'SF');
INSERT INTO salary (emp_name, salary) VALUES ('yzmvxfsdth', 54000);
INSERT INTO employees (emp_name, phone, position, dept, region) VALUES ('axbtcndyqy', '97661616', 'EMP', 'HR', 'GLOBAL');
INSERT INTO salary (emp_name, salary) VALUES ('axbtcndyqy', 77000);
INSERT INTO employees (emp_name, phone, position, dept, region) VALUES ('xpcgmmilwc', '95254342', 'EMP', 'HR', 'APAC');
INSERT INTO salary (emp_name, salary) VALUES ('xpcgmmilwc', 92000);
INSERT INTO employees (emp_name, phone, position, dept, region) VALUES ('peeifxfrpr', '96074464', 'EMP', 'HR', 'SG');
INSERT INTO salary (emp_name, salary) VALUES ('peeifxfrpr', 53000);
INSERT INTO employees (emp_name, phone, position, dept, region) VALUES ('tluomtfggk', '96138649', 'EMP', 'HR', 'HK');
INSERT INTO salary (emp_name, salary) VALUES ('tluomtfggk', 67000);
INSERT INTO employees (emp_name, phone, position, dept, region) VALUES ('ipaflgdxhd', '94451184', 'EMP', 'HR', 'EMEA');
INSERT INTO salary (emp_name, salary) VALUES ('ipaflgdxhd', 51000);
INSERT INTO employees (emp_name, phone, position, dept, region) VALUES ('wnazhencio', '98743860', 'EMP', 'HR', 'LON');
INSERT INTO salary (emp_name, salary) VALUES ('wnazhencio', 65000);
INSERT INTO employees (emp_name, phone, position, dept, region) VALUES ('mjvjvalmco', '93745142', 'EMP', 'HR', 'PAR');
INSERT INTO salary (emp_name, salary) VALUES ('mjvjvalmco', 70000);
INSERT INTO employees (emp_name, phone, position, dept, region) VALUES ('oicaywqykj', '94412753', 'EMP', 'HR', 'AMER');
INSERT INTO salary (emp_name, salary) VALUES ('oicaywqykj', 77000);
INSERT INTO employees (emp_name, phone, position, dept, region) VALUES ('ksveqyhgij', '98486571', 'EMP', 'HR', 'NY');
INSERT INTO salary (emp_name, salary) VALUES ('ksveqyhgij', 70000);
INSERT INTO employees (emp_name, phone, position, dept, region) VALUES ('nxgxberbvy', '94093524', 'EMP', 'HR', 'SF');
INSERT INTO salary (emp_name, salary) VALUES ('nxgxberbvy', 81000);
INSERT INTO employees (emp_name, phone, position, dept, region) VALUES ('nlqnxbaadp', '98678244', 'DIR', 'FIN', 'GLOBAL');
INSERT INTO salary (emp_name, salary) VALUES ('nlqnxbaadp', 40000);
INSERT INTO employees (emp_name, phone, position, dept, region) VALUES ('cigoulermn', '94305881', 'DIR', 'FIN', 'APAC');
INSERT INTO salary (emp_name, salary) VALUES ('cigoulermn', 72000);
INSERT INTO employees (emp_name, phone, position, dept, region) VALUES ('wcreiejgdf', '98062689', 'DIR', 'FIN', 'SG');
INSERT INTO salary (emp_name, salary) VALUES ('wcreiejgdf', 32000);
INSERT INTO employees (emp_name, phone, position, dept, region) VALUES ('nhkyspdyfx', '95162887', 'DIR', 'FIN', 'HK');
INSERT INTO salary (emp_name, salary) VALUES ('nhkyspdyfx', 48000);
INSERT INTO employees (emp_name, phone, position, dept, region) VALUES ('lsvcnbhxxu', '91285381', 'DIR', 'FIN', 'EMEA');
INSERT INTO salary (emp_name, salary) VALUES ('lsvcnbhxxu', 91000);
INSERT INTO employees (emp_name, phone, position, dept, region) VALUES ('gfrpcnveto', '96287867', 'DIR', 'FIN', 'LON');
INSERT INTO salary (emp_name, salary) VALUES ('gfrpcnveto', 42000);
INSERT INTO employees (emp_name, phone, position, dept, region) VALUES ('rtvpkrwjff', '93538699', 'DIR', 'FIN', 'PAR');
INSERT INTO salary (emp_name, salary) VALUES ('rtvpkrwjff', 53000);
INSERT INTO employees (emp_name, phone, position, dept, region) VALUES ('gdqrahocqn', '94078185', 'DIR', 'FIN', 'AMER');
INSERT INTO salary (emp_name, salary) VALUES ('gdqrahocqn', 99000);
INSERT INTO employees (emp_name, phone, position, dept, region) VALUES ('oxqkrsepkd', '98177081', 'DIR', 'FIN', 'NY');
INSERT INTO salary (emp_name, salary) VALUES ('oxqkrsepkd', 55000);
INSERT INTO employees (emp_name, phone, position, dept, region) VALUES ('mmvjvwlohr', '97129041', 'DIR', 'FIN', 'SF');
INSERT INTO salary (emp_name, salary) VALUES ('mmvjvwlohr', 53000);
INSERT INTO employees (emp_name, phone, position, dept, region) VALUES ('spaxsnwvow', '97848257', 'MGR', 'FIN', 'GLOBAL');
INSERT INTO salary (emp_name, salary) VALUES ('spaxsnwvow', 68000);
INSERT INTO employees (emp_name, phone, position, dept, region) VALUES ('zmiosaryuv', '91583093', 'MGR', 'FIN', 'APAC');
INSERT INTO salary (emp_name, salary) VALUES ('zmiosaryuv', 71000);
INSERT INTO employees (emp_name, phone, position, dept, region) VALUES ('ysuvvvgozj', '99333371', 'MGR', 'FIN', 'SG');
INSERT INTO salary (emp_name, salary) VALUES ('ysuvvvgozj', 95000);
INSERT INTO employees (emp_name, phone, position, dept, region) VALUES ('wrbwhuureg', '94048758', 'MGR', 'FIN', 'HK');
INSERT INTO salary (emp_name, salary) VALUES ('wrbwhuureg', 41000);
INSERT INTO employees (emp_name, phone, position, dept, region) VALUES ('ktfjophbae', '94386866', 'MGR', 'FIN', 'EMEA');
INSERT INTO salary (emp_name, salary) VALUES ('ktfjophbae', 69000);
INSERT INTO employees (emp_name, phone, position, dept, region) VALUES ('ycmyufmhje', '93506930', 'MGR', 'FIN', 'LON');
INSERT INTO salary (emp_name, salary) VALUES ('ycmyufmhje', 92000);
INSERT INTO employees (emp_name, phone, position, dept, region) VALUES ('yevjkxnrby', '93553534', 'MGR', 'FIN', 'PAR');
INSERT INTO salary (emp_name, salary) VALUES ('yevjkxnrby', 91000);
INSERT INTO employees (emp_name, phone, position, dept, region) VALUES ('spmluoykrj', '93354113', 'MGR', 'FIN', 'AMER');
INSERT INTO salary (emp_name, salary) VALUES ('spmluoykrj', 38000);
INSERT INTO employees (emp_name, phone, position, dept, region) VALUES ('grpxxpacag', '94971881', 'MGR', 'FIN', 'NY');
INSERT INTO salary (emp_name, salary) VALUES ('grpxxpacag', 87000);
INSERT INTO employees (emp_name, phone, position, dept, region) VALUES ('swywwyudzh', '93370300', 'MGR', 'FIN', 'SF');
INSERT INTO salary (emp_name, salary) VALUES ('swywwyudzh', 64000);
INSERT INTO employees (emp_name, phone, position, dept, region) VALUES ('kjykjjghto', '98243049', 'EMP', 'FIN', 'GLOBAL');
INSERT INTO salary (emp_name, salary) VALUES ('kjykjjghto', 88000);
INSERT INTO employees (emp_name, phone, position, dept, region) VALUES ('zyuekwzhxc', '91288755', 'EMP', 'FIN', 'APAC');
INSERT INTO salary (emp_name, salary) VALUES ('zyuekwzhxc', 42000);
INSERT INTO employees (emp_name, phone, position, dept, region) VALUES ('njfyehkpew', '98167233', 'EMP', 'FIN', 'SG');
INSERT INTO salary (emp_name, salary) VALUES ('njfyehkpew', 74000);
INSERT INTO employees (emp_name, phone, position, dept, region) VALUES ('evsphmhvyf', '90294169', 'EMP', 'FIN', 'HK');
INSERT INTO salary (emp_name, salary) VALUES ('evsphmhvyf', 50000);
INSERT INTO employees (emp_name, phone, position, dept, region) VALUES ('gntpaeoobn', '96682096', 'EMP', 'FIN', 'EMEA');
INSERT INTO salary (emp_name, salary) VALUES ('gntpaeoobn', 56000);
INSERT INTO employees (emp_name, phone, position, dept, region) VALUES ('sftrivwgrh', '94284244', 'EMP', 'FIN', 'LON');
INSERT INTO salary (emp_name, salary) VALUES ('sftrivwgrh', 90000);
INSERT INTO employees (emp_name, phone, position, dept, region) VALUES ('kwxcoigaml', '90080155', 'EMP', 'FIN', 'PAR');
INSERT INTO salary (emp_name, salary) VALUES ('kwxcoigaml', 70000);
INSERT INTO employees (emp_name, phone, position, dept, region) VALUES ('sicfoofwrg', '98150501', 'EMP', 'FIN', 'AMER');
INSERT INTO salary (emp_name, salary) VALUES ('sicfoofwrg', 60000);
INSERT INTO employees (emp_name, phone, position, dept, region) VALUES ('vthwmvdubt', '93109248', 'EMP', 'FIN', 'NY');
INSERT INTO salary (emp_name, salary) VALUES ('vthwmvdubt', 76000);
INSERT INTO employees (emp_name, phone, position, dept, region) VALUES ('aqnjdgqaow', '90201953', 'EMP', 'FIN', 'SF');
INSERT INTO salary (emp_name, salary) VALUES ('aqnjdgqaow', 76000);
INSERT INTO employees (emp_name, phone, position, dept, region) VALUES ('zhdfoknlhd', '99939510', 'DIR', 'ENG', 'GLOBAL');
INSERT INTO salary (emp_name, salary) VALUES ('zhdfoknlhd', 65000);
INSERT INTO employees (emp_name, phone, position, dept, region) VALUES ('jernqlugzg', '90162561', 'DIR', 'ENG', 'APAC');
INSERT INTO salary (emp_name, salary) VALUES ('jernqlugzg', 99000);
INSERT INTO employees (emp_name, phone, position, dept, region) VALUES ('bdemsjmhxw', '91712469', 'DIR', 'ENG', 'SG');
INSERT INTO salary (emp_name, salary) VALUES ('bdemsjmhxw', 43000);
INSERT INTO employees (emp_name, phone, position, dept, region) VALUES ('jkpnygadwc', '94008786', 'DIR', 'ENG', 'HK');
INSERT INTO salary (emp_name, salary) VALUES ('jkpnygadwc', 92000);
INSERT INTO employees (emp_name, phone, position, dept, region) VALUES ('wuugupjban', '95931349', 'DIR', 'ENG', 'EMEA');
INSERT INTO salary (emp_name, salary) VALUES ('wuugupjban', 78000);
INSERT INTO employees (emp_name, phone, position, dept, region) VALUES ('zbdazztcwa', '98356919', 'DIR', 'ENG', 'LON');
INSERT INTO salary (emp_name, salary) VALUES ('zbdazztcwa', 47000);
INSERT INTO employees (emp_name, phone, position, dept, region) VALUES ('ohnbnkfqfp', '97473284', 'DIR', 'ENG', 'PAR');
INSERT INTO salary (emp_name, salary) VALUES ('ohnbnkfqfp', 40000);
INSERT INTO employees (emp_name, phone, position, dept, region) VALUES ('ndtnqaaolb', '97999496', 'DIR', 'ENG', 'AMER');
INSERT INTO salary (emp_name, salary) VALUES ('ndtnqaaolb', 75000);
INSERT INTO employees (emp_name, phone, position, dept, region) VALUES ('xlseewgbnu', '93741341', 'DIR', 'ENG', 'NY');
INSERT INTO salary (emp_name, salary) VALUES ('xlseewgbnu', 37000);
INSERT INTO employees (emp_name, phone, position, dept, region) VALUES ('gomiiajfkf', '96286331', 'DIR', 'ENG', 'SF');
INSERT INTO salary (emp_name, salary) VALUES ('gomiiajfkf', 52000);
INSERT INTO employees (emp_name, phone, position, dept, region) VALUES ('rpsnlqzupl', '94452718', 'MGR', 'ENG', 'GLOBAL');
INSERT INTO salary (emp_name, salary) VALUES ('rpsnlqzupl', 70000);
INSERT INTO employees (emp_name, phone, position, dept, region) VALUES ('pksvfdybdo', '97084685', 'MGR', 'ENG', 'APAC');
INSERT INTO salary (emp_name, salary) VALUES ('pksvfdybdo', 88000);
INSERT INTO employees (emp_name, phone, position, dept, region) VALUES ('wltsvjeavc', '93718797', 'MGR', 'ENG', 'SG');
INSERT INTO salary (emp_name, salary) VALUES ('wltsvjeavc', 84000);
INSERT INTO employees (emp_name, phone, position, dept, region) VALUES ('vmdkwuonut', '93505882', 'MGR', 'ENG', 'HK');
INSERT INTO salary (emp_name, salary) VALUES ('vmdkwuonut', 44000);
INSERT INTO employees (emp_name, phone, position, dept, region) VALUES ('zwyicrglgf', '91319394', 'MGR', 'ENG', 'EMEA');
INSERT INTO salary (emp_name, salary) VALUES ('zwyicrglgf', 74000);
INSERT INTO employees (emp_name, phone, position, dept, region) VALUES ('fdveboezuw', '96850436', 'MGR', 'ENG', 'LON');
INSERT INTO salary (emp_name, salary) VALUES ('fdveboezuw', 50000);
INSERT INTO employees (emp_name, phone, position, dept, region) VALUES ('yxgbnrbmmm', '93973415', 'MGR', 'ENG', 'PAR');
INSERT INTO salary (emp_name, salary) VALUES ('yxgbnrbmmm', 41000);
INSERT INTO employees (emp_name, phone, position, dept, region) VALUES ('ifmzbsutoh', '97781696', 'MGR', 'ENG', 'AMER');
INSERT INTO salary (emp_name, salary) VALUES ('ifmzbsutoh', 84000);
INSERT INTO employees (emp_name, phone, position, dept, region) VALUES ('sqbhipniwb', '98171157', 'MGR', 'ENG', 'NY');
INSERT INTO salary (emp_name, salary) VALUES ('sqbhipniwb', 36000);
INSERT INTO employees (emp_name, phone, position, dept, region) VALUES ('swhpmshiij', '93132715', 'MGR', 'ENG', 'SF');
INSERT INTO salary (emp_name, salary) VALUES ('swhpmshiij', 70000);
INSERT INTO employees (emp_name, phone, position, dept, region) VALUES ('ivelpzaqpb', '94202471', 'EMP', 'ENG', 'GLOBAL');
INSERT INTO salary (emp_name, salary) VALUES ('ivelpzaqpb', 51000);
INSERT INTO employees (emp_name, phone, position, dept, region) VALUES ('kvrzyknhwq', '92882300', 'EMP', 'ENG', 'APAC');
INSERT INTO salary (emp_name, salary) VALUES ('kvrzyknhwq', 89000);
INSERT INTO employees (emp_name, phone, position, dept, region) VALUES ('dbelfwpysy', '94364593', 'EMP', 'ENG', 'SG');
INSERT INTO salary (emp_name, salary) VALUES ('dbelfwpysy', 94000);
INSERT INTO employees (emp_name, phone, position, dept, region) VALUES ('yxffnbxhmx', '95592079', 'EMP', 'ENG', 'HK');
INSERT INTO salary (emp_name, salary) VALUES ('yxffnbxhmx', 46000);
INSERT INTO employees (emp_name, phone, position, dept, region) VALUES ('jbtzqehcpt', '95490132', 'EMP', 'ENG', 'EMEA');
INSERT INTO salary (emp_name, salary) VALUES ('jbtzqehcpt', 86000);
INSERT INTO employees (emp_name, phone, position, dept, region) VALUES ('ibaftxauea', '95841034', 'EMP', 'ENG', 'LON');
INSERT INTO salary (emp_name, salary) VALUES ('ibaftxauea', 42000);
INSERT INTO employees (emp_name, phone, position, dept, region) VALUES ('ezgbnlovrv', '94148788', 'EMP', 'ENG', 'PAR');
INSERT INTO salary (emp_name, salary) VALUES ('ezgbnlovrv', 50000);
INSERT INTO employees (emp_name, phone, position, dept, region) VALUES ('ylmuncmtlo', '90875596', 'EMP', 'ENG', 'AMER');
INSERT INTO salary (emp_name, salary) VALUES ('ylmuncmtlo', 49000);
INSERT INTO employees (emp_name, phone, position, dept, region) VALUES ('zoyagvnpwy', '93910860', 'EMP', 'ENG', 'NY');
INSERT INTO salary (emp_name, salary) VALUES ('zoyagvnpwy', 59000);
INSERT INTO employees (emp_name, phone, position, dept, region) VALUES ('diklmqopwq', '96052435', 'EMP', 'ENG', 'SF');
INSERT INTO salary (emp_name, salary) VALUES ('diklmqopwq', 68000);
INSERT INTO employees (emp_name, phone, position, dept, region) VALUES ('iwvcjlugcy', '91175023', 'DIR', 'HR', 'GLOBAL');
INSERT INTO salary (emp_name, salary) VALUES ('iwvcjlugcy', 98000);
INSERT INTO employees (emp_name, phone, position, dept, region) VALUES ('rcmauxjoay', '98313199', 'DIR', 'HR', 'APAC');
INSERT INTO salary (emp_name, salary) VALUES ('rcmauxjoay', 34000);
INSERT INTO employees (emp_name, phone, position, dept, region) VALUES ('ifotirvggk', '93765923', 'DIR', 'HR', 'SG');
INSERT INTO salary (emp_name, salary) VALUES ('ifotirvggk', 37000);
INSERT INTO employees (emp_name, phone, position, dept, region) VALUES ('pngvaprino', '97068745', 'DIR', 'HR', 'HK');
INSERT INTO salary (emp_name, salary) VALUES ('pngvaprino', 36000);
INSERT INTO employees (emp_name, phone, position, dept, region) VALUES ('fkcmawfaig', '93114054', 'DIR', 'HR', 'EMEA');
INSERT INTO salary (emp_name, salary) VALUES ('fkcmawfaig', 70000);
INSERT INTO employees (emp_name, phone, position, dept, region) VALUES ('ptuytvqpdr', '90587573', 'DIR', 'HR', 'LON');
INSERT INTO salary (emp_name, salary) VALUES ('ptuytvqpdr', 72000);
INSERT INTO employees (emp_name, phone, position, dept, region) VALUES ('usmdagvjui', '96287880', 'DIR', 'HR', 'PAR');
INSERT INTO salary (emp_name, salary) VALUES ('usmdagvjui', 65000);
INSERT INTO employees (emp_name, phone, position, dept, region) VALUES ('abncctxxbz', '93030438', 'DIR', 'HR', 'AMER');
INSERT INTO salary (emp_name, salary) VALUES ('abncctxxbz', 51000);
INSERT INTO employees (emp_name, phone, position, dept, region) VALUES ('bwzsxrzxaq', '94814098', 'DIR', 'HR', 'NY');
INSERT INTO salary (emp_name, salary) VALUES ('bwzsxrzxaq', 65000);
INSERT INTO employees (emp_name, phone, position, dept, region) VALUES ('pzbijsxwmd', '90411813', 'DIR', 'HR', 'SF');
INSERT INTO salary (emp_name, salary) VALUES ('pzbijsxwmd', 87000);
INSERT INTO employees (emp_name, phone, position, dept, region) VALUES ('adtilydjdw', '95118333', 'MGR', 'HR', 'GLOBAL');
INSERT INTO salary (emp_name, salary) VALUES ('adtilydjdw', 73000);
INSERT INTO employees (emp_name, phone, position, dept, region) VALUES ('lklscyqslo', '99426458', 'MGR', 'HR', 'APAC');
INSERT INTO salary (emp_name, salary) VALUES ('lklscyqslo', 33000);
INSERT INTO employees (emp_name, phone, position, dept, region) VALUES ('axfbivrgis', '95388159', 'MGR', 'HR', 'SG');
INSERT INTO salary (emp_name, salary) VALUES ('axfbivrgis', 74000);
INSERT INTO employees (emp_name, phone, position, dept, region) VALUES ('flgobvxlnl', '93910585', 'MGR', 'HR', 'HK');
INSERT INTO salary (emp_name, salary) VALUES ('flgobvxlnl', 48000);
INSERT INTO employees (emp_name, phone, position, dept, region) VALUES ('boiwufklea', '93150144', 'MGR', 'HR', 'EMEA');
INSERT INTO salary (emp_name, salary) VALUES ('boiwufklea', 69000);
INSERT INTO employees (emp_name, phone, position, dept, region) VALUES ('chphuwekhj', '94093960', 'MGR', 'HR', 'LON');
INSERT INTO salary (emp_name, salary) VALUES ('chphuwekhj', 58000);
INSERT INTO employees (emp_name, phone, position, dept, region) VALUES ('aiyzvnipuy', '96460472', 'MGR', 'HR', 'PAR');
INSERT INTO salary (emp_name, salary) VALUES ('aiyzvnipuy', 32000);
INSERT INTO employees (emp_name, phone, position, dept, region) VALUES ('ftdsxmbdhm', '99103875', 'MGR', 'HR', 'AMER');
INSERT INTO salary (emp_name, salary) VALUES ('ftdsxmbdhm', 71000);
INSERT INTO employees (emp_name, phone, position, dept, region) VALUES ('xmgwndctqu', '91483752', 'MGR', 'HR', 'NY');
INSERT INTO salary (emp_name, salary) VALUES ('xmgwndctqu', 36000);
INSERT INTO employees (emp_name, phone, position, dept, region) VALUES ('reqfctmoao', '98438105', 'MGR', 'HR', 'SF');
INSERT INTO salary (emp_name, salary) VALUES ('reqfctmoao', 93000);
INSERT INTO employees (emp_name, phone, position, dept, region) VALUES ('hvagfstnsb', '93765799', 'EMP', 'HR', 'GLOBAL');
INSERT INTO salary (emp_name, salary) VALUES ('hvagfstnsb', 43000);
INSERT INTO employees (emp_name, phone, position, dept, region) VALUES ('vdimcisvsb', '96029337', 'EMP', 'HR', 'APAC');
INSERT INTO salary (emp_name, salary) VALUES ('vdimcisvsb', 39000);
INSERT INTO employees (emp_name, phone, position, dept, region) VALUES ('yuyiechipw', '97408691', 'EMP', 'HR', 'SG');
INSERT INTO salary (emp_name, salary) VALUES ('yuyiechipw', 91000);
INSERT INTO employees (emp_name, phone, position, dept, region) VALUES ('bwaodkluni', '94410437', 'EMP', 'HR', 'HK');
INSERT INTO salary (emp_name, salary) VALUES ('bwaodkluni', 58000);
INSERT INTO employees (emp_name, phone, position, dept, region) VALUES ('phvfpgnepn', '98984649', 'EMP', 'HR', 'EMEA');
INSERT INTO salary (emp_name, salary) VALUES ('phvfpgnepn', 63000);
INSERT INTO employees (emp_name, phone, position, dept, region) VALUES ('yojofefcla', '95599263', 'EMP', 'HR', 'LON');
INSERT INTO salary (emp_name, salary) VALUES ('yojofefcla', 87000);
INSERT INTO employees (emp_name, phone, position, dept, region) VALUES ('vifbpvoqaw', '90529522', 'EMP', 'HR', 'PAR');
INSERT INTO salary (emp_name, salary) VALUES ('vifbpvoqaw', 46000);
INSERT INTO employees (emp_name, phone, position, dept, region) VALUES ('jpprvvjanm', '99009720', 'EMP', 'HR', 'AMER');
INSERT INTO salary (emp_name, salary) VALUES ('jpprvvjanm', 39000);
INSERT INTO employees (emp_name, phone, position, dept, region) VALUES ('hhpwjyspnf', '90023087', 'EMP', 'HR', 'NY');
INSERT INTO salary (emp_name, salary) VALUES ('hhpwjyspnf', 73000);
INSERT INTO employees (emp_name, phone, position, dept, region) VALUES ('mapwnhqdlk', '93233807', 'EMP', 'HR', 'SF');
INSERT INTO salary (emp_name, salary) VALUES ('mapwnhqdlk', 40000);
INSERT INTO employees (emp_name, phone, position, dept, region) VALUES ('lxjrmyytwu', '92226099', 'DIR', 'FIN', 'GLOBAL');
INSERT INTO salary (emp_name, salary) VALUES ('lxjrmyytwu', 61000);
INSERT INTO employees (emp_name, phone, position, dept, region) VALUES ('tbotiifpqt', '91622244', 'DIR', 'FIN', 'APAC');
INSERT INTO salary (emp_name, salary) VALUES ('tbotiifpqt', 86000);
INSERT INTO employees (emp_name, phone, position, dept, region) VALUES ('slmylzbvbh', '97521002', 'DIR', 'FIN', 'SG');
INSERT INTO salary (emp_name, salary) VALUES ('slmylzbvbh', 59000);
INSERT INTO employees (emp_name, phone, position, dept, region) VALUES ('ftbmldyhgs', '98308900', 'DIR', 'FIN', 'HK');
INSERT INTO salary (emp_name, salary) VALUES ('ftbmldyhgs', 77000);
INSERT INTO employees (emp_name, phone, position, dept, region) VALUES ('raremdacmf', '95629994', 'DIR', 'FIN', 'EMEA');
INSERT INTO salary (emp_name, salary) VALUES ('raremdacmf', 36000);
INSERT INTO employees (emp_name, phone, position, dept, region) VALUES ('vrenfqivwv', '97738578', 'DIR', 'FIN', 'LON');
INSERT INTO salary (emp_name, salary) VALUES ('vrenfqivwv', 39000);
INSERT INTO employees (emp_name, phone, position, dept, region) VALUES ('kxjvxvwefo', '96506172', 'DIR', 'FIN', 'PAR');
INSERT INTO salary (emp_name, salary) VALUES ('kxjvxvwefo', 33000);
INSERT INTO employees (emp_name, phone, position, dept, region) VALUES ('vldkdyahuc', '91493663', 'DIR', 'FIN', 'AMER');
INSERT INTO salary (emp_name, salary) VALUES ('vldkdyahuc', 60000);
INSERT INTO employees (emp_name, phone, position, dept, region) VALUES ('zqrvohgkwb', '91247917', 'DIR', 'FIN', 'NY');
INSERT INTO salary (emp_name, salary) VALUES ('zqrvohgkwb', 61000);
INSERT INTO employees (emp_name, phone, position, dept, region) VALUES ('rbsethtymw', '99258871', 'DIR', 'FIN', 'SF');
INSERT INTO salary (emp_name, salary) VALUES ('rbsethtymw', 78000);
INSERT INTO employees (emp_name, phone, position, dept, region) VALUES ('damluqzgys', '97145192', 'MGR', 'FIN', 'GLOBAL');
INSERT INTO salary (emp_name, salary) VALUES ('damluqzgys', 76000);
INSERT INTO employees (emp_name, phone, position, dept, region) VALUES ('fmiyguilzj', '92001802', 'MGR', 'FIN', 'APAC');
INSERT INTO salary (emp_name, salary) VALUES ('fmiyguilzj', 51000);
INSERT INTO employees (emp_name, phone, position, dept, region) VALUES ('qkqtxapkwm', '93392771', 'MGR', 'FIN', 'SG');
INSERT INTO salary (emp_name, salary) VALUES ('qkqtxapkwm', 84000);
INSERT INTO employees (emp_name, phone, position, dept, region) VALUES ('okxwktsgwv', '91469100', 'MGR', 'FIN', 'HK');
INSERT INTO salary (emp_name, salary) VALUES ('okxwktsgwv', 60000);
INSERT INTO employees (emp_name, phone, position, dept, region) VALUES ('afbdqjjkzi', '95652063', 'MGR', 'FIN', 'EMEA');
INSERT INTO salary (emp_name, salary) VALUES ('afbdqjjkzi', 35000);
INSERT INTO employees (emp_name, phone, position, dept, region) VALUES ('egrfportqi', '96088865', 'MGR', 'FIN', 'LON');
INSERT INTO salary (emp_name, salary) VALUES ('egrfportqi', 87000);
INSERT INTO employees (emp_name, phone, position, dept, region) VALUES ('usguasvhpp', '91239789', 'MGR', 'FIN', 'PAR');
INSERT INTO salary (emp_name, salary) VALUES ('usguasvhpp', 37000);
INSERT INTO employees (emp_name, phone, position, dept, region) VALUES ('xrioiozeyh', '92003461', 'MGR', 'FIN', 'AMER');
INSERT INTO salary (emp_name, salary) VALUES ('xrioiozeyh', 62000);
INSERT INTO employees (emp_name, phone, position, dept, region) VALUES ('iynqynxgpz', '92796034', 'MGR', 'FIN', 'NY');
INSERT INTO salary (emp_name, salary) VALUES ('iynqynxgpz', 42000);
INSERT INTO employees (emp_name, phone, position, dept, region) VALUES ('shsuhuqycj', '99558632', 'MGR', 'FIN', 'SF');
INSERT INTO salary (emp_name, salary) VALUES ('shsuhuqycj', 86000);
INSERT INTO employees (emp_name, phone, position, dept, region) VALUES ('rjegfyvqfq', '93979869', 'EMP', 'FIN', 'GLOBAL');
INSERT INTO salary (emp_name, salary) VALUES ('rjegfyvqfq', 74000);
INSERT INTO employees (emp_name, phone, position, dept, region) VALUES ('nkoemxfeqk', '98935297', 'EMP', 'FIN', 'APAC');
INSERT INTO salary (emp_name, salary) VALUES ('nkoemxfeqk', 60000);
INSERT INTO employees (emp_name, phone, position, dept, region) VALUES ('abwexqujtg', '93855578', 'EMP', 'FIN', 'SG');
INSERT INTO salary (emp_name, salary) VALUES ('abwexqujtg', 32000);
INSERT INTO employees (emp_name, phone, position, dept, region) VALUES ('ettktbhaeq', '96323846', 'EMP', 'FIN', 'HK');
INSERT INTO salary (emp_name, salary) VALUES ('ettktbhaeq', 72000);
INSERT INTO employees (emp_name, phone, position, dept, region) VALUES ('lramovwloi', '92956225', 'EMP', 'FIN', 'EMEA');
INSERT INTO salary (emp_name, salary) VALUES ('lramovwloi', 91000);
INSERT INTO employees (emp_name, phone, position, dept, region) VALUES ('ffcfajuziq', '92387098', 'EMP', 'FIN', 'LON');
INSERT INTO salary (emp_name, salary) VALUES ('ffcfajuziq', 41000);
INSERT INTO employees (emp_name, phone, position, dept, region) VALUES ('zpvcyxjtns', '99034774', 'EMP', 'FIN', 'PAR');
INSERT INTO salary (emp_name, salary) VALUES ('zpvcyxjtns', 47000);
INSERT INTO employees (emp_name, phone, position, dept, region) VALUES ('vbrvtsbryb', '94541863', 'EMP', 'FIN', 'AMER');
INSERT INTO salary (emp_name, salary) VALUES ('vbrvtsbryb', 60000);
INSERT INTO employees (emp_name, phone, position, dept, region) VALUES ('nosamexzpd', '92080545', 'EMP', 'FIN', 'NY');
INSERT INTO salary (emp_name, salary) VALUES ('nosamexzpd', 58000);
INSERT INTO employees (emp_name, phone, position, dept, region) VALUES ('hhuegwunil', '90777408', 'EMP', 'FIN', 'SF');
INSERT INTO salary (emp_name, salary) VALUES ('hhuegwunil', 68000);
INSERT INTO employees (emp_name, phone, position, dept, region) VALUES ('noozkwhtmt', '96346857', 'DIR', 'ENG', 'GLOBAL');
INSERT INTO salary (emp_name, salary) VALUES ('noozkwhtmt', 37000);
INSERT INTO employees (emp_name, phone, position, dept, region) VALUES ('joyjlhbmam', '96114796', 'DIR', 'ENG', 'APAC');
INSERT INTO salary (emp_name, salary) VALUES ('joyjlhbmam', 48000);
INSERT INTO employees (emp_name, phone, position, dept, region) VALUES ('soryhcfzsw', '97161637', 'DIR', 'ENG', 'SG');
INSERT INTO salary (emp_name, salary) VALUES ('soryhcfzsw', 31000);
INSERT INTO employees (emp_name, phone, position, dept, region) VALUES ('semtckwioe', '97626445', 'DIR', 'ENG', 'HK');
INSERT INTO salary (emp_name, salary) VALUES ('semtckwioe', 83000);
INSERT INTO employees (emp_name, phone, position, dept, region) VALUES ('byxaugxvbe', '92854814', 'DIR', 'ENG', 'EMEA');
INSERT INTO salary (emp_name, salary) VALUES ('byxaugxvbe', 56000);
INSERT INTO employees (emp_name, phone, position, dept, region) VALUES ('zhbmmocpnl', '90755507', 'DIR', 'ENG', 'LON');
INSERT INTO salary (emp_name, salary) VALUES ('zhbmmocpnl', 66000);
INSERT INTO employees (emp_name, phone, position, dept, region) VALUES ('nqdqtjclvh', '99515920', 'DIR', 'ENG', 'PAR');
INSERT INTO salary (emp_name, salary) VALUES ('nqdqtjclvh', 80000);
INSERT INTO employees (emp_name, phone, position, dept, region) VALUES ('luujkzemti', '97906269', 'DIR', 'ENG', 'AMER');
INSERT INTO salary (emp_name, salary) VALUES ('luujkzemti', 35000);
INSERT INTO employees (emp_name, phone, position, dept, region) VALUES ('dbkhfxxtcd', '96741092', 'DIR', 'ENG', 'NY');
INSERT INTO salary (emp_name, salary) VALUES ('dbkhfxxtcd', 79000);
INSERT INTO employees (emp_name, phone, position, dept, region) VALUES ('qlurmldean', '90196079', 'DIR', 'ENG', 'SF');
INSERT INTO salary (emp_name, salary) VALUES ('qlurmldean', 58000);
INSERT INTO employees (emp_name, phone, position, dept, region) VALUES ('ejyshkslnw', '99598182', 'MGR', 'ENG', 'GLOBAL');
INSERT INTO salary (emp_name, salary) VALUES ('ejyshkslnw', 89000);
INSERT INTO employees (emp_name, phone, position, dept, region) VALUES ('yksiftzkja', '90041724', 'MGR', 'ENG', 'APAC');
INSERT INTO salary (emp_name, salary) VALUES ('yksiftzkja', 61000);
INSERT INTO employees (emp_name, phone, position, dept, region) VALUES ('ckpyuylvnz', '94465962', 'MGR', 'ENG', 'SG');
INSERT INTO salary (emp_name, salary) VALUES ('ckpyuylvnz', 98000);
INSERT INTO employees (emp_name, phone, position, dept, region) VALUES ('aqksokhpat', '92795544', 'MGR', 'ENG', 'HK');
INSERT INTO salary (emp_name, salary) VALUES ('aqksokhpat', 46000);
INSERT INTO employees (emp_name, phone, position, dept, region) VALUES ('eyugccbnsj', '96582320', 'MGR', 'ENG', 'EMEA');
INSERT INTO salary (emp_name, salary) VALUES ('eyugccbnsj', 38000);
INSERT INTO employees (emp_name, phone, position, dept, region) VALUES ('cpftmilmrg', '98144930', 'MGR', 'ENG', 'LON');
INSERT INTO salary (emp_name, salary) VALUES ('cpftmilmrg', 74000);
INSERT INTO employees (emp_name, phone, position, dept, region) VALUES ('tamesaivns', '94594709', 'MGR', 'ENG', 'PAR');
INSERT INTO salary (emp_name, salary) VALUES ('tamesaivns', 49000);
INSERT INTO employees (emp_name, phone, position, dept, region) VALUES ('lqloarsmbr', '96613577', 'MGR', 'ENG', 'AMER');
INSERT INTO salary (emp_name, salary) VALUES ('lqloarsmbr', 74000);
INSERT INTO employees (emp_name, phone, position, dept, region) VALUES ('lztefwiybr', '98141769', 'MGR', 'ENG', 'NY');
INSERT INTO salary (emp_name, salary) VALUES ('lztefwiybr', 56000);
INSERT INTO employees (emp_name, phone, position, dept, region) VALUES ('ztvukuqsot', '91724526', 'MGR', 'ENG', 'SF');
INSERT INTO salary (emp_name, salary) VALUES ('ztvukuqsot', 85000);
INSERT INTO employees (emp_name, phone, position, dept, region) VALUES ('lwcbqsgmfu', '97465456', 'EMP', 'ENG', 'GLOBAL');
INSERT INTO salary (emp_name, salary) VALUES ('lwcbqsgmfu', 91000);
INSERT INTO employees (emp_name, phone, position, dept, region) VALUES ('pacdvwjshd', '95590343', 'EMP', 'ENG', 'APAC');
INSERT INTO salary (emp_name, salary) VALUES ('pacdvwjshd', 52000);
INSERT INTO employees (emp_name, phone, position, dept, region) VALUES ('dvlgqrrucd', '99803431', 'EMP', 'ENG', 'SG');
INSERT INTO salary (emp_name, salary) VALUES ('dvlgqrrucd', 34000);
INSERT INTO employees (emp_name, phone, position, dept, region) VALUES ('pfqxdgaayq', '98819441', 'EMP', 'ENG', 'HK');
INSERT INTO salary (emp_name, salary) VALUES ('pfqxdgaayq', 75000);
INSERT INTO employees (emp_name, phone, position, dept, region) VALUES ('vlujcikurc', '95369200', 'EMP', 'ENG', 'EMEA');
INSERT INTO salary (emp_name, salary) VALUES ('vlujcikurc', 81000);
INSERT INTO employees (emp_name, phone, position, dept, region) VALUES ('hssbbtxtbc', '96433444', 'EMP', 'ENG', 'LON');
INSERT INTO salary (emp_name, salary) VALUES ('hssbbtxtbc', 57000);
INSERT INTO employees (emp_name, phone, position, dept, region) VALUES ('hmxztweugj', '96951624', 'EMP', 'ENG', 'PAR');
INSERT INTO salary (emp_name, salary) VALUES ('hmxztweugj', 75000);
INSERT INTO employees (emp_name, phone, position, dept, region) VALUES ('vxevweouyu', '92957756', 'EMP', 'ENG', 'AMER');
INSERT INTO salary (emp_name, salary) VALUES ('vxevweouyu', 43000);
INSERT INTO employees (emp_name, phone, position, dept, region) VALUES ('erqfbvoixa', '92848678', 'EMP', 'ENG', 'NY');
INSERT INTO salary (emp_name, salary) VALUES ('erqfbvoixa', 58000);
INSERT INTO employees (emp_name, phone, position, dept, region) VALUES ('rgabcvweru', '90543416', 'EMP', 'ENG', 'SF');
INSERT INTO salary (emp_name, salary) VALUES ('rgabcvweru', 83000);
INSERT INTO employees (emp_name, phone, position, dept, region) VALUES ('acvbcfpfby', '97489913', 'DIR', 'HR', 'GLOBAL');
INSERT INTO salary (emp_name, salary) VALUES ('acvbcfpfby', 55000);
INSERT INTO employees (emp_name, phone, position, dept, region) VALUES ('ygxsxapnok', '94185809', 'DIR', 'HR', 'APAC');
INSERT INTO salary (emp_name, salary) VALUES ('ygxsxapnok', 85000);
INSERT INTO employees (emp_name, phone, position, dept, region) VALUES ('uajgtlhukk', '97881165', 'DIR', 'HR', 'SG');
INSERT INTO salary (emp_name, salary) VALUES ('uajgtlhukk', 47000);
INSERT INTO employees (emp_name, phone, position, dept, region) VALUES ('xfkymbzsvo', '91402506', 'DIR', 'HR', 'HK');
INSERT INTO salary (emp_name, salary) VALUES ('xfkymbzsvo', 36000);
INSERT INTO employees (emp_name, phone, position, dept, region) VALUES ('vpvjohxwdk', '97279603', 'DIR', 'HR', 'EMEA');
INSERT INTO salary (emp_name, salary) VALUES ('vpvjohxwdk', 75000);
INSERT INTO employees (emp_name, phone, position, dept, region) VALUES ('ijtibneyoq', '99643213', 'DIR', 'HR', 'LON');
INSERT INTO salary (emp_name, salary) VALUES ('ijtibneyoq', 53000);
INSERT INTO employees (emp_name, phone, position, dept, region) VALUES ('onoxpuoyjh', '94546052', 'DIR', 'HR', 'PAR');
INSERT INTO salary (emp_name, salary) VALUES ('onoxpuoyjh', 80000);
INSERT INTO employees (emp_name, phone, position, dept, region) VALUES ('cfjtrrytdi', '94399469', 'DIR', 'HR', 'AMER');
INSERT INTO salary (emp_name, salary) VALUES ('cfjtrrytdi', 53000);
INSERT INTO employees (emp_name, phone, position, dept, region) VALUES ('nctdmwwsci', '98087528', 'DIR', 'HR', 'NY');
INSERT INTO salary (emp_name, salary) VALUES ('nctdmwwsci', 40000);
INSERT INTO employees (emp_name, phone, position, dept, region) VALUES ('gpnztogrtc', '93876910', 'DIR', 'HR', 'SF');
INSERT INTO salary (emp_name, salary) VALUES ('gpnztogrtc', 39000);
INSERT INTO employees (emp_name, phone, position, dept, region) VALUES ('zrepddrlly', '92390107', 'MGR', 'HR', 'GLOBAL');
INSERT INTO salary (emp_name, salary) VALUES ('zrepddrlly', 99000);
INSERT INTO employees (emp_name, phone, position, dept, region) VALUES ('azcyaneced', '95172838', 'MGR', 'HR', 'APAC');
INSERT INTO salary (emp_name, salary) VALUES ('azcyaneced', 75000);
INSERT INTO employees (emp_name, phone, position, dept, region) VALUES ('ucnerpeqxn', '99510330', 'MGR', 'HR', 'SG');
INSERT INTO salary (emp_name, salary) VALUES ('ucnerpeqxn', 94000);
INSERT INTO employees (emp_name, phone, position, dept, region) VALUES ('juhiswbdtv', '92239324', 'MGR', 'HR', 'HK');
INSERT INTO salary (emp_name, salary) VALUES ('juhiswbdtv', 75000);
INSERT INTO employees (emp_name, phone, position, dept, region) VALUES ('mlghezibmw', '98319517', 'MGR', 'HR', 'EMEA');
INSERT INTO salary (emp_name, salary) VALUES ('mlghezibmw', 75000);
INSERT INTO employees (emp_name, phone, position, dept, region) VALUES ('biuyogrsrb', '95954570', 'MGR', 'HR', 'LON');
INSERT INTO salary (emp_name, salary) VALUES ('biuyogrsrb', 52000);
INSERT INTO employees (emp_name, phone, position, dept, region) VALUES ('heevmmntwh', '94913211', 'MGR', 'HR', 'PAR');
INSERT INTO salary (emp_name, salary) VALUES ('heevmmntwh', 99000);
INSERT INTO employees (emp_name, phone, position, dept, region) VALUES ('fzdokoherw', '98403699', 'MGR', 'HR', 'AMER');
INSERT INTO salary (emp_name, salary) VALUES ('fzdokoherw', 95000);
INSERT INTO employees (emp_name, phone, position, dept, region) VALUES ('xdfjjtloup', '92966859', 'MGR', 'HR', 'NY');
INSERT INTO salary (emp_name, salary) VALUES ('xdfjjtloup', 38000);
INSERT INTO employees (emp_name, phone, position, dept, region) VALUES ('oardzousoh', '96824358', 'MGR', 'HR', 'SF');
INSERT INTO salary (emp_name, salary) VALUES ('oardzousoh', 73000);
INSERT INTO employees (emp_name, phone, position, dept, region) VALUES ('tnnsyxdbdr', '92766869', 'EMP', 'HR', 'GLOBAL');
INSERT INTO salary (emp_name, salary) VALUES ('tnnsyxdbdr', 41000);
INSERT INTO employees (emp_name, phone, position, dept, region) VALUES ('tdekbushhg', '90518991', 'EMP', 'HR', 'APAC');
INSERT INTO salary (emp_name, salary) VALUES ('tdekbushhg', 31000);
INSERT INTO employees (emp_name, phone, position, dept, region) VALUES ('ooxbgvcvbv', '98560737', 'EMP', 'HR', 'SG');
INSERT INTO salary (emp_name, salary) VALUES ('ooxbgvcvbv', 65000);
INSERT INTO employees (emp_name, phone, position, dept, region) VALUES ('ypzjnkgpkj', '95729870', 'EMP', 'HR', 'HK');
INSERT INTO salary (emp_name, salary) VALUES ('ypzjnkgpkj', 81000);
INSERT INTO employees (emp_name, phone, position, dept, region) VALUES ('bqnbbyvujr', '90968117', 'EMP', 'HR', 'EMEA');
INSERT INTO salary (emp_name, salary) VALUES ('bqnbbyvujr', 95000);
INSERT INTO employees (emp_name, phone, position, dept, region) VALUES ('ycmajdjfdt', '96857297', 'EMP', 'HR', 'LON');
INSERT INTO salary (emp_name, salary) VALUES ('ycmajdjfdt', 59000);
INSERT INTO employees (emp_name, phone, position, dept, region) VALUES ('fjczzwdpid', '99761311', 'EMP', 'HR', 'PAR');
INSERT INTO salary (emp_name, salary) VALUES ('fjczzwdpid', 44000);
INSERT INTO employees (emp_name, phone, position, dept, region) VALUES ('ieowdmhnef', '91473919', 'EMP', 'HR', 'AMER');
INSERT INTO salary (emp_name, salary) VALUES ('ieowdmhnef', 96000);
INSERT INTO employees (emp_name, phone, position, dept, region) VALUES ('zmkrspgisz', '99882272', 'EMP', 'HR', 'NY');
INSERT INTO salary (emp_name, salary) VALUES ('zmkrspgisz', 34000);
INSERT INTO employees (emp_name, phone, position, dept, region) VALUES ('cmtmqqvlie', '92747402', 'EMP', 'HR', 'SF');
INSERT INTO salary (emp_name, salary) VALUES ('cmtmqqvlie', 82000);
INSERT INTO employees (emp_name, phone, position, dept, region) VALUES ('ujsncpjpml', '90678779', 'DIR', 'FIN', 'GLOBAL');
INSERT INTO salary (emp_name, salary) VALUES ('ujsncpjpml', 32000);
INSERT INTO employees (emp_name, phone, position, dept, region) VALUES ('ujcjoododo', '95114783', 'DIR', 'FIN', 'APAC');
INSERT INTO salary (emp_name, salary) VALUES ('ujcjoododo', 83000);
INSERT INTO employees (emp_name, phone, position, dept, region) VALUES ('flsxxthwli', '98422883', 'DIR', 'FIN', 'SG');
INSERT INTO salary (emp_name, salary) VALUES ('flsxxthwli', 59000);
INSERT INTO employees (emp_name, phone, position, dept, region) VALUES ('hyfwdzuvvi', '96973663', 'DIR', 'FIN', 'HK');
INSERT INTO salary (emp_name, salary) VALUES ('hyfwdzuvvi', 94000);
INSERT INTO employees (emp_name, phone, position, dept, region) VALUES ('ywmljcdvyq', '99876645', 'DIR', 'FIN', 'EMEA');
INSERT INTO salary (emp_name, salary) VALUES ('ywmljcdvyq', 53000);
INSERT INTO employees (emp_name, phone, position, dept, region) VALUES ('duvhhxbjix', '98301943', 'DIR', 'FIN', 'LON');
INSERT INTO salary (emp_name, salary) VALUES ('duvhhxbjix', 87000);
INSERT INTO employees (emp_name, phone, position, dept, region) VALUES ('drsdlwmifs', '99632736', 'DIR', 'FIN', 'PAR');
INSERT INTO salary (emp_name, salary) VALUES ('drsdlwmifs', 60000);
INSERT INTO employees (emp_name, phone, position, dept, region) VALUES ('dzzmjsenyv', '93269398', 'DIR', 'FIN', 'AMER');
INSERT INTO salary (emp_name, salary) VALUES ('dzzmjsenyv', 56000);
INSERT INTO employees (emp_name, phone, position, dept, region) VALUES ('injwlwdjhr', '95052996', 'DIR', 'FIN', 'NY');
INSERT INTO salary (emp_name, salary) VALUES ('injwlwdjhr', 68000);
INSERT INTO employees (emp_name, phone, position, dept, region) VALUES ('daeecsqnos', '92481307', 'DIR', 'FIN', 'SF');
INSERT INTO salary (emp_name, salary) VALUES ('daeecsqnos', 93000);
INSERT INTO employees (emp_name, phone, position, dept, region) VALUES ('fexxzyxkcr', '97802560', 'MGR', 'FIN', 'GLOBAL');
INSERT INTO salary (emp_name, salary) VALUES ('fexxzyxkcr', 96000);
INSERT INTO employees (emp_name, phone, position, dept, region) VALUES ('ttqndmsqnr', '90778034', 'MGR', 'FIN', 'APAC');
INSERT INTO salary (emp_name, salary) VALUES ('ttqndmsqnr', 30000);
INSERT INTO employees (emp_name, phone, position, dept, region) VALUES ('srzjreexgi', '91207279', 'MGR', 'FIN', 'SG');
INSERT INTO salary (emp_name, salary) VALUES ('srzjreexgi', 91000);
INSERT INTO employees (emp_name, phone, position, dept, region) VALUES ('emzjbahgvo', '96013935', 'MGR', 'FIN', 'HK');
INSERT INTO salary (emp_name, salary) VALUES ('emzjbahgvo', 35000);
INSERT INTO employees (emp_name, phone, position, dept, region) VALUES ('ysuhhgvmik', '98389258', 'MGR', 'FIN', 'EMEA');
INSERT INTO salary (emp_name, salary) VALUES ('ysuhhgvmik', 87000);
INSERT INTO employees (emp_name, phone, position, dept, region) VALUES ('mwopmctbew', '91643451', 'MGR', 'FIN', 'LON');
INSERT INTO salary (emp_name, salary) VALUES ('mwopmctbew', 80000);
INSERT INTO employees (emp_name, phone, position, dept, region) VALUES ('qlgqjlqoem', '93011489', 'MGR', 'FIN', 'PAR');
INSERT INTO salary (emp_name, salary) VALUES ('qlgqjlqoem', 52000);
INSERT INTO employees (emp_name, phone, position, dept, region) VALUES ('jatvgpcsgm', '92094180', 'MGR', 'FIN', 'AMER');
INSERT INTO salary (emp_name, salary) VALUES ('jatvgpcsgm', 39000);
INSERT INTO employees (emp_name, phone, position, dept, region) VALUES ('bbsxbbfyrs', '94876807', 'MGR', 'FIN', 'NY');
INSERT INTO salary (emp_name, salary) VALUES ('bbsxbbfyrs', 63000);
INSERT INTO employees (emp_name, phone, position, dept, region) VALUES ('jyleaqlfur', '96260277', 'MGR', 'FIN', 'SF');
INSERT INTO salary (emp_name, salary) VALUES ('jyleaqlfur', 82000);
INSERT INTO employees (emp_name, phone, position, dept, region) VALUES ('sbalurxmnf', '94492561', 'EMP', 'FIN', 'GLOBAL');
INSERT INTO salary (emp_name, salary) VALUES ('sbalurxmnf', 81000);
INSERT INTO employees (emp_name, phone, position, dept, region) VALUES ('uucreupbbh', '92666773', 'EMP', 'FIN', 'APAC');
INSERT INTO salary (emp_name, salary) VALUES ('uucreupbbh', 87000);
INSERT INTO employees (emp_name, phone, position, dept, region) VALUES ('ogazdjrtqf', '96597196', 'EMP', 'FIN', 'SG');
INSERT INTO salary (emp_name, salary) VALUES ('ogazdjrtqf', 42000);
INSERT INTO employees (emp_name, phone, position, dept, region) VALUES ('krqpqutakw', '96482370', 'EMP', 'FIN', 'HK');
INSERT INTO salary (emp_name, salary) VALUES ('krqpqutakw', 51000);
INSERT INTO employees (emp_name, phone, position, dept, region) VALUES ('zuehlhjwdu', '90003000', 'EMP', 'FIN', 'EMEA');
INSERT INTO salary (emp_name, salary) VALUES ('zuehlhjwdu', 72000);
INSERT INTO employees (emp_name, phone, position, dept, region) VALUES ('nfulrcoqes', '93773452', 'EMP', 'FIN', 'LON');
INSERT INTO salary (emp_name, salary) VALUES ('nfulrcoqes', 67000);
INSERT INTO employees (emp_name, phone, position, dept, region) VALUES ('vcuumuyxny', '91571495', 'EMP', 'FIN', 'PAR');
INSERT INTO salary (emp_name, salary) VALUES ('vcuumuyxny', 79000);
INSERT INTO employees (emp_name, phone, position, dept, region) VALUES ('tamdsnmnhb', '95179441', 'EMP', 'FIN', 'AMER');
INSERT INTO salary (emp_name, salary) VALUES ('tamdsnmnhb', 44000);
INSERT INTO employees (emp_name, phone, position, dept, region) VALUES ('gcnnupptjl', '96420938', 'EMP', 'FIN', 'NY');
INSERT INTO salary (emp_name, salary) VALUES ('gcnnupptjl', 90000);
INSERT INTO employees (emp_name, phone, position, dept, region) VALUES ('whbxxmrasy', '91872755', 'EMP', 'FIN', 'SF');
INSERT INTO salary (emp_name, salary) VALUES ('whbxxmrasy', 59000);
INSERT INTO employees (emp_name, phone, position, dept, region) VALUES ('yvpranxadd', '96234422', 'DIR', 'ENG', 'GLOBAL');
INSERT INTO salary (emp_name, salary) VALUES ('yvpranxadd', 91000);
INSERT INTO employees (emp_name, phone, position, dept, region) VALUES ('msdbeylrny', '93593395', 'DIR', 'ENG', 'APAC');
INSERT INTO salary (emp_name, salary) VALUES ('msdbeylrny', 96000);
INSERT INTO employees (emp_name, phone, position, dept, region) VALUES ('dwhoskhcie', '99197089', 'DIR', 'ENG', 'SG');
INSERT INTO salary (emp_name, salary) VALUES ('dwhoskhcie', 33000);
INSERT INTO employees (emp_name, phone, position, dept, region) VALUES ('votubjvdbg', '90470657', 'DIR', 'ENG', 'HK');
INSERT INTO salary (emp_name, salary) VALUES ('votubjvdbg', 58000);
INSERT INTO employees (emp_name, phone, position, dept, region) VALUES ('zbtprshcoa', '97730827', 'DIR', 'ENG', 'EMEA');
INSERT INTO salary (emp_name, salary) VALUES ('zbtprshcoa', 40000);
INSERT INTO employees (emp_name, phone, position, dept, region) VALUES ('oixojukzug', '98437635', 'DIR', 'ENG', 'LON');
INSERT INTO salary (emp_name, salary) VALUES ('oixojukzug', 43000);
INSERT INTO employees (emp_name, phone, position, dept, region) VALUES ('gixexaxnsd', '92758833', 'DIR', 'ENG', 'PAR');
INSERT INTO salary (emp_name, salary) VALUES ('gixexaxnsd', 98000);
INSERT INTO employees (emp_name, phone, position, dept, region) VALUES ('tpxtviucqp', '99673307', 'DIR', 'ENG', 'AMER');
INSERT INTO salary (emp_name, salary) VALUES ('tpxtviucqp', 51000);
INSERT INTO employees (emp_name, phone, position, dept, region) VALUES ('couvgkwbvr', '95086759', 'DIR', 'ENG', 'NY');
INSERT INTO salary (emp_name, salary) VALUES ('couvgkwbvr', 92000);
INSERT INTO employees (emp_name, phone, position, dept, region) VALUES ('vaxepbwlvs', '95697181', 'DIR', 'ENG', 'SF');
INSERT INTO salary (emp_name, salary) VALUES ('vaxepbwlvs', 63000);
INSERT INTO employees (emp_name, phone, position, dept, region) VALUES ('pmjdibsxhc', '91490554', 'MGR', 'ENG', 'GLOBAL');
INSERT INTO salary (emp_name, salary) VALUES ('pmjdibsxhc', 50000);
INSERT INTO employees (emp_name, phone, position, dept, region) VALUES ('gnabcaryyl', '90536843', 'MGR', 'ENG', 'APAC');
INSERT INTO salary (emp_name, salary) VALUES ('gnabcaryyl', 56000);
INSERT INTO employees (emp_name, phone, position, dept, region) VALUES ('ducaqaymro', '98559313', 'MGR', 'ENG', 'SG');
INSERT INTO salary (emp_name, salary) VALUES ('ducaqaymro', 60000);
INSERT INTO employees (emp_name, phone, position, dept, region) VALUES ('kwnppwpglh', '98014087', 'MGR', 'ENG', 'HK');
INSERT INTO salary (emp_name, salary) VALUES ('kwnppwpglh', 93000);
INSERT INTO employees (emp_name, phone, position, dept, region) VALUES ('cwwpdduagf', '91205472', 'MGR', 'ENG', 'EMEA');
INSERT INTO salary (emp_name, salary) VALUES ('cwwpdduagf', 43000);
INSERT INTO employees (emp_name, phone, position, dept, region) VALUES ('lksvbmjmjx', '94093349', 'MGR', 'ENG', 'LON');
INSERT INTO salary (emp_name, salary) VALUES ('lksvbmjmjx', 94000);
INSERT INTO employees (emp_name, phone, position, dept, region) VALUES ('bljzwhjmmt', '94073524', 'MGR', 'ENG', 'PAR');
INSERT INTO salary (emp_name, salary) VALUES ('bljzwhjmmt', 42000);
INSERT INTO employees (emp_name, phone, position, dept, region) VALUES ('fmjtdnvlyf', '91801753', 'MGR', 'ENG', 'AMER');
INSERT INTO salary (emp_name, salary) VALUES ('fmjtdnvlyf', 89000);
INSERT INTO employees (emp_name, phone, position, dept, region) VALUES ('ssgkbpoxjq', '95496328', 'MGR', 'ENG', 'NY');
INSERT INTO salary (emp_name, salary) VALUES ('ssgkbpoxjq', 38000);
INSERT INTO employees (emp_name, phone, position, dept, region) VALUES ('kqguoptlrx', '92620255', 'MGR', 'ENG', 'SF');
INSERT INTO salary (emp_name, salary) VALUES ('kqguoptlrx', 39000);
INSERT INTO employees (emp_name, phone, position, dept, region) VALUES ('qrrfxfmopg', '92586788', 'EMP', 'ENG', 'GLOBAL');
INSERT INTO salary (emp_name, salary) VALUES ('qrrfxfmopg', 62000);
INSERT INTO employees (emp_name, phone, position, dept, region) VALUES ('joiszxskus', '92387175', 'EMP', 'ENG', 'APAC');
INSERT INTO salary (emp_name, salary) VALUES ('joiszxskus', 95000);
INSERT INTO employees (emp_name, phone, position, dept, region) VALUES ('zijomfotai', '91835829', 'EMP', 'ENG', 'SG');
INSERT INTO salary (emp_name, salary) VALUES ('zijomfotai', 78000);
INSERT INTO employees (emp_name, phone, position, dept, region) VALUES ('vuacfnuhnv', '90159826', 'EMP', 'ENG', 'HK');
INSERT INTO salary (emp_name, salary) VALUES ('vuacfnuhnv', 97000);
INSERT INTO employees (emp_name, phone, position, dept, region) VALUES ('tnccmifrbo', '90346081', 'EMP', 'ENG', 'EMEA');
INSERT INTO salary (emp_name, salary) VALUES ('tnccmifrbo', 60000);
INSERT INTO employees (emp_name, phone, position, dept, region) VALUES ('gjwxgdjcje', '92811283', 'EMP', 'ENG', 'LON');
INSERT INTO salary (emp_name, salary) VALUES ('gjwxgdjcje', 96000);
INSERT INTO employees (emp_name, phone, position, dept, region) VALUES ('hdilkkyths', '99176000', 'EMP', 'ENG', 'PAR');
INSERT INTO salary (emp_name, salary) VALUES ('hdilkkyths', 71000);
INSERT INTO employees (emp_name, phone, position, dept, region) VALUES ('csumgahkci', '93410440', 'EMP', 'ENG', 'AMER');
INSERT INTO salary (emp_name, salary) VALUES ('csumgahkci', 60000);
INSERT INTO employees (emp_name, phone, position, dept, region) VALUES ('ainisbfyrh', '99746698', 'EMP', 'ENG', 'NY');
INSERT INTO salary (emp_name, salary) VALUES ('ainisbfyrh', 40000);
INSERT INTO employees (emp_name, phone, position, dept, region) VALUES ('ddgyezughr', '95991299', 'EMP', 'ENG', 'SF');
INSERT INTO salary (emp_name, salary) VALUES ('ddgyezughr', 61000);
UPDATE employees SET employees.emp_r_label = gen_emp_r_label(employees.emp_name, employees.position, employees.dept, employees.region);
INSERT INTO projects (proj_name, description, eng_type, region) VALUES ('twlyxnhfxx', 'vtjkulmvterkzvyycuxftryktuxgno', 'FE', 'GLOBAL');
INSERT INTO project_budgets (proj_name, budget) VALUES ('twlyxnhfxx', 92000);
INSERT INTO projects (proj_name, description, eng_type, region) VALUES ('jlfvksnzcj', 'frxwsaswtpydwttjaogboulfepexju', 'FE', 'APAC');
INSERT INTO project_budgets (proj_name, budget) VALUES ('jlfvksnzcj', 70000);
INSERT INTO projects (proj_name, description, eng_type, region) VALUES ('mvhqygbxsh', 'ryomtuggyghiytceifzuzgoiieaddf', 'FE', 'SG');
INSERT INTO project_budgets (proj_name, budget) VALUES ('mvhqygbxsh', 85000);
INSERT INTO projects (proj_name, description, eng_type, region) VALUES ('kjzevynhyy', 'dsdxemsgpfqnpfzbpkemtcvuvzirib', 'FE', 'HK');
INSERT INTO project_budgets (proj_name, budget) VALUES ('kjzevynhyy', 77000);
INSERT INTO projects (proj_name, description, eng_type, region) VALUES ('wctxfwxbjl', 'uivpnzhrrmiteupwfouarmdaqeyvki', 'FE', 'EMEA');
INSERT INTO project_budgets (proj_name, budget) VALUES ('wctxfwxbjl', 44000);
INSERT INTO projects (proj_name, description, eng_type, region) VALUES ('twghyallpv', 'krooeziwjstoauchgoyazfpmzqcssd', 'FE', 'LON');
INSERT INTO project_budgets (proj_name, budget) VALUES ('twghyallpv', 55000);
INSERT INTO projects (proj_name, description, eng_type, region) VALUES ('yoiftrthqf', 'lbbygymbtidjdfgxrgzorwgqzihbtn', 'FE', 'PAR');
INSERT INTO project_budgets (proj_name, budget) VALUES ('yoiftrthqf', 79000);
INSERT INTO projects (proj_name, description, eng_type, region) VALUES ('tacziurqjn', 'ttxfixhdyagsyppitzkhskmtkcnndt', 'FE', 'AMER');
INSERT INTO project_budgets (proj_name, budget) VALUES ('tacziurqjn', 87000);
INSERT INTO projects (proj_name, description, eng_type, region) VALUES ('owdzssezzt', 'ovufyyxiznivllmgbhqqjnvqvdvnyn', 'FE', 'NY');
INSERT INTO project_budgets (proj_name, budget) VALUES ('owdzssezzt', 33000);
INSERT INTO projects (proj_name, description, eng_type, region) VALUES ('vidptcyzpk', 'iqxmtgitfrueprxrriislfdsxuoyhe', 'FE', 'SF');
INSERT INTO project_budgets (proj_name, budget) VALUES ('vidptcyzpk', 91000);
INSERT INTO projects (proj_name, description, eng_type, region) VALUES ('frpbqmtdsv', 'xposfaorthlcramkrlhjgztthrssnj', 'FE', 'GLOBAL');
INSERT INTO project_budgets (proj_name, budget) VALUES ('frpbqmtdsv', 40000);
INSERT INTO projects (proj_name, description, eng_type, region) VALUES ('kararhhvfs', 'zgnivujngycznlklfmicyyhqqtrfzo', 'FE', 'APAC');
INSERT INTO project_budgets (proj_name, budget) VALUES ('kararhhvfs', 60000);
INSERT INTO projects (proj_name, description, eng_type, region) VALUES ('rxwytpmvfi', 'sfwwivpdszndqlvftqavtpxhesqwkz', 'FE', 'SG');
INSERT INTO project_budgets (proj_name, budget) VALUES ('rxwytpmvfi', 84000);
INSERT INTO projects (proj_name, description, eng_type, region) VALUES ('cgpevhearo', 'mskdpcvnygzrdvomsddkhfflnhvagz', 'FE', 'HK');
INSERT INTO project_budgets (proj_name, budget) VALUES ('cgpevhearo', 65000);
INSERT INTO projects (proj_name, description, eng_type, region) VALUES ('nyzizwcquj', 'hjlviclbcpljraqraxverzguqoiesk', 'FE', 'EMEA');
INSERT INTO project_budgets (proj_name, budget) VALUES ('nyzizwcquj', 69000);
INSERT INTO projects (proj_name, description, eng_type, region) VALUES ('behepdfpff', 'tpbwgfaylwyjgrogqjglfdwqvhuyfx', 'FE', 'LON');
INSERT INTO project_budgets (proj_name, budget) VALUES ('behepdfpff', 76000);
INSERT INTO projects (proj_name, description, eng_type, region) VALUES ('ldkeuiqmxc', 'baodzwsnkbvvqwpesgnfbqfovgqjrv', 'FE', 'PAR');
INSERT INTO project_budgets (proj_name, budget) VALUES ('ldkeuiqmxc', 67000);
INSERT INTO projects (proj_name, description, eng_type, region) VALUES ('dapibpzklr', 'xpojhxknzjlnrsiculqborcynahrte', 'FE', 'AMER');
INSERT INTO project_budgets (proj_name, budget) VALUES ('dapibpzklr', 77000);
INSERT INTO projects (proj_name, description, eng_type, region) VALUES ('xxbzdmtaro', 'yicanhnqqcwkjlwlqyklqeezqycmyv', 'FE', 'NY');
INSERT INTO project_budgets (proj_name, budget) VALUES ('xxbzdmtaro', 93000);
INSERT INTO projects (proj_name, description, eng_type, region) VALUES ('dtckmyjijn', 'fpjedeixjxtlgokkbjvixcgfeihwyk', 'FE', 'SF');
INSERT INTO project_budgets (proj_name, budget) VALUES ('dtckmyjijn', 58000);
INSERT INTO projects (proj_name, description, eng_type, region) VALUES ('jnbnuafvvr', 'ztyavdmpbcqfcymqsehdrcynoovsbg', 'FE', 'GLOBAL');
INSERT INTO project_budgets (proj_name, budget) VALUES ('jnbnuafvvr', 94000);
INSERT INTO projects (proj_name, description, eng_type, region) VALUES ('fiqlmwaqlh', 'tcakhnfpkrvqqanlnvruaxgrneeuot', 'FE', 'APAC');
INSERT INTO project_budgets (proj_name, budget) VALUES ('fiqlmwaqlh', 88000);
INSERT INTO projects (proj_name, description, eng_type, region) VALUES ('gfgallvtki', 'xenaqkotyurydyfntplmpahibiipwt', 'FE', 'SG');
INSERT INTO project_budgets (proj_name, budget) VALUES ('gfgallvtki', 83000);
INSERT INTO projects (proj_name, description, eng_type, region) VALUES ('yajzmpelxd', 'fyswkkzfyskirgmbjyqsudfbducsjd', 'FE', 'HK');
INSERT INTO project_budgets (proj_name, budget) VALUES ('yajzmpelxd', 33000);
INSERT INTO projects (proj_name, description, eng_type, region) VALUES ('kdhhhwadcl', 'wvnlnarwiboczifvkfwjzbsvjnsdnz', 'FE', 'EMEA');
INSERT INTO project_budgets (proj_name, budget) VALUES ('kdhhhwadcl', 84000);
INSERT INTO projects (proj_name, description, eng_type, region) VALUES ('yszozbrerg', 'khtilnuxnvfpqznxkyrgnsvcqkhbvu', 'FE', 'LON');
INSERT INTO project_budgets (proj_name, budget) VALUES ('yszozbrerg', 79000);
INSERT INTO projects (proj_name, description, eng_type, region) VALUES ('hbilwfpguo', 'auregwzodwtykrmcobwhkinawocrkg', 'FE', 'PAR');
INSERT INTO project_budgets (proj_name, budget) VALUES ('hbilwfpguo', 32000);
INSERT INTO projects (proj_name, description, eng_type, region) VALUES ('fxtasonhyd', 'vkrmrhijghezmrzvbanoivpexiynia', 'FE', 'AMER');
INSERT INTO project_budgets (proj_name, budget) VALUES ('fxtasonhyd', 79000);
INSERT INTO projects (proj_name, description, eng_type, region) VALUES ('fnwcgkmbej', 'exhwkoqsusnruqhvgnhdcxgounldvo', 'FE', 'NY');
INSERT INTO project_budgets (proj_name, budget) VALUES ('fnwcgkmbej', 52000);
INSERT INTO projects (proj_name, description, eng_type, region) VALUES ('bhcscnunxf', 'gjqszsvmtqfzigmtrxfhsymtugwmhs', 'FE', 'SF');
INSERT INTO project_budgets (proj_name, budget) VALUES ('bhcscnunxf', 70000);
INSERT INTO projects (proj_name, description, eng_type, region) VALUES ('ztziwgqjfg', 'rutpyektomawdcnifzmmpxhbpakmpv', 'BE', 'GLOBAL');
INSERT INTO project_budgets (proj_name, budget) VALUES ('ztziwgqjfg', 57000);
INSERT INTO projects (proj_name, description, eng_type, region) VALUES ('fbbojfjjym', 'uvwlvgtzggadimfqmteysttppachyh', 'BE', 'APAC');
INSERT INTO project_budgets (proj_name, budget) VALUES ('fbbojfjjym', 85000);
INSERT INTO projects (proj_name, description, eng_type, region) VALUES ('jelwyfmwjm', 'vkedcuqyrpzbrvpbapuxvspnbkztfu', 'BE', 'SG');
INSERT INTO project_budgets (proj_name, budget) VALUES ('jelwyfmwjm', 54000);
INSERT INTO projects (proj_name, description, eng_type, region) VALUES ('gwcqzpmkdf', 'prxfpsqpowcnnqyifxxcyjppidbquf', 'BE', 'HK');
INSERT INTO project_budgets (proj_name, budget) VALUES ('gwcqzpmkdf', 57000);
INSERT INTO projects (proj_name, description, eng_type, region) VALUES ('foigyxgobz', 'uflaaabsazqqyhprzszkiqfrsgyqin', 'BE', 'EMEA');
INSERT INTO project_budgets (proj_name, budget) VALUES ('foigyxgobz', 97000);
INSERT INTO projects (proj_name, description, eng_type, region) VALUES ('ajhattjuex', 'xcibpgzhbimgcgxnrovlhjllftbfeh', 'BE', 'LON');
INSERT INTO project_budgets (proj_name, budget) VALUES ('ajhattjuex', 38000);
INSERT INTO projects (proj_name, description, eng_type, region) VALUES ('zfloluorqt', 'urixfqlljonjfojyahbkhvfjlhpvkk', 'BE', 'PAR');
INSERT INTO project_budgets (proj_name, budget) VALUES ('zfloluorqt', 71000);
INSERT INTO projects (proj_name, description, eng_type, region) VALUES ('czxwejgtpj', 'utmvkvgyybbcizdpzxnhurvxqqrsyj', 'BE', 'AMER');
INSERT INTO project_budgets (proj_name, budget) VALUES ('czxwejgtpj', 85000);
INSERT INTO projects (proj_name, description, eng_type, region) VALUES ('sfiduqwvry', 'djeikwwinitzbxzyxlrykbfslyvaht', 'BE', 'NY');
INSERT INTO project_budgets (proj_name, budget) VALUES ('sfiduqwvry', 82000);
INSERT INTO projects (proj_name, description, eng_type, region) VALUES ('qhozxdwrky', 'ewtqxfiqvxwvaequyvmbvipakaswmk', 'BE', 'SF');
INSERT INTO project_budgets (proj_name, budget) VALUES ('qhozxdwrky', 81000);
INSERT INTO projects (proj_name, description, eng_type, region) VALUES ('nvzeyqvkle', 'gemsnmmopprvbmnzzmfvvygbekvuqx', 'BE', 'GLOBAL');
INSERT INTO project_budgets (proj_name, budget) VALUES ('nvzeyqvkle', 51000);
INSERT INTO projects (proj_name, description, eng_type, region) VALUES ('wsqeowzqwg', 'ovcxgdhliyjkowptwhqqugilvymdxj', 'BE', 'APAC');
INSERT INTO project_budgets (proj_name, budget) VALUES ('wsqeowzqwg', 84000);
INSERT INTO projects (proj_name, description, eng_type, region) VALUES ('etlhgncomk', 'dhtublapyfwokpqkbbwrcoobpgltew', 'BE', 'SG');
INSERT INTO project_budgets (proj_name, budget) VALUES ('etlhgncomk', 83000);
INSERT INTO projects (proj_name, description, eng_type, region) VALUES ('xzfjbldijd', 'dqaexkbqpqroxqkuysplcdbckssbti', 'BE', 'HK');
INSERT INTO project_budgets (proj_name, budget) VALUES ('xzfjbldijd', 88000);
INSERT INTO projects (proj_name, description, eng_type, region) VALUES ('dpljcgcnju', 'hvvmstpylabvavwjgzcbitclvnqthn', 'BE', 'EMEA');
INSERT INTO project_budgets (proj_name, budget) VALUES ('dpljcgcnju', 68000);
INSERT INTO projects (proj_name, description, eng_type, region) VALUES ('sayitvbsoc', 'ffpoyphzgjfbxtkaizkawfwjzbssnu', 'BE', 'LON');
INSERT INTO project_budgets (proj_name, budget) VALUES ('sayitvbsoc', 62000);
INSERT INTO projects (proj_name, description, eng_type, region) VALUES ('nvqgvpmvin', 'ggabbvibdfydnxvmbmjmdbnobgbdgh', 'BE', 'PAR');
INSERT INTO project_budgets (proj_name, budget) VALUES ('nvqgvpmvin', 86000);
INSERT INTO projects (proj_name, description, eng_type, region) VALUES ('juqoclqomp', 'fjbssutflanlxiqeivcfifufscgeqt', 'BE', 'AMER');
INSERT INTO project_budgets (proj_name, budget) VALUES ('juqoclqomp', 56000);
INSERT INTO projects (proj_name, description, eng_type, region) VALUES ('gahtlumjzt', 'nyanirfflcogxyvsrmgortatgdxgss', 'BE', 'NY');
INSERT INTO project_budgets (proj_name, budget) VALUES ('gahtlumjzt', 34000);
INSERT INTO projects (proj_name, description, eng_type, region) VALUES ('ovajwfgfdg', 'yuzckwvjtxiokyxqqzibjlnkgjqhvn', 'BE', 'SF');
INSERT INTO project_budgets (proj_name, budget) VALUES ('ovajwfgfdg', 86000);
INSERT INTO projects (proj_name, description, eng_type, region) VALUES ('ilstvzxitq', 'wuzcblvlcspcqjccnfuojvjbbhdyob', 'BE', 'GLOBAL');
INSERT INTO project_budgets (proj_name, budget) VALUES ('ilstvzxitq', 30000);
INSERT INTO projects (proj_name, description, eng_type, region) VALUES ('zxcdmbaxtf', 'uxuypptcfdbbsvuvqrowrynphcizgu', 'BE', 'APAC');
INSERT INTO project_budgets (proj_name, budget) VALUES ('zxcdmbaxtf', 35000);
INSERT INTO projects (proj_name, description, eng_type, region) VALUES ('wxgyeoqced', 'afggeooamvgguqbrspubpsbxsjyqnu', 'BE', 'SG');
INSERT INTO project_budgets (proj_name, budget) VALUES ('wxgyeoqced', 33000);
INSERT INTO projects (proj_name, description, eng_type, region) VALUES ('nexsdhondn', 'lkybuifrtjsqvpefhokdcfxesclubu', 'BE', 'HK');
INSERT INTO project_budgets (proj_name, budget) VALUES ('nexsdhondn', 95000);
INSERT INTO projects (proj_name, description, eng_type, region) VALUES ('wyummlnigy', 'tlxtodhweaywvlbxvkzxjmhpftqydj', 'BE', 'EMEA');
INSERT INTO project_budgets (proj_name, budget) VALUES ('wyummlnigy', 48000);
INSERT INTO projects (proj_name, description, eng_type, region) VALUES ('soxoawnhsm', 'kalpztvgrvevzhphtiqbnkzdugeyoc', 'BE', 'LON');
INSERT INTO project_budgets (proj_name, budget) VALUES ('soxoawnhsm', 84000);
INSERT INTO projects (proj_name, description, eng_type, region) VALUES ('obwtgtyeqy', 'czcljxcnejfubeduxrecddidxfkxbd', 'BE', 'PAR');
INSERT INTO project_budgets (proj_name, budget) VALUES ('obwtgtyeqy', 83000);
INSERT INTO projects (proj_name, description, eng_type, region) VALUES ('mmlwayoler', 'xmncvlzypeyatgytjoyduwzqogpkai', 'BE', 'AMER');
INSERT INTO project_budgets (proj_name, budget) VALUES ('mmlwayoler', 41000);
INSERT INTO projects (proj_name, description, eng_type, region) VALUES ('vgldutaoog', 'wnwiewfxtnokplorfpkykeqjmjjlus', 'BE', 'NY');
INSERT INTO project_budgets (proj_name, budget) VALUES ('vgldutaoog', 51000);
INSERT INTO projects (proj_name, description, eng_type, region) VALUES ('oavoesphsf', 'swuoivgmhvajkpsjqsjznjifjgudos', 'BE', 'SF');
INSERT INTO project_budgets (proj_name, budget) VALUES ('oavoesphsf', 56000);
INSERT INTO projects (proj_name, description, eng_type, region) VALUES ('nhghuwfxds', 'ochzjxmoxcaptoktygsbozvzltielq', 'SEC', 'GLOBAL');
INSERT INTO project_budgets (proj_name, budget) VALUES ('nhghuwfxds', 85000);
INSERT INTO projects (proj_name, description, eng_type, region) VALUES ('jsrgvigizc', 'ppamhwpvxdwvkbeymsvniejajwencz', 'SEC', 'APAC');
INSERT INTO project_budgets (proj_name, budget) VALUES ('jsrgvigizc', 52000);
INSERT INTO projects (proj_name, description, eng_type, region) VALUES ('iswqjhxuai', 'gjzyxmxgponqgwctokyplghwpadrnb', 'SEC', 'SG');
INSERT INTO project_budgets (proj_name, budget) VALUES ('iswqjhxuai', 91000);
INSERT INTO projects (proj_name, description, eng_type, region) VALUES ('kzfkdosnll', 'pywrorgvzlmmcvyfjgecfflvdrftsd', 'SEC', 'HK');
INSERT INTO project_budgets (proj_name, budget) VALUES ('kzfkdosnll', 65000);
INSERT INTO projects (proj_name, description, eng_type, region) VALUES ('icjdqsuwpr', 'dplhiguzrovhrtllgejyeshkjnbrue', 'SEC', 'EMEA');
INSERT INTO project_budgets (proj_name, budget) VALUES ('icjdqsuwpr', 46000);
INSERT INTO projects (proj_name, description, eng_type, region) VALUES ('xtwnbpzpqg', 'rwglbvzbjbsqnkqfmzwiznxwepcste', 'SEC', 'LON');
INSERT INTO project_budgets (proj_name, budget) VALUES ('xtwnbpzpqg', 94000);
INSERT INTO projects (proj_name, description, eng_type, region) VALUES ('hyfyofucwh', 'xmwaxgynjxobndtsnfkhmgvtutgfjv', 'SEC', 'PAR');
INSERT INTO project_budgets (proj_name, budget) VALUES ('hyfyofucwh', 79000);
INSERT INTO projects (proj_name, description, eng_type, region) VALUES ('whkgpllqsq', 'umbuintniraojoltzggbsvvkryrhhf', 'SEC', 'AMER');
INSERT INTO project_budgets (proj_name, budget) VALUES ('whkgpllqsq', 39000);
INSERT INTO projects (proj_name, description, eng_type, region) VALUES ('ssaexthkzc', 'rttagjoxxrsileztwioyhtefigmnuf', 'SEC', 'NY');
INSERT INTO project_budgets (proj_name, budget) VALUES ('ssaexthkzc', 63000);
INSERT INTO projects (proj_name, description, eng_type, region) VALUES ('eodxbdhvjy', 'riysyskukfunjunyqayjihcbigukly', 'SEC', 'SF');
INSERT INTO project_budgets (proj_name, budget) VALUES ('eodxbdhvjy', 40000);
INSERT INTO projects (proj_name, description, eng_type, region) VALUES ('qpmrnsgjnl', 'sgxfqougsnxlnwnmigdgfpcumrvlpm', 'SEC', 'GLOBAL');
INSERT INTO project_budgets (proj_name, budget) VALUES ('qpmrnsgjnl', 71000);
INSERT INTO projects (proj_name, description, eng_type, region) VALUES ('qtotdyvwqu', 'inmxnkkglanaekytynawfphpfikjrs', 'SEC', 'APAC');
INSERT INTO project_budgets (proj_name, budget) VALUES ('qtotdyvwqu', 54000);
INSERT INTO projects (proj_name, description, eng_type, region) VALUES ('fpyebqieuu', 'hsbkzyrhtnnocukqycegtbnjxaraix', 'SEC', 'SG');
INSERT INTO project_budgets (proj_name, budget) VALUES ('fpyebqieuu', 83000);
INSERT INTO projects (proj_name, description, eng_type, region) VALUES ('robwfigzuu', 'frnjfhoxclqpawhbvemmehqsmedgmr', 'SEC', 'HK');
INSERT INTO project_budgets (proj_name, budget) VALUES ('robwfigzuu', 49000);
INSERT INTO projects (proj_name, description, eng_type, region) VALUES ('koecyumcop', 'ismjvvbzluesedjczufqgmvzvnvcro', 'SEC', 'EMEA');
INSERT INTO project_budgets (proj_name, budget) VALUES ('koecyumcop', 72000);
INSERT INTO projects (proj_name, description, eng_type, region) VALUES ('iagkkaqovg', 'xsbxcrqitfcwteubahrprafbinolro', 'SEC', 'LON');
INSERT INTO project_budgets (proj_name, budget) VALUES ('iagkkaqovg', 96000);
INSERT INTO projects (proj_name, description, eng_type, region) VALUES ('kkggxrebtm', 'yvoetriyzrpiniqfmicrirbhbaowwx', 'SEC', 'PAR');
INSERT INTO project_budgets (proj_name, budget) VALUES ('kkggxrebtm', 99000);
INSERT INTO projects (proj_name, description, eng_type, region) VALUES ('ptbhovkppp', 'qcjhttusaoefipijektklvoitlpxws', 'SEC', 'AMER');
INSERT INTO project_budgets (proj_name, budget) VALUES ('ptbhovkppp', 88000);
INSERT INTO projects (proj_name, description, eng_type, region) VALUES ('twakxxzuyp', 'vqmazvafxcuhgrtbswymhgbdmzgrct', 'SEC', 'NY');
INSERT INTO project_budgets (proj_name, budget) VALUES ('twakxxzuyp', 32000);
INSERT INTO projects (proj_name, description, eng_type, region) VALUES ('oskdknmzji', 'agdaxshjsjuzzhbbooxikzvebuifwp', 'SEC', 'SF');
INSERT INTO project_budgets (proj_name, budget) VALUES ('oskdknmzji', 74000);
INSERT INTO projects (proj_name, description, eng_type, region) VALUES ('xcuxzgtwof', 'cghmwptiqgqngobrjyfdwwjauvigmb', 'SEC', 'GLOBAL');
INSERT INTO project_budgets (proj_name, budget) VALUES ('xcuxzgtwof', 31000);
INSERT INTO projects (proj_name, description, eng_type, region) VALUES ('holgvhuuyl', 'mslkhpvkuaoajfsjhghmanngtheowv', 'SEC', 'APAC');
INSERT INTO project_budgets (proj_name, budget) VALUES ('holgvhuuyl', 40000);
INSERT INTO projects (proj_name, description, eng_type, region) VALUES ('mlaopihhuy', 'nkyxgdnijkbhltxeaaqlepountwjpx', 'SEC', 'SG');
INSERT INTO project_budgets (proj_name, budget) VALUES ('mlaopihhuy', 39000);
INSERT INTO projects (proj_name, description, eng_type, region) VALUES ('pbbnizfjqy', 'wojxmayynpmauflilizjhufxjwolmk', 'SEC', 'HK');
INSERT INTO project_budgets (proj_name, budget) VALUES ('pbbnizfjqy', 93000);
INSERT INTO projects (proj_name, description, eng_type, region) VALUES ('yxxbahojea', 'pmyslsdlsxgikjkotqgjtngeynkpue', 'SEC', 'EMEA');
INSERT INTO project_budgets (proj_name, budget) VALUES ('yxxbahojea', 42000);
INSERT INTO projects (proj_name, description, eng_type, region) VALUES ('sapcgujkdq', 'zhavzzdufqlrginyyazzfcgbckbxja', 'SEC', 'LON');
INSERT INTO project_budgets (proj_name, budget) VALUES ('sapcgujkdq', 75000);
INSERT INTO projects (proj_name, description, eng_type, region) VALUES ('qadxrwkwsn', 'tdqspkyjqwgmrbtmehwglnmywlsnup', 'SEC', 'PAR');
INSERT INTO project_budgets (proj_name, budget) VALUES ('qadxrwkwsn', 82000);
INSERT INTO projects (proj_name, description, eng_type, region) VALUES ('coxdeuqqpa', 'eacbmvuhlonwiyvjxpdxnxqlfudyeo', 'SEC', 'AMER');
INSERT INTO project_budgets (proj_name, budget) VALUES ('coxdeuqqpa', 79000);
INSERT INTO projects (proj_name, description, eng_type, region) VALUES ('ijahfnedxt', 'ctgkdxcfohpjlsxuvgsdrrhuovfktq', 'SEC', 'NY');
INSERT INTO project_budgets (proj_name, budget) VALUES ('ijahfnedxt', 33000);
INSERT INTO projects (proj_name, description, eng_type, region) VALUES ('hbrtvyhnqt', 'fddvnkoqprpaentwbgmunhguqkrovk', 'SEC', 'SF');
INSERT INTO project_budgets (proj_name, budget) VALUES ('hbrtvyhnqt', 36000);
INSERT INTO projects (proj_name, description, eng_type, region) VALUES ('takompvcuq', 'gycxpkghfqkqdavrwqnvdtstjotcgu', 'DOPS', 'GLOBAL');
INSERT INTO project_budgets (proj_name, budget) VALUES ('takompvcuq', 67000);
INSERT INTO projects (proj_name, description, eng_type, region) VALUES ('mgbxfplglz', 'ketiffvolvmsgagfmfxgalyyyclbjv', 'DOPS', 'APAC');
INSERT INTO project_budgets (proj_name, budget) VALUES ('mgbxfplglz', 69000);
INSERT INTO projects (proj_name, description, eng_type, region) VALUES ('jcubhfqwdg', 'palymczdzkirwbmdipstexuhugbkiv', 'DOPS', 'SG');
INSERT INTO project_budgets (proj_name, budget) VALUES ('jcubhfqwdg', 74000);
INSERT INTO projects (proj_name, description, eng_type, region) VALUES ('fmcoydmdog', 'kesyggddahlcxpxqhixgbefujohoor', 'DOPS', 'HK');
INSERT INTO project_budgets (proj_name, budget) VALUES ('fmcoydmdog', 52000);
INSERT INTO projects (proj_name, description, eng_type, region) VALUES ('oqaepwiagb', 'emcviswjqqxdmkfygktwstkpapcltw', 'DOPS', 'EMEA');
INSERT INTO project_budgets (proj_name, budget) VALUES ('oqaepwiagb', 35000);
INSERT INTO projects (proj_name, description, eng_type, region) VALUES ('anrizlhaxe', 'utrlqtzoiuvtrzmxcwymctfrtbgqtp', 'DOPS', 'LON');
INSERT INTO project_budgets (proj_name, budget) VALUES ('anrizlhaxe', 78000);
INSERT INTO projects (proj_name, description, eng_type, region) VALUES ('zdicdeiowe', 'kfqzuptfyvgaojemrmmaoysjoozwdm', 'DOPS', 'PAR');
INSERT INTO project_budgets (proj_name, budget) VALUES ('zdicdeiowe', 31000);
INSERT INTO projects (proj_name, description, eng_type, region) VALUES ('eciipsjjfc', 'rnbkwepazauhbknitqhbzoczgjytlg', 'DOPS', 'AMER');
INSERT INTO project_budgets (proj_name, budget) VALUES ('eciipsjjfc', 44000);
INSERT INTO projects (proj_name, description, eng_type, region) VALUES ('ylhkpdojoc', 'gvzzzhmamzcecgtaqolbvqnjpqnmri', 'DOPS', 'NY');
INSERT INTO project_budgets (proj_name, budget) VALUES ('ylhkpdojoc', 50000);
INSERT INTO projects (proj_name, description, eng_type, region) VALUES ('ahccvqkejy', 'gockcluvdecgzvrrnhxpxiloghwdfo', 'DOPS', 'SF');
INSERT INTO project_budgets (proj_name, budget) VALUES ('ahccvqkejy', 82000);
INSERT INTO projects (proj_name, description, eng_type, region) VALUES ('clmzfzljtb', 'hcfrudletnncytbdxewugsvltbegwo', 'DOPS', 'GLOBAL');
INSERT INTO project_budgets (proj_name, budget) VALUES ('clmzfzljtb', 32000);
INSERT INTO projects (proj_name, description, eng_type, region) VALUES ('imvffrpapg', 'pfyktclionoclmpqeiubcdddmyxfmq', 'DOPS', 'APAC');
INSERT INTO project_budgets (proj_name, budget) VALUES ('imvffrpapg', 42000);
INSERT INTO projects (proj_name, description, eng_type, region) VALUES ('wvzquxigxs', 'fidgrsnqsjmxynuwnmhxxbuhddsdap', 'DOPS', 'SG');
INSERT INTO project_budgets (proj_name, budget) VALUES ('wvzquxigxs', 94000);
INSERT INTO projects (proj_name, description, eng_type, region) VALUES ('iycwpnqukm', 'gaybaewjhfpfnfecrqhtdtsflfdyty', 'DOPS', 'HK');
INSERT INTO project_budgets (proj_name, budget) VALUES ('iycwpnqukm', 85000);
INSERT INTO projects (proj_name, description, eng_type, region) VALUES ('kyfsbtiurv', 'ixcpavnhtytfcprwgmuumnulxhbozw', 'DOPS', 'EMEA');
INSERT INTO project_budgets (proj_name, budget) VALUES ('kyfsbtiurv', 75000);
INSERT INTO projects (proj_name, description, eng_type, region) VALUES ('rqmmhmmvth', 'uzkqltrbaavtwkshtodcynmrobrith', 'DOPS', 'LON');
INSERT INTO project_budgets (proj_name, budget) VALUES ('rqmmhmmvth', 63000);
INSERT INTO projects (proj_name, description, eng_type, region) VALUES ('jtuaospigw', 'ikjvicldgpyfrddligaornrjorfsym', 'DOPS', 'PAR');
INSERT INTO project_budgets (proj_name, budget) VALUES ('jtuaospigw', 45000);
INSERT INTO projects (proj_name, description, eng_type, region) VALUES ('hfbydswrvn', 'iifxkqgxsadhelqavpcwftphoddvpf', 'DOPS', 'AMER');
INSERT INTO project_budgets (proj_name, budget) VALUES ('hfbydswrvn', 32000);
INSERT INTO projects (proj_name, description, eng_type, region) VALUES ('rumcuvdlfe', 'axuzsjmnfzpufipzpdhzjqnsqcbtku', 'DOPS', 'NY');
INSERT INTO project_budgets (proj_name, budget) VALUES ('rumcuvdlfe', 58000);
INSERT INTO projects (proj_name, description, eng_type, region) VALUES ('wtlfqwyuiz', 'wwdqztvjgxuxcagixebinankyoxler', 'DOPS', 'SF');
INSERT INTO project_budgets (proj_name, budget) VALUES ('wtlfqwyuiz', 41000);
INSERT INTO projects (proj_name, description, eng_type, region) VALUES ('dgeqtueipw', 'nohkuicgwdqbpzotebmhwyccyiinuo', 'DOPS', 'GLOBAL');
INSERT INTO project_budgets (proj_name, budget) VALUES ('dgeqtueipw', 76000);
INSERT INTO projects (proj_name, description, eng_type, region) VALUES ('dgkaxnyuhn', 'pmobhzyugogdopkuruszhauroamdfp', 'DOPS', 'APAC');
INSERT INTO project_budgets (proj_name, budget) VALUES ('dgkaxnyuhn', 92000);
INSERT INTO projects (proj_name, description, eng_type, region) VALUES ('obvcflndxe', 'wzqvifavdpoqfxgfvmnmxpcywcgnzz', 'DOPS', 'SG');
INSERT INTO project_budgets (proj_name, budget) VALUES ('obvcflndxe', 96000);
INSERT INTO projects (proj_name, description, eng_type, region) VALUES ('tyzyzknvld', 'vybolvyfpvrwpweboqnrevcvwqzsqz', 'DOPS', 'HK');
INSERT INTO project_budgets (proj_name, budget) VALUES ('tyzyzknvld', 70000);
INSERT INTO projects (proj_name, description, eng_type, region) VALUES ('pjylrriqoe', 'arokryvyvxmjaioblmopeghgpwybbd', 'DOPS', 'EMEA');
INSERT INTO project_budgets (proj_name, budget) VALUES ('pjylrriqoe', 37000);
INSERT INTO projects (proj_name, description, eng_type, region) VALUES ('tlwwjcelsk', 'ubzidwoatovitoizxxmoenwyvkvoxr', 'DOPS', 'LON');
INSERT INTO project_budgets (proj_name, budget) VALUES ('tlwwjcelsk', 38000);
INSERT INTO projects (proj_name, description, eng_type, region) VALUES ('tmjljnyulo', 'mysogmmlqjkomxoaokyrwrtdcndacq', 'DOPS', 'PAR');
INSERT INTO project_budgets (proj_name, budget) VALUES ('tmjljnyulo', 99000);
INSERT INTO projects (proj_name, description, eng_type, region) VALUES ('vhjsguksrb', 'iublkyjupmnbiunmgzyekvxpqspndp', 'DOPS', 'AMER');
INSERT INTO project_budgets (proj_name, budget) VALUES ('vhjsguksrb', 44000);
INSERT INTO projects (proj_name, description, eng_type, region) VALUES ('xxcngjatpq', 'bawljfwlzaafcrjgujugxhjuapooeo', 'DOPS', 'NY');
INSERT INTO project_budgets (proj_name, budget) VALUES ('xxcngjatpq', 39000);
INSERT INTO projects (proj_name, description, eng_type, region) VALUES ('sfqobgywon', 'tyanagisfppphffkpslpasjjstrtro', 'DOPS', 'SF');
INSERT INTO project_budgets (proj_name, budget) VALUES ('sfqobgywon', 71000);
INSERT INTO projects (proj_name, description, eng_type, region) VALUES ('thleyonecp', 'kfhqfnehsbomwvieguzawkjzvesqzc', 'FE', 'GLOBAL');
INSERT INTO project_budgets (proj_name, budget) VALUES ('thleyonecp', 65000);
INSERT INTO projects (proj_name, description, eng_type, region) VALUES ('pijovjhbuh', 'nqshglgljvpdtloytxvezlyaraotbb', 'FE', 'APAC');
INSERT INTO project_budgets (proj_name, budget) VALUES ('pijovjhbuh', 97000);
INSERT INTO projects (proj_name, description, eng_type, region) VALUES ('tqlfarofjz', 'jaegviogqhhlvipybhkhnelkwhvigh', 'FE', 'SG');
INSERT INTO project_budgets (proj_name, budget) VALUES ('tqlfarofjz', 58000);
INSERT INTO projects (proj_name, description, eng_type, region) VALUES ('vycvczigqi', 'oimailfxzevgqyaqkbzwaybluvaefy', 'FE', 'HK');
INSERT INTO project_budgets (proj_name, budget) VALUES ('vycvczigqi', 74000);
INSERT INTO projects (proj_name, description, eng_type, region) VALUES ('svnjmuiqgy', 'bhgxumqcawoolxikytklkmjnxbtnyt', 'FE', 'EMEA');
INSERT INTO project_budgets (proj_name, budget) VALUES ('svnjmuiqgy', 63000);
INSERT INTO projects (proj_name, description, eng_type, region) VALUES ('ynalktmuzz', 'ewpcottskbjbqnvdxeaonvuhhwteam', 'FE', 'LON');
INSERT INTO project_budgets (proj_name, budget) VALUES ('ynalktmuzz', 96000);
INSERT INTO projects (proj_name, description, eng_type, region) VALUES ('nvkouwfyow', 'uvbrnaloywzdrofvpferxmkdqodhrj', 'FE', 'PAR');
INSERT INTO project_budgets (proj_name, budget) VALUES ('nvkouwfyow', 62000);
INSERT INTO projects (proj_name, description, eng_type, region) VALUES ('vbcojodwqt', 'qnevtnsrbnrpyfwndstlwayamgjyzr', 'FE', 'AMER');
INSERT INTO project_budgets (proj_name, budget) VALUES ('vbcojodwqt', 84000);
INSERT INTO projects (proj_name, description, eng_type, region) VALUES ('mkiynlgqyq', 'ytiuopdgzdxzuvtfwqfmwwgovnxfei', 'FE', 'NY');
INSERT INTO project_budgets (proj_name, budget) VALUES ('mkiynlgqyq', 51000);
INSERT INTO projects (proj_name, description, eng_type, region) VALUES ('goudtxvmnd', 'xlubyffqoymhewpdigayasdlhhvyik', 'FE', 'SF');
INSERT INTO project_budgets (proj_name, budget) VALUES ('goudtxvmnd', 70000);
INSERT INTO projects (proj_name, description, eng_type, region) VALUES ('juqbzvbyjw', 'sfjcwiltcjojzmfzwscjcuudbqpqzq', 'FE', 'GLOBAL');
INSERT INTO project_budgets (proj_name, budget) VALUES ('juqbzvbyjw', 62000);
INSERT INTO projects (proj_name, description, eng_type, region) VALUES ('vaojymjbhd', 'xxfiyxcmvdaybukvpvaecrcwbkgxdy', 'FE', 'APAC');
INSERT INTO project_budgets (proj_name, budget) VALUES ('vaojymjbhd', 70000);
INSERT INTO projects (proj_name, description, eng_type, region) VALUES ('eophmxprbb', 'raxfwmjnrwymitfquspdmacvlyuauv', 'FE', 'SG');
INSERT INTO project_budgets (proj_name, budget) VALUES ('eophmxprbb', 90000);
INSERT INTO projects (proj_name, description, eng_type, region) VALUES ('qlnuijrwjb', 'tjmyaxmwudoqiiateouvbeozmsyqxk', 'FE', 'HK');
INSERT INTO project_budgets (proj_name, budget) VALUES ('qlnuijrwjb', 96000);
INSERT INTO projects (proj_name, description, eng_type, region) VALUES ('ldgbtattnc', 'fgokrrbgkpdqrkurkmortustbhjszf', 'FE', 'EMEA');
INSERT INTO project_budgets (proj_name, budget) VALUES ('ldgbtattnc', 93000);
INSERT INTO projects (proj_name, description, eng_type, region) VALUES ('fvtmemlgis', 'ycdzzumxinpizeulmmvxsuclwaxeel', 'FE', 'LON');
INSERT INTO project_budgets (proj_name, budget) VALUES ('fvtmemlgis', 91000);
INSERT INTO projects (proj_name, description, eng_type, region) VALUES ('eovtbpgozz', 'bxpotauuvdvvchaalgnluvpnrgqvqi', 'FE', 'PAR');
INSERT INTO project_budgets (proj_name, budget) VALUES ('eovtbpgozz', 90000);
INSERT INTO projects (proj_name, description, eng_type, region) VALUES ('iugevwfqkd', 'ytpdnvelhlqmddvgpvffhdobwivacj', 'FE', 'AMER');
INSERT INTO project_budgets (proj_name, budget) VALUES ('iugevwfqkd', 40000);
INSERT INTO projects (proj_name, description, eng_type, region) VALUES ('aeeoujylrj', 'owyqpbzkjdeyndgydsxxbviawrnnej', 'FE', 'NY');
INSERT INTO project_budgets (proj_name, budget) VALUES ('aeeoujylrj', 76000);
INSERT INTO projects (proj_name, description, eng_type, region) VALUES ('xoleocpsud', 'cktdkaftnmchxkgnvsrkfweoaijmkb', 'FE', 'SF');
INSERT INTO project_budgets (proj_name, budget) VALUES ('xoleocpsud', 55000);
INSERT INTO projects (proj_name, description, eng_type, region) VALUES ('uglegzjurg', 'qmhfopiugyvrgjnasewnvzpkdgcdju', 'FE', 'GLOBAL');
INSERT INTO project_budgets (proj_name, budget) VALUES ('uglegzjurg', 69000);
INSERT INTO projects (proj_name, description, eng_type, region) VALUES ('pncvyhnyrm', 'ocwwrizbbznevbshmcnqnylecrlfhl', 'FE', 'APAC');
INSERT INTO project_budgets (proj_name, budget) VALUES ('pncvyhnyrm', 36000);
INSERT INTO projects (proj_name, description, eng_type, region) VALUES ('zuztohxoit', 'qvogiejxvxrvkmyiedhlgyuzwgyszm', 'FE', 'SG');
INSERT INTO project_budgets (proj_name, budget) VALUES ('zuztohxoit', 32000);
INSERT INTO projects (proj_name, description, eng_type, region) VALUES ('inafaydjra', 'mkfkiurigwgigzlpzhkxioiilsfqcz', 'FE', 'HK');
INSERT INTO project_budgets (proj_name, budget) VALUES ('inafaydjra', 68000);
INSERT INTO projects (proj_name, description, eng_type, region) VALUES ('qaolsombln', 'pfaoptcyqhsocvwnyhssxbegkmmnmx', 'FE', 'EMEA');
INSERT INTO project_budgets (proj_name, budget) VALUES ('qaolsombln', 98000);
INSERT INTO projects (proj_name, description, eng_type, region) VALUES ('nprsejkzze', 'clsxwlhgobdyulhvsqhmpxdcftactq', 'FE', 'LON');
INSERT INTO project_budgets (proj_name, budget) VALUES ('nprsejkzze', 92000);
INSERT INTO projects (proj_name, description, eng_type, region) VALUES ('duzwajklxc', 'xxbhimaylfwxxybuomkjailqlqqnez', 'FE', 'PAR');
INSERT INTO project_budgets (proj_name, budget) VALUES ('duzwajklxc', 79000);
INSERT INTO projects (proj_name, description, eng_type, region) VALUES ('uszuxxupkx', 'frwmcvkqjeuqlxdvggasnkqreyaeij', 'FE', 'AMER');
INSERT INTO project_budgets (proj_name, budget) VALUES ('uszuxxupkx', 62000);
INSERT INTO projects (proj_name, description, eng_type, region) VALUES ('smssbzkfvx', 'deccbjtbcjymqpkfwqwpgsanuygiub', 'FE', 'NY');
INSERT INTO project_budgets (proj_name, budget) VALUES ('smssbzkfvx', 57000);
INSERT INTO projects (proj_name, description, eng_type, region) VALUES ('jvudswejhg', 'qbckuguxbwiwzbofmotzsxgdxfuxti', 'FE', 'SF');
INSERT INTO project_budgets (proj_name, budget) VALUES ('jvudswejhg', 66000);
INSERT INTO projects (proj_name, description, eng_type, region) VALUES ('qmcyxqtcre', 'jxvblefcvducynvtygpzzgdrbccfeb', 'BE', 'GLOBAL');
INSERT INTO project_budgets (proj_name, budget) VALUES ('qmcyxqtcre', 50000);
INSERT INTO projects (proj_name, description, eng_type, region) VALUES ('amjqiedfhf', 'ogktzmdiilwcertbkpoqtedblkkmhx', 'BE', 'APAC');
INSERT INTO project_budgets (proj_name, budget) VALUES ('amjqiedfhf', 50000);
INSERT INTO projects (proj_name, description, eng_type, region) VALUES ('vbxniicele', 'seirvirdyqvehrhyztlkvflkvebqcv', 'BE', 'SG');
INSERT INTO project_budgets (proj_name, budget) VALUES ('vbxniicele', 87000);
INSERT INTO projects (proj_name, description, eng_type, region) VALUES ('sxioderjyy', 'lndvyizgiefrsclvptabmuhbrmmpdr', 'BE', 'HK');
INSERT INTO project_budgets (proj_name, budget) VALUES ('sxioderjyy', 33000);
INSERT INTO projects (proj_name, description, eng_type, region) VALUES ('rpydknavvm', 'bloihnozxcllfyyxresrwufpaypuqg', 'BE', 'EMEA');
INSERT INTO project_budgets (proj_name, budget) VALUES ('rpydknavvm', 33000);
INSERT INTO projects (proj_name, description, eng_type, region) VALUES ('lhskceictg', 'mddplmieiuwkfquutayhhliduvbhmj', 'BE', 'LON');
INSERT INTO project_budgets (proj_name, budget) VALUES ('lhskceictg', 59000);
INSERT INTO projects (proj_name, description, eng_type, region) VALUES ('izniqlqwpu', 'mcrcdrzvqxvhdcvccnbljalpijxdvi', 'BE', 'PAR');
INSERT INTO project_budgets (proj_name, budget) VALUES ('izniqlqwpu', 99000);
INSERT INTO projects (proj_name, description, eng_type, region) VALUES ('vhhokruivy', 'negykmehmimyvfcazzqszltgabdtsj', 'BE', 'AMER');
INSERT INTO project_budgets (proj_name, budget) VALUES ('vhhokruivy', 34000);
INSERT INTO projects (proj_name, description, eng_type, region) VALUES ('asvisfwewv', 'jdkgxiglvxwlvmlfmthrnmvesvynti', 'BE', 'NY');
INSERT INTO project_budgets (proj_name, budget) VALUES ('asvisfwewv', 92000);
INSERT INTO projects (proj_name, description, eng_type, region) VALUES ('gnewikqadh', 'hfbpbjktjnqvsyhxgtblsnxxslgjkm', 'BE', 'SF');
INSERT INTO project_budgets (proj_name, budget) VALUES ('gnewikqadh', 65000);
INSERT INTO projects (proj_name, description, eng_type, region) VALUES ('bbsqexyfkx', 'dkwrcxtethefgiuwrillyrrsacgbyr', 'BE', 'GLOBAL');
INSERT INTO project_budgets (proj_name, budget) VALUES ('bbsqexyfkx', 52000);
INSERT INTO projects (proj_name, description, eng_type, region) VALUES ('hzsnjgwcfp', 'brtsuhizcyavrmhcufqfijxpbuyiak', 'BE', 'APAC');
INSERT INTO project_budgets (proj_name, budget) VALUES ('hzsnjgwcfp', 57000);
INSERT INTO projects (proj_name, description, eng_type, region) VALUES ('uajrdtigux', 'kfiwzbkyqwasrovmcxwwkiafhjdbwk', 'BE', 'SG');
INSERT INTO project_budgets (proj_name, budget) VALUES ('uajrdtigux', 80000);
INSERT INTO projects (proj_name, description, eng_type, region) VALUES ('hpwjomgoum', 'unrygakmjacoazwfaijcfsjtjbmweg', 'BE', 'HK');
INSERT INTO project_budgets (proj_name, budget) VALUES ('hpwjomgoum', 66000);
INSERT INTO projects (proj_name, description, eng_type, region) VALUES ('ezxzzgnuae', 'osobqexohibksfjbleppsxnasezfib', 'BE', 'EMEA');
INSERT INTO project_budgets (proj_name, budget) VALUES ('ezxzzgnuae', 59000);
INSERT INTO projects (proj_name, description, eng_type, region) VALUES ('bdheoiccqz', 'esetxdrwbqusvauorulsntlanftefv', 'BE', 'LON');
INSERT INTO project_budgets (proj_name, budget) VALUES ('bdheoiccqz', 85000);
INSERT INTO projects (proj_name, description, eng_type, region) VALUES ('itnllfeeml', 'ubmylruhpsbpedhrxxdyuaalmvetig', 'BE', 'PAR');
INSERT INTO project_budgets (proj_name, budget) VALUES ('itnllfeeml', 33000);
INSERT INTO projects (proj_name, description, eng_type, region) VALUES ('dipxtrhfff', 'tgfabybkdensoceyqunqfjptfyhhzg', 'BE', 'AMER');
INSERT INTO project_budgets (proj_name, budget) VALUES ('dipxtrhfff', 43000);
INSERT INTO projects (proj_name, description, eng_type, region) VALUES ('pkzbfyzjdy', 'lvwkylnggtemttkgzwrcvnhturzmtv', 'BE', 'NY');
INSERT INTO project_budgets (proj_name, budget) VALUES ('pkzbfyzjdy', 99000);
INSERT INTO projects (proj_name, description, eng_type, region) VALUES ('efdifkjxbj', 'gnnvrsymkcvvmiqqeydhbtsvdkjxzo', 'BE', 'SF');
INSERT INTO project_budgets (proj_name, budget) VALUES ('efdifkjxbj', 45000);
INSERT INTO projects (proj_name, description, eng_type, region) VALUES ('rdtwpnjmvs', 'piumaumshvbwstoxilaxkilorgckdi', 'BE', 'GLOBAL');
INSERT INTO project_budgets (proj_name, budget) VALUES ('rdtwpnjmvs', 80000);
INSERT INTO projects (proj_name, description, eng_type, region) VALUES ('khxzgbxkzk', 'epikibyxlyrllujvvwpkoounxchumg', 'BE', 'APAC');
INSERT INTO project_budgets (proj_name, budget) VALUES ('khxzgbxkzk', 43000);
INSERT INTO projects (proj_name, description, eng_type, region) VALUES ('gvvvobhnpp', 'wjbpratbuumanyhxozzpfvsasxizai', 'BE', 'SG');
INSERT INTO project_budgets (proj_name, budget) VALUES ('gvvvobhnpp', 75000);
INSERT INTO projects (proj_name, description, eng_type, region) VALUES ('hnhfsnehxp', 'qtcpjgsxpxcahgnezhiekvtybqcmki', 'BE', 'HK');
INSERT INTO project_budgets (proj_name, budget) VALUES ('hnhfsnehxp', 66000);
INSERT INTO projects (proj_name, description, eng_type, region) VALUES ('gscejccmsi', 'tbxfqeqqhhbirmfptwanptnotubqpy', 'BE', 'EMEA');
INSERT INTO project_budgets (proj_name, budget) VALUES ('gscejccmsi', 93000);
INSERT INTO projects (proj_name, description, eng_type, region) VALUES ('lodyplgfhf', 'keccbcyqrmjdfoivkrzwmbkhzjqhpo', 'BE', 'LON');
INSERT INTO project_budgets (proj_name, budget) VALUES ('lodyplgfhf', 53000);
INSERT INTO projects (proj_name, description, eng_type, region) VALUES ('rltvqjowtq', 'yshpejbbeqqlmlmglscusearczcnks', 'BE', 'PAR');
INSERT INTO project_budgets (proj_name, budget) VALUES ('rltvqjowtq', 87000);
INSERT INTO projects (proj_name, description, eng_type, region) VALUES ('nkhzwayuev', 'iljhpdcolrhrwrgmrpopnrhuemkuft', 'BE', 'AMER');
INSERT INTO project_budgets (proj_name, budget) VALUES ('nkhzwayuev', 74000);
INSERT INTO projects (proj_name, description, eng_type, region) VALUES ('xmyjvrbixw', 'clhihoumdxpgyownqrnbppkzpeqitc', 'BE', 'NY');
INSERT INTO project_budgets (proj_name, budget) VALUES ('xmyjvrbixw', 59000);
INSERT INTO projects (proj_name, description, eng_type, region) VALUES ('fysbkhsnim', 'taokvgmshvblkgkwpjktpfvicnapqp', 'BE', 'SF');
INSERT INTO project_budgets (proj_name, budget) VALUES ('fysbkhsnim', 96000);
INSERT INTO projects (proj_name, description, eng_type, region) VALUES ('ppquzkgleu', 'kgrfurdmafsmlwtcsbgjcmbzfdhhjm', 'SEC', 'GLOBAL');
INSERT INTO project_budgets (proj_name, budget) VALUES ('ppquzkgleu', 43000);
INSERT INTO projects (proj_name, description, eng_type, region) VALUES ('mokhlabshb', 'knkhiggzbxwncptsaxgbipxmftqcru', 'SEC', 'APAC');
INSERT INTO project_budgets (proj_name, budget) VALUES ('mokhlabshb', 94000);
INSERT INTO projects (proj_name, description, eng_type, region) VALUES ('uvjxncsdos', 'abhjnllwngytulbcqnuncjkwkmvtuq', 'SEC', 'SG');
INSERT INTO project_budgets (proj_name, budget) VALUES ('uvjxncsdos', 36000);
INSERT INTO projects (proj_name, description, eng_type, region) VALUES ('kppynogkeb', 'mnpfoscfhexxjazmyotquijjmlrmij', 'SEC', 'HK');
INSERT INTO project_budgets (proj_name, budget) VALUES ('kppynogkeb', 90000);
INSERT INTO projects (proj_name, description, eng_type, region) VALUES ('wgdugedqsi', 'ymzvavqhgiwvybrniuvvryymfcyvat', 'SEC', 'EMEA');
INSERT INTO project_budgets (proj_name, budget) VALUES ('wgdugedqsi', 83000);
INSERT INTO projects (proj_name, description, eng_type, region) VALUES ('bltxbqmoui', 'rmhisvpdvukbgpfrrdwenqdugwhhux', 'SEC', 'LON');
INSERT INTO project_budgets (proj_name, budget) VALUES ('bltxbqmoui', 96000);
INSERT INTO projects (proj_name, description, eng_type, region) VALUES ('jynvsgpiel', 'apwumwnootfrkgxotauhlvntqgozvv', 'SEC', 'PAR');
INSERT INTO project_budgets (proj_name, budget) VALUES ('jynvsgpiel', 79000);
INSERT INTO projects (proj_name, description, eng_type, region) VALUES ('zerfkemewb', 'ivfvebhqmtcdcrkzyeapavfhboectg', 'SEC', 'AMER');
INSERT INTO project_budgets (proj_name, budget) VALUES ('zerfkemewb', 61000);
INSERT INTO projects (proj_name, description, eng_type, region) VALUES ('ubzbqhcusb', 'glehnawrrtwowsirkngyppzuatdpfe', 'SEC', 'NY');
INSERT INTO project_budgets (proj_name, budget) VALUES ('ubzbqhcusb', 51000);
INSERT INTO projects (proj_name, description, eng_type, region) VALUES ('wuacjfwcon', 'upxhbtdsgpzfkfkhlbifjppciwbffc', 'SEC', 'SF');
INSERT INTO project_budgets (proj_name, budget) VALUES ('wuacjfwcon', 41000);
INSERT INTO projects (proj_name, description, eng_type, region) VALUES ('qnbjktrajw', 'qlwzwmmpulgfqbqflubudcibtufhun', 'SEC', 'GLOBAL');
INSERT INTO project_budgets (proj_name, budget) VALUES ('qnbjktrajw', 45000);
INSERT INTO projects (proj_name, description, eng_type, region) VALUES ('jopspkhcgc', 'duumpmrbpovmoukuwojqgoiohzmlqr', 'SEC', 'APAC');
INSERT INTO project_budgets (proj_name, budget) VALUES ('jopspkhcgc', 84000);
INSERT INTO projects (proj_name, description, eng_type, region) VALUES ('ouoqpuuzfz', 'yyittvamjpfenlhdifphzykdtojbab', 'SEC', 'SG');
INSERT INTO project_budgets (proj_name, budget) VALUES ('ouoqpuuzfz', 96000);
INSERT INTO projects (proj_name, description, eng_type, region) VALUES ('abyflqeyvm', 'phdcxkvlfhfbteeodnovurpcotyhww', 'SEC', 'HK');
INSERT INTO project_budgets (proj_name, budget) VALUES ('abyflqeyvm', 33000);
INSERT INTO projects (proj_name, description, eng_type, region) VALUES ('jqwlkuakoz', 'vcyaahnoxyfwjgmyfwdtnbpspspdhm', 'SEC', 'EMEA');
INSERT INTO project_budgets (proj_name, budget) VALUES ('jqwlkuakoz', 38000);
INSERT INTO projects (proj_name, description, eng_type, region) VALUES ('yafgqzzigd', 'fdpibrparbpwrkoyfbggcgappwosrs', 'SEC', 'LON');
INSERT INTO project_budgets (proj_name, budget) VALUES ('yafgqzzigd', 61000);
INSERT INTO projects (proj_name, description, eng_type, region) VALUES ('iaflvmhzpd', 'gelerdxrdbnkcrhajdljcmmpcpgpan', 'SEC', 'PAR');
INSERT INTO project_budgets (proj_name, budget) VALUES ('iaflvmhzpd', 79000);
INSERT INTO projects (proj_name, description, eng_type, region) VALUES ('gnywhktjbz', 'lhrweitzucgzkoykiqpkvwvmisonat', 'SEC', 'AMER');
INSERT INTO project_budgets (proj_name, budget) VALUES ('gnywhktjbz', 85000);
INSERT INTO projects (proj_name, description, eng_type, region) VALUES ('omsrzecagc', 'jhngovosabigsfgcfwhjsioilndgtm', 'SEC', 'NY');
INSERT INTO project_budgets (proj_name, budget) VALUES ('omsrzecagc', 66000);
INSERT INTO projects (proj_name, description, eng_type, region) VALUES ('iabmxyyhrb', 'ihrembjnilnubnlwvpxgikaoycvimo', 'SEC', 'SF');
INSERT INTO project_budgets (proj_name, budget) VALUES ('iabmxyyhrb', 96000);
INSERT INTO projects (proj_name, description, eng_type, region) VALUES ('dkcxiricxl', 'perjhtgvpvkibclrylbqqzsljxdboy', 'SEC', 'GLOBAL');
INSERT INTO project_budgets (proj_name, budget) VALUES ('dkcxiricxl', 33000);
INSERT INTO projects (proj_name, description, eng_type, region) VALUES ('jidzqfapnb', 'vkewxgwxviwbittslrkmcwypmbtczy', 'SEC', 'APAC');
INSERT INTO project_budgets (proj_name, budget) VALUES ('jidzqfapnb', 32000);
INSERT INTO projects (proj_name, description, eng_type, region) VALUES ('ujkpaxdkms', 'uoplowsstidjvhcvivsmrlgmmgchew', 'SEC', 'SG');
INSERT INTO project_budgets (proj_name, budget) VALUES ('ujkpaxdkms', 86000);
INSERT INTO projects (proj_name, description, eng_type, region) VALUES ('vrutgcpmgx', 'vjsbnejrrzlccxkrrqmzzyrgdtgzdk', 'SEC', 'HK');
INSERT INTO project_budgets (proj_name, budget) VALUES ('vrutgcpmgx', 41000);
INSERT INTO projects (proj_name, description, eng_type, region) VALUES ('kqrwuxhuey', 'tadhzamwcnghmdiktmnzfizyomjfpv', 'SEC', 'EMEA');
INSERT INTO project_budgets (proj_name, budget) VALUES ('kqrwuxhuey', 64000);
INSERT INTO projects (proj_name, description, eng_type, region) VALUES ('vwscfkmdab', 'owzuzypezkqzkhhelaicqmupdptnrf', 'SEC', 'LON');
INSERT INTO project_budgets (proj_name, budget) VALUES ('vwscfkmdab', 99000);
INSERT INTO projects (proj_name, description, eng_type, region) VALUES ('ssfkifqvwa', 'vvfymmcxgdaqjxrzvsqvdjqkfzmiuz', 'SEC', 'PAR');
INSERT INTO project_budgets (proj_name, budget) VALUES ('ssfkifqvwa', 89000);
INSERT INTO projects (proj_name, description, eng_type, region) VALUES ('culkjzyors', 'qivzcwyvihxwzcchusnnbskqmwmahd', 'SEC', 'AMER');
INSERT INTO project_budgets (proj_name, budget) VALUES ('culkjzyors', 33000);
INSERT INTO projects (proj_name, description, eng_type, region) VALUES ('rljidunnik', 'tlfynykbynhybdgunryjddcqxjclmw', 'SEC', 'NY');
INSERT INTO project_budgets (proj_name, budget) VALUES ('rljidunnik', 64000);
INSERT INTO projects (proj_name, description, eng_type, region) VALUES ('jhxcuwpwgb', 'rbmgcdtdogudmbpifqvwvyatvnsulq', 'SEC', 'SF');
INSERT INTO project_budgets (proj_name, budget) VALUES ('jhxcuwpwgb', 42000);
INSERT INTO projects (proj_name, description, eng_type, region) VALUES ('zuptwsqoyi', 'akjvnaugzqluvqoswvgtzxryrbetdl', 'DOPS', 'GLOBAL');
INSERT INTO project_budgets (proj_name, budget) VALUES ('zuptwsqoyi', 96000);
INSERT INTO projects (proj_name, description, eng_type, region) VALUES ('tjcnhpscfr', 'lynouwguvaekvkixwmluwjvssfyjxe', 'DOPS', 'APAC');
INSERT INTO project_budgets (proj_name, budget) VALUES ('tjcnhpscfr', 89000);
INSERT INTO projects (proj_name, description, eng_type, region) VALUES ('gjgjiudzen', 'hfygutmyzseavngebihkxdumlvovkg', 'DOPS', 'SG');
INSERT INTO project_budgets (proj_name, budget) VALUES ('gjgjiudzen', 36000);
INSERT INTO projects (proj_name, description, eng_type, region) VALUES ('btwzsybfiw', 'xdjdjbcbwbmogiqlgkjuadfvcfvcup', 'DOPS', 'HK');
INSERT INTO project_budgets (proj_name, budget) VALUES ('btwzsybfiw', 67000);
INSERT INTO projects (proj_name, description, eng_type, region) VALUES ('qvagobmnnb', 'kyvsqnxiiyicwpqmxenlprhevhlfbw', 'DOPS', 'EMEA');
INSERT INTO project_budgets (proj_name, budget) VALUES ('qvagobmnnb', 38000);
INSERT INTO projects (proj_name, description, eng_type, region) VALUES ('blwhcyncxx', 'ldvrhpylmrtutridivdfgwqwtbblii', 'DOPS', 'LON');
INSERT INTO project_budgets (proj_name, budget) VALUES ('blwhcyncxx', 74000);
INSERT INTO projects (proj_name, description, eng_type, region) VALUES ('gvllcassmf', 'xwhrcvnjaijnjopedxunprtsmqeale', 'DOPS', 'PAR');
INSERT INTO project_budgets (proj_name, budget) VALUES ('gvllcassmf', 40000);
INSERT INTO projects (proj_name, description, eng_type, region) VALUES ('lraqkosczo', 'vhnhtgxdylnquxmywwmfllzpmtrtht', 'DOPS', 'AMER');
INSERT INTO project_budgets (proj_name, budget) VALUES ('lraqkosczo', 94000);
INSERT INTO projects (proj_name, description, eng_type, region) VALUES ('miifftnejp', 'kifvapythxmsgbgxcsmqzynqjeelwr', 'DOPS', 'NY');
INSERT INTO project_budgets (proj_name, budget) VALUES ('miifftnejp', 83000);
INSERT INTO projects (proj_name, description, eng_type, region) VALUES ('litbwmtpoe', 'ipscexkyjyfdjesmrgrgszjrrttajs', 'DOPS', 'SF');
INSERT INTO project_budgets (proj_name, budget) VALUES ('litbwmtpoe', 97000);
INSERT INTO projects (proj_name, description, eng_type, region) VALUES ('afnvbxsyrb', 'rkopcoyccoaeccmvglmhqgtawkrorj', 'DOPS', 'GLOBAL');
INSERT INTO project_budgets (proj_name, budget) VALUES ('afnvbxsyrb', 41000);
INSERT INTO projects (proj_name, description, eng_type, region) VALUES ('yupkzzfkyw', 'wzuksiofotkicmbocodunuxhqidkgy', 'DOPS', 'APAC');
INSERT INTO project_budgets (proj_name, budget) VALUES ('yupkzzfkyw', 70000);
INSERT INTO projects (proj_name, description, eng_type, region) VALUES ('oktdembxfj', 'exrbakjtwntmuraelqsdmdcoofwpuf', 'DOPS', 'SG');
INSERT INTO project_budgets (proj_name, budget) VALUES ('oktdembxfj', 84000);
INSERT INTO projects (proj_name, description, eng_type, region) VALUES ('ettsiqyktb', 'hipkrntitsugllqqjxaiibhyjoqxet', 'DOPS', 'HK');
INSERT INTO project_budgets (proj_name, budget) VALUES ('ettsiqyktb', 50000);
INSERT INTO projects (proj_name, description, eng_type, region) VALUES ('kbazsmarke', 'fuupbwnkhrdfxpmzkiarwgdakzpona', 'DOPS', 'EMEA');
INSERT INTO project_budgets (proj_name, budget) VALUES ('kbazsmarke', 68000);
INSERT INTO projects (proj_name, description, eng_type, region) VALUES ('topfoacjye', 'hriroejdeldjfovvarqoznpkahlyoy', 'DOPS', 'LON');
INSERT INTO project_budgets (proj_name, budget) VALUES ('topfoacjye', 69000);
INSERT INTO projects (proj_name, description, eng_type, region) VALUES ('fyxslsownz', 'rokfigiyqytkuzyjcqrsoejjfpkkni', 'DOPS', 'PAR');
INSERT INTO project_budgets (proj_name, budget) VALUES ('fyxslsownz', 93000);
INSERT INTO projects (proj_name, description, eng_type, region) VALUES ('roeassrftn', 'dnsjlztapiuuezfluyekpqpcevlwur', 'DOPS', 'AMER');
INSERT INTO project_budgets (proj_name, budget) VALUES ('roeassrftn', 91000);
INSERT INTO projects (proj_name, description, eng_type, region) VALUES ('qkzowrlmzj', 'rrnltnjlejpzgotzipzrlnyrtwfymg', 'DOPS', 'NY');
INSERT INTO project_budgets (proj_name, budget) VALUES ('qkzowrlmzj', 86000);
INSERT INTO projects (proj_name, description, eng_type, region) VALUES ('bwoolkggme', 'lvehsacbtbvpkzwwyqyjjctqgphnls', 'DOPS', 'SF');
INSERT INTO project_budgets (proj_name, budget) VALUES ('bwoolkggme', 62000);
INSERT INTO projects (proj_name, description, eng_type, region) VALUES ('zkznmxdqhl', 'vvfcmuohhjieeqvezvxqaggckjkuii', 'DOPS', 'GLOBAL');
INSERT INTO project_budgets (proj_name, budget) VALUES ('zkznmxdqhl', 77000);
INSERT INTO projects (proj_name, description, eng_type, region) VALUES ('esbsmrcdpj', 'lpwqfiqumajwfmajvujuwnlrizeyem', 'DOPS', 'APAC');
INSERT INTO project_budgets (proj_name, budget) VALUES ('esbsmrcdpj', 33000);
INSERT INTO projects (proj_name, description, eng_type, region) VALUES ('kblwpjauyf', 'jshtdvxhpsuzreqlscborlztiuusqy', 'DOPS', 'SG');
INSERT INTO project_budgets (proj_name, budget) VALUES ('kblwpjauyf', 35000);
INSERT INTO projects (proj_name, description, eng_type, region) VALUES ('rvcckjtumm', 'ovgbfrmtmdmcotaqnfkpsphqcgaauz', 'DOPS', 'HK');
INSERT INTO project_budgets (proj_name, budget) VALUES ('rvcckjtumm', 83000);
INSERT INTO projects (proj_name, description, eng_type, region) VALUES ('giywatnyvq', 'uopreyyysippjcfxeicbrafmriqrse', 'DOPS', 'EMEA');
INSERT INTO project_budgets (proj_name, budget) VALUES ('giywatnyvq', 36000);
INSERT INTO projects (proj_name, description, eng_type, region) VALUES ('pptqfzbqvm', 'bcwcrauppqvsdzodkosjteerrehgnj', 'DOPS', 'LON');
INSERT INTO project_budgets (proj_name, budget) VALUES ('pptqfzbqvm', 79000);
INSERT INTO projects (proj_name, description, eng_type, region) VALUES ('enyulmsaul', 'ypjaomqidzvldhmtmifclvbcjkmfcf', 'DOPS', 'PAR');
INSERT INTO project_budgets (proj_name, budget) VALUES ('enyulmsaul', 92000);
INSERT INTO projects (proj_name, description, eng_type, region) VALUES ('ygzqiotvqz', 'oxvfukrxdrwjntrlnhjwzyqgkcjxkj', 'DOPS', 'AMER');
INSERT INTO project_budgets (proj_name, budget) VALUES ('ygzqiotvqz', 50000);
INSERT INTO projects (proj_name, description, eng_type, region) VALUES ('zmxvmbbmxf', 'uofwqrhzjipevhkkduxbbcnipkzvus', 'DOPS', 'NY');
INSERT INTO project_budgets (proj_name, budget) VALUES ('zmxvmbbmxf', 54000);
INSERT INTO projects (proj_name, description, eng_type, region) VALUES ('bbelsetizh', 'thljkgvcikkiywyrzagsiejfuiyiqi', 'DOPS', 'SF');
INSERT INTO project_budgets (proj_name, budget) VALUES ('bbelsetizh', 94000);
INSERT INTO projects (proj_name, description, eng_type, region) VALUES ('jkqyiexcrj', 'rfgngfhgcivvccselvdruvxibbjfbr', 'FE', 'GLOBAL');
INSERT INTO project_budgets (proj_name, budget) VALUES ('jkqyiexcrj', 36000);
INSERT INTO projects (proj_name, description, eng_type, region) VALUES ('ansxpdvogf', 'ljitzhonjrgafrekwxdnwdjngwxpic', 'FE', 'APAC');
INSERT INTO project_budgets (proj_name, budget) VALUES ('ansxpdvogf', 42000);
INSERT INTO projects (proj_name, description, eng_type, region) VALUES ('hpwoiotfvm', 'cbacxjtydfpjajbclottnbpyeawjgu', 'FE', 'SG');
INSERT INTO project_budgets (proj_name, budget) VALUES ('hpwoiotfvm', 39000);
INSERT INTO projects (proj_name, description, eng_type, region) VALUES ('behhaekzde', 'twcamrvvrtsehipwxbegucvwqgunyu', 'FE', 'HK');
INSERT INTO project_budgets (proj_name, budget) VALUES ('behhaekzde', 72000);
INSERT INTO projects (proj_name, description, eng_type, region) VALUES ('tgwiiawnwc', 'lbdnoubjgwmelxwhadeabgtdcqfvey', 'FE', 'EMEA');
INSERT INTO project_budgets (proj_name, budget) VALUES ('tgwiiawnwc', 50000);
INSERT INTO projects (proj_name, description, eng_type, region) VALUES ('yzmmgcdlip', 'whoeucawnzfbyfsdsncnrgksvndeek', 'FE', 'LON');
INSERT INTO project_budgets (proj_name, budget) VALUES ('yzmmgcdlip', 97000);
INSERT INTO projects (proj_name, description, eng_type, region) VALUES ('riltylejhq', 'ihqvhtsovbepzkuymivgmtjsdeoxpk', 'FE', 'PAR');
INSERT INTO project_budgets (proj_name, budget) VALUES ('riltylejhq', 45000);
INSERT INTO projects (proj_name, description, eng_type, region) VALUES ('lnrfuhebkl', 'prifkjintpukkhwsqcssegdxnxzzrj', 'FE', 'AMER');
INSERT INTO project_budgets (proj_name, budget) VALUES ('lnrfuhebkl', 75000);
INSERT INTO projects (proj_name, description, eng_type, region) VALUES ('bvldtvvkug', 'cllgiqspgkkuxztjtoutldrihmmdrf', 'FE', 'NY');
INSERT INTO project_budgets (proj_name, budget) VALUES ('bvldtvvkug', 77000);
INSERT INTO projects (proj_name, description, eng_type, region) VALUES ('unsdofjjkc', 'qcbwamotrrwgellaqqyzraijofxxaj', 'FE', 'SF');
INSERT INTO project_budgets (proj_name, budget) VALUES ('unsdofjjkc', 73000);
INSERT INTO projects (proj_name, description, eng_type, region) VALUES ('xmfkblmnrv', 'dzinmrtftvagbikmizgraltvuwherm', 'FE', 'GLOBAL');
INSERT INTO project_budgets (proj_name, budget) VALUES ('xmfkblmnrv', 44000);
INSERT INTO projects (proj_name, description, eng_type, region) VALUES ('cxkflmjnvh', 'efjstqphbvxmcqpaezokhkabzpoueb', 'FE', 'APAC');
INSERT INTO project_budgets (proj_name, budget) VALUES ('cxkflmjnvh', 93000);
INSERT INTO projects (proj_name, description, eng_type, region) VALUES ('hpxwppwoau', 'cbfefjdmbunapyicvptxohutgrbfzk', 'FE', 'SG');
INSERT INTO project_budgets (proj_name, budget) VALUES ('hpxwppwoau', 76000);
INSERT INTO projects (proj_name, description, eng_type, region) VALUES ('yvyqmgqvnu', 'seknirnyvpokqqnaizlaicnyrwbaol', 'FE', 'HK');
INSERT INTO project_budgets (proj_name, budget) VALUES ('yvyqmgqvnu', 35000);
INSERT INTO projects (proj_name, description, eng_type, region) VALUES ('vhrtcdfhkk', 'accwxdyasyppwwblojvavzorbgxaik', 'FE', 'EMEA');
INSERT INTO project_budgets (proj_name, budget) VALUES ('vhrtcdfhkk', 68000);
INSERT INTO projects (proj_name, description, eng_type, region) VALUES ('lbuenghtaa', 'dpockauzrvfpougtrldmgpshcuqlmv', 'FE', 'LON');
INSERT INTO project_budgets (proj_name, budget) VALUES ('lbuenghtaa', 48000);
INSERT INTO projects (proj_name, description, eng_type, region) VALUES ('fgiswanapd', 'uyeswhavcrlbpfjfedtuiwqqangips', 'FE', 'PAR');
INSERT INTO project_budgets (proj_name, budget) VALUES ('fgiswanapd', 71000);
INSERT INTO projects (proj_name, description, eng_type, region) VALUES ('bsksahgaij', 'bpgqczzxzsopjzydkfcjbunqemqfya', 'FE', 'AMER');
INSERT INTO project_budgets (proj_name, budget) VALUES ('bsksahgaij', 48000);
INSERT INTO projects (proj_name, description, eng_type, region) VALUES ('ngrqsuocpb', 'gldtkahpujixdscpyaezsuqjqwgxes', 'FE', 'NY');
INSERT INTO project_budgets (proj_name, budget) VALUES ('ngrqsuocpb', 77000);
INSERT INTO projects (proj_name, description, eng_type, region) VALUES ('sxqjvdcftx', 'oqscmsbyeumesogyxrvqwxvufeeglp', 'FE', 'SF');
INSERT INTO project_budgets (proj_name, budget) VALUES ('sxqjvdcftx', 98000);
INSERT INTO projects (proj_name, description, eng_type, region) VALUES ('vjqzffnhzs', 'izdoqsxkkwrkoqcfbxahgagkpsvvrx', 'FE', 'GLOBAL');
INSERT INTO project_budgets (proj_name, budget) VALUES ('vjqzffnhzs', 89000);
INSERT INTO projects (proj_name, description, eng_type, region) VALUES ('mnzukwfffe', 'ikbenasituyzvpacodjsghrfkfyiec', 'FE', 'APAC');
INSERT INTO project_budgets (proj_name, budget) VALUES ('mnzukwfffe', 53000);
INSERT INTO projects (proj_name, description, eng_type, region) VALUES ('ixytwpwawr', 'snkrhvddoxbdamlwoablcgrabmhveo', 'FE', 'SG');
INSERT INTO project_budgets (proj_name, budget) VALUES ('ixytwpwawr', 90000);
INSERT INTO projects (proj_name, description, eng_type, region) VALUES ('najuzjgsfo', 'dcjwlmppuylpjcddyyeihjpzuzwfod', 'FE', 'HK');
INSERT INTO project_budgets (proj_name, budget) VALUES ('najuzjgsfo', 97000);
INSERT INTO projects (proj_name, description, eng_type, region) VALUES ('ymlhxtmqzk', 'stxqcmjugybyvbihrazbutsqwimfme', 'FE', 'EMEA');
INSERT INTO project_budgets (proj_name, budget) VALUES ('ymlhxtmqzk', 82000);
INSERT INTO projects (proj_name, description, eng_type, region) VALUES ('shmkbwzapu', 'qzptzjhsshushroiupjedfocvfxfnp', 'FE', 'LON');
INSERT INTO project_budgets (proj_name, budget) VALUES ('shmkbwzapu', 65000);
INSERT INTO projects (proj_name, description, eng_type, region) VALUES ('cceoonkidx', 'rgrpbefpyuegmllpbkujwsyiwfptce', 'FE', 'PAR');
INSERT INTO project_budgets (proj_name, budget) VALUES ('cceoonkidx', 65000);
INSERT INTO projects (proj_name, description, eng_type, region) VALUES ('elyiammxqc', 'dpjxmvpyccktdmarlbiiqzraimqlsi', 'FE', 'AMER');
INSERT INTO project_budgets (proj_name, budget) VALUES ('elyiammxqc', 91000);
INSERT INTO projects (proj_name, description, eng_type, region) VALUES ('kfjasdmfpi', 'opskkyxratwmnmciacevnsvnsuhfem', 'FE', 'NY');
INSERT INTO project_budgets (proj_name, budget) VALUES ('kfjasdmfpi', 30000);
INSERT INTO projects (proj_name, description, eng_type, region) VALUES ('njnatxlxli', 'ymgatmsurqhpnqeudtnvphbuumlukw', 'FE', 'SF');
INSERT INTO project_budgets (proj_name, budget) VALUES ('njnatxlxli', 99000);
INSERT INTO projects (proj_name, description, eng_type, region) VALUES ('nlcgmtxocz', 'ehbcgwvfogzsenlmhbvabzqxuyavhs', 'BE', 'GLOBAL');
INSERT INTO project_budgets (proj_name, budget) VALUES ('nlcgmtxocz', 86000);
INSERT INTO projects (proj_name, description, eng_type, region) VALUES ('oaefbxwihw', 'puwbzkcffpvkaetabetpebfvrguebo', 'BE', 'APAC');
INSERT INTO project_budgets (proj_name, budget) VALUES ('oaefbxwihw', 68000);
INSERT INTO projects (proj_name, description, eng_type, region) VALUES ('wnanfpefnw', 'mjioyvaorhmgyqgaxnplmetgncfqxc', 'BE', 'SG');
INSERT INTO project_budgets (proj_name, budget) VALUES ('wnanfpefnw', 57000);
INSERT INTO projects (proj_name, description, eng_type, region) VALUES ('zfbuovzewb', 'xrwffppcezfdqsewoqxsrznltbxwxt', 'BE', 'HK');
INSERT INTO project_budgets (proj_name, budget) VALUES ('zfbuovzewb', 52000);
INSERT INTO projects (proj_name, description, eng_type, region) VALUES ('ujjnzkjdce', 'oqrphspkepygxzmaihlenhzgzbllur', 'BE', 'EMEA');
INSERT INTO project_budgets (proj_name, budget) VALUES ('ujjnzkjdce', 74000);
INSERT INTO projects (proj_name, description, eng_type, region) VALUES ('dzxlmackoj', 'ljnhlknhqswntlxnmdovdgxvlomdkm', 'BE', 'LON');
INSERT INTO project_budgets (proj_name, budget) VALUES ('dzxlmackoj', 38000);
INSERT INTO projects (proj_name, description, eng_type, region) VALUES ('njblxxgyyc', 'gsunzlpyxivnsyodazbolwekjaqaym', 'BE', 'PAR');
INSERT INTO project_budgets (proj_name, budget) VALUES ('njblxxgyyc', 51000);
INSERT INTO projects (proj_name, description, eng_type, region) VALUES ('zleaorkhpx', 'vjdmekebjjcvertsddahxmbdedgxls', 'BE', 'AMER');
INSERT INTO project_budgets (proj_name, budget) VALUES ('zleaorkhpx', 45000);
INSERT INTO projects (proj_name, description, eng_type, region) VALUES ('oucpzgrfux', 'momsiyqqmnhjtpvdgcwirbwguzioys', 'BE', 'NY');
INSERT INTO project_budgets (proj_name, budget) VALUES ('oucpzgrfux', 50000);
INSERT INTO projects (proj_name, description, eng_type, region) VALUES ('ddowpdtipo', 'rwjfapyeoftviidvhdutdizpdgwsey', 'BE', 'SF');
INSERT INTO project_budgets (proj_name, budget) VALUES ('ddowpdtipo', 68000);
INSERT INTO projects (proj_name, description, eng_type, region) VALUES ('wrrmuzoepy', 'ofkgycapalsqrnplwtvgasvsybrkfq', 'BE', 'GLOBAL');
INSERT INTO project_budgets (proj_name, budget) VALUES ('wrrmuzoepy', 44000);
INSERT INTO projects (proj_name, description, eng_type, region) VALUES ('mcvkesobwz', 'bblqyeownqbntiomoyqsoclwrpypsn', 'BE', 'APAC');
INSERT INTO project_budgets (proj_name, budget) VALUES ('mcvkesobwz', 94000);
INSERT INTO projects (proj_name, description, eng_type, region) VALUES ('laurqjwdbh', 'atpxyjiqgdjabntmncbyhfgcofutsj', 'BE', 'SG');
INSERT INTO project_budgets (proj_name, budget) VALUES ('laurqjwdbh', 42000);
INSERT INTO projects (proj_name, description, eng_type, region) VALUES ('abcevwpfgf', 'sfaoeyqtlbvwdlpngoovboyfszjyvn', 'BE', 'HK');
INSERT INTO project_budgets (proj_name, budget) VALUES ('abcevwpfgf', 86000);
INSERT INTO projects (proj_name, description, eng_type, region) VALUES ('jspaijfuar', 'uvclvjqbblmoagexxaozmjwregsznw', 'BE', 'EMEA');
INSERT INTO project_budgets (proj_name, budget) VALUES ('jspaijfuar', 53000);
INSERT INTO projects (proj_name, description, eng_type, region) VALUES ('cmpzoynnaw', 'slvwaacjjkxedayryrcqdzcidxlyeb', 'BE', 'LON');
INSERT INTO project_budgets (proj_name, budget) VALUES ('cmpzoynnaw', 98000);
INSERT INTO projects (proj_name, description, eng_type, region) VALUES ('ervbvhbcyf', 'tujtdnpjhlkvvmjbmzcubrxckgaafr', 'BE', 'PAR');
INSERT INTO project_budgets (proj_name, budget) VALUES ('ervbvhbcyf', 86000);
INSERT INTO projects (proj_name, description, eng_type, region) VALUES ('jhstyqtgvr', 'ehztaqrbcgujrwhpusjcghaqsdcfkk', 'BE', 'AMER');
INSERT INTO project_budgets (proj_name, budget) VALUES ('jhstyqtgvr', 35000);
INSERT INTO projects (proj_name, description, eng_type, region) VALUES ('gymgokxkmm', 'pzavusydbjyttgzyclkruzmtpiaeer', 'BE', 'NY');
INSERT INTO project_budgets (proj_name, budget) VALUES ('gymgokxkmm', 35000);
INSERT INTO projects (proj_name, description, eng_type, region) VALUES ('klpgrcecme', 'iyhzbgngavrylukhvlawdsiztyjpbr', 'BE', 'SF');
INSERT INTO project_budgets (proj_name, budget) VALUES ('klpgrcecme', 34000);
INSERT INTO projects (proj_name, description, eng_type, region) VALUES ('rzvedaaoyp', 'tmsptjfcnzdlcxsrxaycbhlexjlhll', 'BE', 'GLOBAL');
INSERT INTO project_budgets (proj_name, budget) VALUES ('rzvedaaoyp', 57000);
INSERT INTO projects (proj_name, description, eng_type, region) VALUES ('yotoeexmws', 'sgiygdjhhjbrkfatjahpyfcncbtmhc', 'BE', 'APAC');
INSERT INTO project_budgets (proj_name, budget) VALUES ('yotoeexmws', 77000);
INSERT INTO projects (proj_name, description, eng_type, region) VALUES ('bhlxtcmlhp', 'wpckwaovchtxssuzkukqhhhhtvhbly', 'BE', 'SG');
INSERT INTO project_budgets (proj_name, budget) VALUES ('bhlxtcmlhp', 50000);
INSERT INTO projects (proj_name, description, eng_type, region) VALUES ('wpvpmcwoub', 'zysjzuyecpqkkspgrdtympredyfkdo', 'BE', 'HK');
INSERT INTO project_budgets (proj_name, budget) VALUES ('wpvpmcwoub', 74000);
INSERT INTO projects (proj_name, description, eng_type, region) VALUES ('tccrrrmxwv', 'vnshpuqsgyixwfjrkbfrnqsfmubeos', 'BE', 'EMEA');
INSERT INTO project_budgets (proj_name, budget) VALUES ('tccrrrmxwv', 65000);
INSERT INTO projects (proj_name, description, eng_type, region) VALUES ('lqrjievtlt', 'lvowguadzstbicwbjuzybjksommxjd', 'BE', 'LON');
INSERT INTO project_budgets (proj_name, budget) VALUES ('lqrjievtlt', 82000);
INSERT INTO projects (proj_name, description, eng_type, region) VALUES ('icmsqednka', 'mqzrfqajtgsytolgcpmrehvisczirz', 'BE', 'PAR');
INSERT INTO project_budgets (proj_name, budget) VALUES ('icmsqednka', 80000);
INSERT INTO projects (proj_name, description, eng_type, region) VALUES ('akfkugzezt', 'cgugmpycovtvtkqeygalwgyuqixpfu', 'BE', 'AMER');
INSERT INTO project_budgets (proj_name, budget) VALUES ('akfkugzezt', 49000);
INSERT INTO projects (proj_name, description, eng_type, region) VALUES ('qdcjfjxzle', 'zbqtfnwgmqiaozgifdjthobvqzulrb', 'BE', 'NY');
INSERT INTO project_budgets (proj_name, budget) VALUES ('qdcjfjxzle', 51000);
INSERT INTO projects (proj_name, description, eng_type, region) VALUES ('kjzrkvgbim', 'epyfmkcepvijmntuglpukcqcbaopww', 'BE', 'SF');
INSERT INTO project_budgets (proj_name, budget) VALUES ('kjzrkvgbim', 57000);
INSERT INTO projects (proj_name, description, eng_type, region) VALUES ('yphqrbznda', 'rjtmrkqsnuvakftnkpzanzsccaqmiy', 'SEC', 'GLOBAL');
INSERT INTO project_budgets (proj_name, budget) VALUES ('yphqrbznda', 86000);
INSERT INTO projects (proj_name, description, eng_type, region) VALUES ('mdtjmetjry', 'tkswwnhiawtluzpjtvvpvxvbnuchqv', 'SEC', 'APAC');
INSERT INTO project_budgets (proj_name, budget) VALUES ('mdtjmetjry', 90000);
INSERT INTO projects (proj_name, description, eng_type, region) VALUES ('rqypzbtbei', 'stdygrhyaitdbeteoctkoxymfbibbg', 'SEC', 'SG');
INSERT INTO project_budgets (proj_name, budget) VALUES ('rqypzbtbei', 84000);
INSERT INTO projects (proj_name, description, eng_type, region) VALUES ('ksnysvibap', 'wtxzbexiksnxnwswvxcrileryagfzy', 'SEC', 'HK');
INSERT INTO project_budgets (proj_name, budget) VALUES ('ksnysvibap', 80000);
INSERT INTO projects (proj_name, description, eng_type, region) VALUES ('vsopwgapkn', 'cmmztdycdjmljktcmbqvuzxkvxjrwk', 'SEC', 'EMEA');
INSERT INTO project_budgets (proj_name, budget) VALUES ('vsopwgapkn', 33000);
INSERT INTO projects (proj_name, description, eng_type, region) VALUES ('desroovaul', 'zsgoxcoxtlpbtrmpvrsxotuklabbub', 'SEC', 'LON');
INSERT INTO project_budgets (proj_name, budget) VALUES ('desroovaul', 73000);
INSERT INTO projects (proj_name, description, eng_type, region) VALUES ('rjgqhippxs', 'grgifqyoxykgysuzkfmgkisgfsxuhz', 'SEC', 'PAR');
INSERT INTO project_budgets (proj_name, budget) VALUES ('rjgqhippxs', 40000);
INSERT INTO projects (proj_name, description, eng_type, region) VALUES ('buiseteedf', 'sensfydrdtzdurdzgbjueynjibcpok', 'SEC', 'AMER');
INSERT INTO project_budgets (proj_name, budget) VALUES ('buiseteedf', 32000);
INSERT INTO projects (proj_name, description, eng_type, region) VALUES ('rvribdrgoq', 'cfxesmywvbojhxdcnzlbhrhctvhqtm', 'SEC', 'NY');
INSERT INTO project_budgets (proj_name, budget) VALUES ('rvribdrgoq', 52000);
INSERT INTO projects (proj_name, description, eng_type, region) VALUES ('wixjhctqsx', 'srpxauwvcaxcamuzvxacstyayzhrsl', 'SEC', 'SF');
INSERT INTO project_budgets (proj_name, budget) VALUES ('wixjhctqsx', 31000);
INSERT INTO projects (proj_name, description, eng_type, region) VALUES ('wrjsmanksp', 'btliyclmwsuevsargamsiwlvxawmka', 'SEC', 'GLOBAL');
INSERT INTO project_budgets (proj_name, budget) VALUES ('wrjsmanksp', 76000);
INSERT INTO projects (proj_name, description, eng_type, region) VALUES ('ktlfpblxkx', 'wspevccpuccucgizqexzrmvuaombnm', 'SEC', 'APAC');
INSERT INTO project_budgets (proj_name, budget) VALUES ('ktlfpblxkx', 87000);
INSERT INTO projects (proj_name, description, eng_type, region) VALUES ('vorpqmijxl', 'nkbvmfqywtnpvoetpdnuzanfqnezte', 'SEC', 'SG');
INSERT INTO project_budgets (proj_name, budget) VALUES ('vorpqmijxl', 81000);
INSERT INTO projects (proj_name, description, eng_type, region) VALUES ('onmpibrwcc', 'shhntejuvwgxneyvgupnqvvebgvaep', 'SEC', 'HK');
INSERT INTO project_budgets (proj_name, budget) VALUES ('onmpibrwcc', 47000);
INSERT INTO projects (proj_name, description, eng_type, region) VALUES ('xcjakwsguk', 'hzknihwfmgwdjrtclvknopxewdshah', 'SEC', 'EMEA');
INSERT INTO project_budgets (proj_name, budget) VALUES ('xcjakwsguk', 65000);
INSERT INTO projects (proj_name, description, eng_type, region) VALUES ('mtmrzoihho', 'cvrahziteirfxqfrdmywrobvdmozjh', 'SEC', 'LON');
INSERT INTO project_budgets (proj_name, budget) VALUES ('mtmrzoihho', 87000);
INSERT INTO projects (proj_name, description, eng_type, region) VALUES ('hasiykwwds', 'nwelxeojvykobdhesqekpyqmuyztun', 'SEC', 'PAR');
INSERT INTO project_budgets (proj_name, budget) VALUES ('hasiykwwds', 34000);
INSERT INTO projects (proj_name, description, eng_type, region) VALUES ('pwmjijzhvg', 'exawuocurimshraztgebmlpcrrexvk', 'SEC', 'AMER');
INSERT INTO project_budgets (proj_name, budget) VALUES ('pwmjijzhvg', 53000);
INSERT INTO projects (proj_name, description, eng_type, region) VALUES ('wbzrmwpjrb', 'albnnmzxuiksllbgmgyuhtikqzhuem', 'SEC', 'NY');
INSERT INTO project_budgets (proj_name, budget) VALUES ('wbzrmwpjrb', 57000);
INSERT INTO projects (proj_name, description, eng_type, region) VALUES ('xfjvtnhhst', 'jxosisxpmzysqyxawstiokutclqeaz', 'SEC', 'SF');
INSERT INTO project_budgets (proj_name, budget) VALUES ('xfjvtnhhst', 68000);
INSERT INTO projects (proj_name, description, eng_type, region) VALUES ('zlfykulbtm', 'mhakeigurjftnvfiycjchhpcqyuzbe', 'SEC', 'GLOBAL');
INSERT INTO project_budgets (proj_name, budget) VALUES ('zlfykulbtm', 49000);
INSERT INTO projects (proj_name, description, eng_type, region) VALUES ('xbovoosoib', 'qyxfmxcfxctjlvelefsohdypvkeiwt', 'SEC', 'APAC');
INSERT INTO project_budgets (proj_name, budget) VALUES ('xbovoosoib', 98000);
INSERT INTO projects (proj_name, description, eng_type, region) VALUES ('crvqpoijnq', 'zgybmpgwjtdkwrvftejuhdcrrwjujc', 'SEC', 'SG');
INSERT INTO project_budgets (proj_name, budget) VALUES ('crvqpoijnq', 47000);
INSERT INTO projects (proj_name, description, eng_type, region) VALUES ('qrtpkzkdjb', 'xurbyerbymcexzqmqkngknnojrobmr', 'SEC', 'HK');
INSERT INTO project_budgets (proj_name, budget) VALUES ('qrtpkzkdjb', 83000);
INSERT INTO projects (proj_name, description, eng_type, region) VALUES ('sjuklxiljm', 'gshzsjjptzjgvknupslhzfbxfqmquq', 'SEC', 'EMEA');
INSERT INTO project_budgets (proj_name, budget) VALUES ('sjuklxiljm', 82000);
INSERT INTO projects (proj_name, description, eng_type, region) VALUES ('niozqzxpgt', 'plrnkbthlvrkokqthddrgmakervmlf', 'SEC', 'LON');
INSERT INTO project_budgets (proj_name, budget) VALUES ('niozqzxpgt', 85000);
INSERT INTO projects (proj_name, description, eng_type, region) VALUES ('ecctnodese', 'ahdxiztnnpikipxjlxqtruadmihqlk', 'SEC', 'PAR');
INSERT INTO project_budgets (proj_name, budget) VALUES ('ecctnodese', 44000);
INSERT INTO projects (proj_name, description, eng_type, region) VALUES ('lnbngdvecu', 'mtjwwjfvpiiqhugkhzfbiaexvsnhcl', 'SEC', 'AMER');
INSERT INTO project_budgets (proj_name, budget) VALUES ('lnbngdvecu', 57000);
INSERT INTO projects (proj_name, description, eng_type, region) VALUES ('dmxgmfpvtw', 'tojqdsuepluqlwmxtpdxhsvztyemyy', 'SEC', 'NY');
INSERT INTO project_budgets (proj_name, budget) VALUES ('dmxgmfpvtw', 88000);
INSERT INTO projects (proj_name, description, eng_type, region) VALUES ('cctwezpmqa', 'dpvttvvkrjgmtedshkkoznrwavqgoa', 'SEC', 'SF');
INSERT INTO project_budgets (proj_name, budget) VALUES ('cctwezpmqa', 76000);
INSERT INTO projects (proj_name, description, eng_type, region) VALUES ('hvzjmcuoeu', 'bzwmnfzslmpubmzkgfpningaicfagn', 'DOPS', 'GLOBAL');
INSERT INTO project_budgets (proj_name, budget) VALUES ('hvzjmcuoeu', 91000);
INSERT INTO projects (proj_name, description, eng_type, region) VALUES ('fxbdsvjdeh', 'xmzyowaufuhtusftizbtyjpgoxhdcq', 'DOPS', 'APAC');
INSERT INTO project_budgets (proj_name, budget) VALUES ('fxbdsvjdeh', 80000);
INSERT INTO projects (proj_name, description, eng_type, region) VALUES ('zoaisksaul', 'pkcfywpdzjozmhphzplduqujqcqmmh', 'DOPS', 'SG');
INSERT INTO project_budgets (proj_name, budget) VALUES ('zoaisksaul', 37000);
INSERT INTO projects (proj_name, description, eng_type, region) VALUES ('ylltpdmawv', 'bpnpnijqeaaabjcequfrdgunucucfo', 'DOPS', 'HK');
INSERT INTO project_budgets (proj_name, budget) VALUES ('ylltpdmawv', 31000);
INSERT INTO projects (proj_name, description, eng_type, region) VALUES ('wyfgdpehug', 'qjbleijrtikpnqxebgdvrudwfztved', 'DOPS', 'EMEA');
INSERT INTO project_budgets (proj_name, budget) VALUES ('wyfgdpehug', 52000);
INSERT INTO projects (proj_name, description, eng_type, region) VALUES ('oitpzqgifh', 'bdwimszskjajabaqevcdnrbgvbgrga', 'DOPS', 'LON');
INSERT INTO project_budgets (proj_name, budget) VALUES ('oitpzqgifh', 93000);
INSERT INTO projects (proj_name, description, eng_type, region) VALUES ('xzbmuoicfq', 'toabhmmjitkntmlmafpqvohwgcvnyz', 'DOPS', 'PAR');
INSERT INTO project_budgets (proj_name, budget) VALUES ('xzbmuoicfq', 99000);
INSERT INTO projects (proj_name, description, eng_type, region) VALUES ('voxhyngimi', 'rvdvasbuiiwpymjntirearrdqsmkxz', 'DOPS', 'AMER');
INSERT INTO project_budgets (proj_name, budget) VALUES ('voxhyngimi', 84000);
INSERT INTO projects (proj_name, description, eng_type, region) VALUES ('ntdkhmysvv', 'atdltgrdhcruhdngmantczwpbirzwi', 'DOPS', 'NY');
INSERT INTO project_budgets (proj_name, budget) VALUES ('ntdkhmysvv', 81000);
INSERT INTO projects (proj_name, description, eng_type, region) VALUES ('tnypioufya', 'hsqzberzujndmniwpquwaqlbbisxyo', 'DOPS', 'SF');
INSERT INTO project_budgets (proj_name, budget) VALUES ('tnypioufya', 59000);
INSERT INTO projects (proj_name, description, eng_type, region) VALUES ('skifivqmlu', 'jmmonacayzalhulubmyjksebafewiv', 'DOPS', 'GLOBAL');
INSERT INTO project_budgets (proj_name, budget) VALUES ('skifivqmlu', 33000);
INSERT INTO projects (proj_name, description, eng_type, region) VALUES ('aftaykqlyo', 'hvpyckdqnhdrgfcgimusrurdqvcjsq', 'DOPS', 'APAC');
INSERT INTO project_budgets (proj_name, budget) VALUES ('aftaykqlyo', 79000);
INSERT INTO projects (proj_name, description, eng_type, region) VALUES ('sjhcgkttvf', 'jcnkveuqewaenqhkqkajfkvgxtotgc', 'DOPS', 'SG');
INSERT INTO project_budgets (proj_name, budget) VALUES ('sjhcgkttvf', 42000);
INSERT INTO projects (proj_name, description, eng_type, region) VALUES ('hzsrboibjl', 'nlrmqtcvpmtzfwafdxrqnwnsgyskoh', 'DOPS', 'HK');
INSERT INTO project_budgets (proj_name, budget) VALUES ('hzsrboibjl', 53000);
INSERT INTO projects (proj_name, description, eng_type, region) VALUES ('sahageiqhi', 'firfdvsipihvllnlpuwdzrjyaolcnt', 'DOPS', 'EMEA');
INSERT INTO project_budgets (proj_name, budget) VALUES ('sahageiqhi', 49000);
INSERT INTO projects (proj_name, description, eng_type, region) VALUES ('iihqgmpufj', 'zmxgxciocpzzhrvittkyhvyijgatgu', 'DOPS', 'LON');
INSERT INTO project_budgets (proj_name, budget) VALUES ('iihqgmpufj', 52000);
INSERT INTO projects (proj_name, description, eng_type, region) VALUES ('tobkaaarif', 'holboddigmpislsmpzfxfpmlqfjlby', 'DOPS', 'PAR');
INSERT INTO project_budgets (proj_name, budget) VALUES ('tobkaaarif', 71000);
INSERT INTO projects (proj_name, description, eng_type, region) VALUES ('nndhulgumd', 'mftulmzjlgqyisuffkzljdlabhyrvw', 'DOPS', 'AMER');
INSERT INTO project_budgets (proj_name, budget) VALUES ('nndhulgumd', 83000);
INSERT INTO projects (proj_name, description, eng_type, region) VALUES ('hecpoiaqhv', 'makdwcyaeahxegjpwuvmxekehnnqge', 'DOPS', 'NY');
INSERT INTO project_budgets (proj_name, budget) VALUES ('hecpoiaqhv', 52000);
INSERT INTO projects (proj_name, description, eng_type, region) VALUES ('ajkhvzejjt', 'qclsfcupfivudssoiljufodwaxzmqz', 'DOPS', 'SF');
INSERT INTO project_budgets (proj_name, budget) VALUES ('ajkhvzejjt', 62000);
INSERT INTO projects (proj_name, description, eng_type, region) VALUES ('mvbzlabfsg', 'syjxypxbgpauunkpovfvhkngsfxsya', 'DOPS', 'GLOBAL');
INSERT INTO project_budgets (proj_name, budget) VALUES ('mvbzlabfsg', 42000);
INSERT INTO projects (proj_name, description, eng_type, region) VALUES ('nseybqsyjn', 'nqlrhywbtwwklzavhtebknrwnlaftg', 'DOPS', 'APAC');
INSERT INTO project_budgets (proj_name, budget) VALUES ('nseybqsyjn', 47000);
INSERT INTO projects (proj_name, description, eng_type, region) VALUES ('lzpqfsbell', 'xqzfgpzsbngiuhqxcsecrfwekryrcj', 'DOPS', 'SG');
INSERT INTO project_budgets (proj_name, budget) VALUES ('lzpqfsbell', 46000);
INSERT INTO projects (proj_name, description, eng_type, region) VALUES ('usxcxbrell', 'ermnnqsiqxkksqqaydzppquekkyxuw', 'DOPS', 'HK');
INSERT INTO project_budgets (proj_name, budget) VALUES ('usxcxbrell', 84000);
INSERT INTO projects (proj_name, description, eng_type, region) VALUES ('seulbkisjo', 'zwsnhphunhdlecdbvwapaemwvqavex', 'DOPS', 'EMEA');
INSERT INTO project_budgets (proj_name, budget) VALUES ('seulbkisjo', 99000);
INSERT INTO projects (proj_name, description, eng_type, region) VALUES ('bhzlfcoysv', 'vuzfwoifseslawgdhukrzqmbhmofps', 'DOPS', 'LON');
INSERT INTO project_budgets (proj_name, budget) VALUES ('bhzlfcoysv', 98000);
INSERT INTO projects (proj_name, description, eng_type, region) VALUES ('jtmbbpkplp', 'aexrxbzlpyvsxcgyhyyhjlfpiujxak', 'DOPS', 'PAR');
INSERT INTO project_budgets (proj_name, budget) VALUES ('jtmbbpkplp', 85000);
INSERT INTO projects (proj_name, description, eng_type, region) VALUES ('iqqnvuowbb', 'iyhguzetgzaklvswvmybppieckgisc', 'DOPS', 'AMER');
INSERT INTO project_budgets (proj_name, budget) VALUES ('iqqnvuowbb', 98000);
INSERT INTO projects (proj_name, description, eng_type, region) VALUES ('sbqpqxcojk', 'spxfhaydrvfddugrpitkozgxcyscpz', 'DOPS', 'NY');
INSERT INTO project_budgets (proj_name, budget) VALUES ('sbqpqxcojk', 41000);
INSERT INTO projects (proj_name, description, eng_type, region) VALUES ('rytvnaqynh', 'ixzlnieiiklurxzxtmdrumqwjzwils', 'DOPS', 'SF');
INSERT INTO project_budgets (proj_name, budget) VALUES ('rytvnaqynh', 77000);
