INSERT INTO employees (emp_name, phone, position, dept, region) VALUES ('oayqsshfgb', '98635706', 'DIR', 'HR', 'GLOBAL');
INSERT INTO salary (emp_name, salary) VALUES ('oayqsshfgb', 43000);
INSERT INTO employees (emp_name, phone, position, dept, region) VALUES ('zsitjovfoq', '92397152', 'DIR', 'HR', 'APAC');
INSERT INTO salary (emp_name, salary) VALUES ('zsitjovfoq', 30000);
INSERT INTO employees (emp_name, phone, position, dept, region) VALUES ('njoswaenlw', '98250150', 'DIR', 'HR', 'SG');
INSERT INTO salary (emp_name, salary) VALUES ('njoswaenlw', 72000);
INSERT INTO employees (emp_name, phone, position, dept, region) VALUES ('hauiisjyjh', '96264419', 'DIR', 'HR', 'HK');
INSERT INTO salary (emp_name, salary) VALUES ('hauiisjyjh', 76000);
INSERT INTO employees (emp_name, phone, position, dept, region) VALUES ('sbzrrrshug', '93313593', 'DIR', 'HR', 'EMEA');
INSERT INTO salary (emp_name, salary) VALUES ('sbzrrrshug', 39000);
INSERT INTO employees (emp_name, phone, position, dept, region) VALUES ('sxfbnchxmk', '95015571', 'DIR', 'HR', 'LON');
INSERT INTO salary (emp_name, salary) VALUES ('sxfbnchxmk', 32000);
INSERT INTO employees (emp_name, phone, position, dept, region) VALUES ('vyphgzpyqz', '90263423', 'DIR', 'HR', 'PAR');
INSERT INTO salary (emp_name, salary) VALUES ('vyphgzpyqz', 75000);
INSERT INTO employees (emp_name, phone, position, dept, region) VALUES ('tylmnuwssw', '94557718', 'DIR', 'HR', 'AMER');
INSERT INTO salary (emp_name, salary) VALUES ('tylmnuwssw', 51000);
INSERT INTO employees (emp_name, phone, position, dept, region) VALUES ('astlwrirga', '90093149', 'DIR', 'HR', 'NY');
INSERT INTO salary (emp_name, salary) VALUES ('astlwrirga', 72000);
INSERT INTO employees (emp_name, phone, position, dept, region) VALUES ('fwvsmtsfxj', '96506900', 'DIR', 'HR', 'SF');
INSERT INTO salary (emp_name, salary) VALUES ('fwvsmtsfxj', 35000);
INSERT INTO employees (emp_name, phone, position, dept, region) VALUES ('grfqqhkqwl', '98107192', 'MGR', 'HR', 'GLOBAL');
INSERT INTO salary (emp_name, salary) VALUES ('grfqqhkqwl', 61000);
INSERT INTO employees (emp_name, phone, position, dept, region) VALUES ('blnyhpfmrf', '99632600', 'MGR', 'HR', 'APAC');
INSERT INTO salary (emp_name, salary) VALUES ('blnyhpfmrf', 44000);
INSERT INTO employees (emp_name, phone, position, dept, region) VALUES ('glacyuzsqr', '90599730', 'MGR', 'HR', 'SG');
INSERT INTO salary (emp_name, salary) VALUES ('glacyuzsqr', 46000);
INSERT INTO employees (emp_name, phone, position, dept, region) VALUES ('jnmsvzmlxh', '94434291', 'MGR', 'HR', 'HK');
INSERT INTO salary (emp_name, salary) VALUES ('jnmsvzmlxh', 52000);
INSERT INTO employees (emp_name, phone, position, dept, region) VALUES ('ewurvnqsew', '94461474', 'MGR', 'HR', 'EMEA');
INSERT INTO salary (emp_name, salary) VALUES ('ewurvnqsew', 40000);
INSERT INTO employees (emp_name, phone, position, dept, region) VALUES ('wiwmgjddfb', '98598253', 'MGR', 'HR', 'LON');
INSERT INTO salary (emp_name, salary) VALUES ('wiwmgjddfb', 56000);
INSERT INTO employees (emp_name, phone, position, dept, region) VALUES ('nxmvobsbcn', '98995696', 'MGR', 'HR', 'PAR');
INSERT INTO salary (emp_name, salary) VALUES ('nxmvobsbcn', 42000);
INSERT INTO employees (emp_name, phone, position, dept, region) VALUES ('wdgftbrlkt', '94362895', 'MGR', 'HR', 'AMER');
INSERT INTO salary (emp_name, salary) VALUES ('wdgftbrlkt', 37000);
INSERT INTO employees (emp_name, phone, position, dept, region) VALUES ('ajrzoiewwj', '94355534', 'MGR', 'HR', 'NY');
INSERT INTO salary (emp_name, salary) VALUES ('ajrzoiewwj', 61000);
INSERT INTO employees (emp_name, phone, position, dept, region) VALUES ('rdwqdbcllv', '97690370', 'MGR', 'HR', 'SF');
INSERT INTO salary (emp_name, salary) VALUES ('rdwqdbcllv', 33000);
INSERT INTO employees (emp_name, phone, position, dept, region) VALUES ('oqhayaxmnd', '93758580', 'EMP', 'HR', 'GLOBAL');
INSERT INTO salary (emp_name, salary) VALUES ('oqhayaxmnd', 37000);
INSERT INTO employees (emp_name, phone, position, dept, region) VALUES ('qjsektpvwc', '95635677', 'EMP', 'HR', 'APAC');
INSERT INTO salary (emp_name, salary) VALUES ('qjsektpvwc', 52000);
INSERT INTO employees (emp_name, phone, position, dept, region) VALUES ('awdlrdklan', '94181835', 'EMP', 'HR', 'SG');
INSERT INTO salary (emp_name, salary) VALUES ('awdlrdklan', 79000);
INSERT INTO employees (emp_name, phone, position, dept, region) VALUES ('tjaxmfqgym', '97141455', 'EMP', 'HR', 'HK');
INSERT INTO salary (emp_name, salary) VALUES ('tjaxmfqgym', 87000);
INSERT INTO employees (emp_name, phone, position, dept, region) VALUES ('jbqoilvnzu', '96851037', 'EMP', 'HR', 'EMEA');
INSERT INTO salary (emp_name, salary) VALUES ('jbqoilvnzu', 89000);
INSERT INTO employees (emp_name, phone, position, dept, region) VALUES ('caunratzbm', '96761583', 'EMP', 'HR', 'LON');
INSERT INTO salary (emp_name, salary) VALUES ('caunratzbm', 35000);
INSERT INTO employees (emp_name, phone, position, dept, region) VALUES ('gjwgxqkcpc', '94861930', 'EMP', 'HR', 'PAR');
INSERT INTO salary (emp_name, salary) VALUES ('gjwgxqkcpc', 34000);
INSERT INTO employees (emp_name, phone, position, dept, region) VALUES ('jdhehvrtlv', '95036775', 'EMP', 'HR', 'AMER');
INSERT INTO salary (emp_name, salary) VALUES ('jdhehvrtlv', 97000);
INSERT INTO employees (emp_name, phone, position, dept, region) VALUES ('qtcgaxphkv', '90998084', 'EMP', 'HR', 'NY');
INSERT INTO salary (emp_name, salary) VALUES ('qtcgaxphkv', 97000);
INSERT INTO employees (emp_name, phone, position, dept, region) VALUES ('kjvyjssten', '94241864', 'EMP', 'HR', 'SF');
INSERT INTO salary (emp_name, salary) VALUES ('kjvyjssten', 95000);
INSERT INTO employees (emp_name, phone, position, dept, region) VALUES ('yofkhdibne', '92712106', 'DIR', 'FIN', 'GLOBAL');
INSERT INTO salary (emp_name, salary) VALUES ('yofkhdibne', 34000);
INSERT INTO employees (emp_name, phone, position, dept, region) VALUES ('bppzikfaek', '93817119', 'DIR', 'FIN', 'APAC');
INSERT INTO salary (emp_name, salary) VALUES ('bppzikfaek', 66000);
INSERT INTO employees (emp_name, phone, position, dept, region) VALUES ('rsiedbquyu', '91431447', 'DIR', 'FIN', 'SG');
INSERT INTO salary (emp_name, salary) VALUES ('rsiedbquyu', 49000);
INSERT INTO employees (emp_name, phone, position, dept, region) VALUES ('bvbgmbgkkc', '94311068', 'DIR', 'FIN', 'HK');
INSERT INTO salary (emp_name, salary) VALUES ('bvbgmbgkkc', 46000);
INSERT INTO employees (emp_name, phone, position, dept, region) VALUES ('greqipkrry', '98421685', 'DIR', 'FIN', 'EMEA');
INSERT INTO salary (emp_name, salary) VALUES ('greqipkrry', 71000);
INSERT INTO employees (emp_name, phone, position, dept, region) VALUES ('mkrjfrppol', '99742771', 'DIR', 'FIN', 'LON');
INSERT INTO salary (emp_name, salary) VALUES ('mkrjfrppol', 39000);
INSERT INTO employees (emp_name, phone, position, dept, region) VALUES ('jxshagnsku', '98726147', 'DIR', 'FIN', 'PAR');
INSERT INTO salary (emp_name, salary) VALUES ('jxshagnsku', 78000);
INSERT INTO employees (emp_name, phone, position, dept, region) VALUES ('kzszaeffzr', '95694864', 'DIR', 'FIN', 'AMER');
INSERT INTO salary (emp_name, salary) VALUES ('kzszaeffzr', 95000);
INSERT INTO employees (emp_name, phone, position, dept, region) VALUES ('mdasksfeif', '97431182', 'DIR', 'FIN', 'NY');
INSERT INTO salary (emp_name, salary) VALUES ('mdasksfeif', 91000);
INSERT INTO employees (emp_name, phone, position, dept, region) VALUES ('nfnxdtuwvx', '92417916', 'DIR', 'FIN', 'SF');
INSERT INTO salary (emp_name, salary) VALUES ('nfnxdtuwvx', 44000);
INSERT INTO employees (emp_name, phone, position, dept, region) VALUES ('vkeultdbqu', '92704647', 'MGR', 'FIN', 'GLOBAL');
INSERT INTO salary (emp_name, salary) VALUES ('vkeultdbqu', 36000);
INSERT INTO employees (emp_name, phone, position, dept, region) VALUES ('smzbpmapqm', '92347785', 'MGR', 'FIN', 'APAC');
INSERT INTO salary (emp_name, salary) VALUES ('smzbpmapqm', 61000);
INSERT INTO employees (emp_name, phone, position, dept, region) VALUES ('muulbudcbd', '94283136', 'MGR', 'FIN', 'SG');
INSERT INTO salary (emp_name, salary) VALUES ('muulbudcbd', 49000);
INSERT INTO employees (emp_name, phone, position, dept, region) VALUES ('pclggtseha', '95599302', 'MGR', 'FIN', 'HK');
INSERT INTO salary (emp_name, salary) VALUES ('pclggtseha', 72000);
INSERT INTO employees (emp_name, phone, position, dept, region) VALUES ('pfnbwvmkyr', '97544410', 'MGR', 'FIN', 'EMEA');
INSERT INTO salary (emp_name, salary) VALUES ('pfnbwvmkyr', 41000);
INSERT INTO employees (emp_name, phone, position, dept, region) VALUES ('pdddxtbbxr', '90025203', 'MGR', 'FIN', 'LON');
INSERT INTO salary (emp_name, salary) VALUES ('pdddxtbbxr', 92000);
INSERT INTO employees (emp_name, phone, position, dept, region) VALUES ('umaqtyihpn', '90129908', 'MGR', 'FIN', 'PAR');
INSERT INTO salary (emp_name, salary) VALUES ('umaqtyihpn', 61000);
INSERT INTO employees (emp_name, phone, position, dept, region) VALUES ('kyspucofmm', '99406283', 'MGR', 'FIN', 'AMER');
INSERT INTO salary (emp_name, salary) VALUES ('kyspucofmm', 40000);
INSERT INTO employees (emp_name, phone, position, dept, region) VALUES ('wkwyxxkjzp', '92930238', 'MGR', 'FIN', 'NY');
INSERT INTO salary (emp_name, salary) VALUES ('wkwyxxkjzp', 58000);
INSERT INTO employees (emp_name, phone, position, dept, region) VALUES ('lyjzohsnrd', '93998463', 'MGR', 'FIN', 'SF');
INSERT INTO salary (emp_name, salary) VALUES ('lyjzohsnrd', 70000);
INSERT INTO employees (emp_name, phone, position, dept, region) VALUES ('ijjgozoqmi', '94333860', 'EMP', 'FIN', 'GLOBAL');
INSERT INTO salary (emp_name, salary) VALUES ('ijjgozoqmi', 61000);
INSERT INTO employees (emp_name, phone, position, dept, region) VALUES ('jslrnnzhdt', '91679968', 'EMP', 'FIN', 'APAC');
INSERT INTO salary (emp_name, salary) VALUES ('jslrnnzhdt', 32000);
INSERT INTO employees (emp_name, phone, position, dept, region) VALUES ('kheuindpfm', '96095134', 'EMP', 'FIN', 'SG');
INSERT INTO salary (emp_name, salary) VALUES ('kheuindpfm', 38000);
INSERT INTO employees (emp_name, phone, position, dept, region) VALUES ('lfkekcieex', '95799187', 'EMP', 'FIN', 'HK');
INSERT INTO salary (emp_name, salary) VALUES ('lfkekcieex', 96000);
INSERT INTO employees (emp_name, phone, position, dept, region) VALUES ('ryngjhgnrg', '92988557', 'EMP', 'FIN', 'EMEA');
INSERT INTO salary (emp_name, salary) VALUES ('ryngjhgnrg', 35000);
INSERT INTO employees (emp_name, phone, position, dept, region) VALUES ('kckazoibdl', '95780614', 'EMP', 'FIN', 'LON');
INSERT INTO salary (emp_name, salary) VALUES ('kckazoibdl', 41000);
INSERT INTO employees (emp_name, phone, position, dept, region) VALUES ('xngknbnime', '93835398', 'EMP', 'FIN', 'PAR');
INSERT INTO salary (emp_name, salary) VALUES ('xngknbnime', 54000);
INSERT INTO employees (emp_name, phone, position, dept, region) VALUES ('akwbthyugi', '90367864', 'EMP', 'FIN', 'AMER');
INSERT INTO salary (emp_name, salary) VALUES ('akwbthyugi', 33000);
INSERT INTO employees (emp_name, phone, position, dept, region) VALUES ('lynjmznstm', '98633771', 'EMP', 'FIN', 'NY');
INSERT INTO salary (emp_name, salary) VALUES ('lynjmznstm', 40000);
INSERT INTO employees (emp_name, phone, position, dept, region) VALUES ('jcwkuxsiqy', '98494557', 'EMP', 'FIN', 'SF');
INSERT INTO salary (emp_name, salary) VALUES ('jcwkuxsiqy', 63000);
INSERT INTO employees (emp_name, phone, position, dept, region) VALUES ('wlsktqunvw', '93034169', 'DIR', 'ENG', 'GLOBAL');
INSERT INTO salary (emp_name, salary) VALUES ('wlsktqunvw', 74000);
INSERT INTO employees (emp_name, phone, position, dept, region) VALUES ('oxjgqcgzsx', '98004235', 'DIR', 'ENG', 'APAC');
INSERT INTO salary (emp_name, salary) VALUES ('oxjgqcgzsx', 93000);
INSERT INTO employees (emp_name, phone, position, dept, region) VALUES ('wziimuyxpt', '94663526', 'DIR', 'ENG', 'SG');
INSERT INTO salary (emp_name, salary) VALUES ('wziimuyxpt', 45000);
INSERT INTO employees (emp_name, phone, position, dept, region) VALUES ('gfrqylcuho', '97754020', 'DIR', 'ENG', 'HK');
INSERT INTO salary (emp_name, salary) VALUES ('gfrqylcuho', 36000);
INSERT INTO employees (emp_name, phone, position, dept, region) VALUES ('wwsqmstugu', '93767561', 'DIR', 'ENG', 'EMEA');
INSERT INTO salary (emp_name, salary) VALUES ('wwsqmstugu', 53000);
INSERT INTO employees (emp_name, phone, position, dept, region) VALUES ('fejijhtcrl', '91939565', 'DIR', 'ENG', 'LON');
INSERT INTO salary (emp_name, salary) VALUES ('fejijhtcrl', 34000);
INSERT INTO employees (emp_name, phone, position, dept, region) VALUES ('ugcuwrnmwo', '97865492', 'DIR', 'ENG', 'PAR');
INSERT INTO salary (emp_name, salary) VALUES ('ugcuwrnmwo', 38000);
INSERT INTO employees (emp_name, phone, position, dept, region) VALUES ('amkjjnorll', '94560277', 'DIR', 'ENG', 'AMER');
INSERT INTO salary (emp_name, salary) VALUES ('amkjjnorll', 80000);
INSERT INTO employees (emp_name, phone, position, dept, region) VALUES ('pxxfxvldka', '96101827', 'DIR', 'ENG', 'NY');
INSERT INTO salary (emp_name, salary) VALUES ('pxxfxvldka', 84000);
INSERT INTO employees (emp_name, phone, position, dept, region) VALUES ('mpsvjgnfyr', '95531271', 'DIR', 'ENG', 'SF');
INSERT INTO salary (emp_name, salary) VALUES ('mpsvjgnfyr', 40000);
INSERT INTO employees (emp_name, phone, position, dept, region) VALUES ('szsitmkwgr', '97742393', 'MGR', 'ENG', 'GLOBAL');
INSERT INTO salary (emp_name, salary) VALUES ('szsitmkwgr', 35000);
INSERT INTO employees (emp_name, phone, position, dept, region) VALUES ('ixmxujfkvw', '93369943', 'MGR', 'ENG', 'APAC');
INSERT INTO salary (emp_name, salary) VALUES ('ixmxujfkvw', 100000);
INSERT INTO employees (emp_name, phone, position, dept, region) VALUES ('edsxemikut', '91852925', 'MGR', 'ENG', 'SG');
INSERT INTO salary (emp_name, salary) VALUES ('edsxemikut', 66000);
INSERT INTO employees (emp_name, phone, position, dept, region) VALUES ('emcncmmyzs', '95791161', 'MGR', 'ENG', 'HK');
INSERT INTO salary (emp_name, salary) VALUES ('emcncmmyzs', 33000);
INSERT INTO employees (emp_name, phone, position, dept, region) VALUES ('fbxvzhzfjf', '94308232', 'MGR', 'ENG', 'EMEA');
INSERT INTO salary (emp_name, salary) VALUES ('fbxvzhzfjf', 74000);
INSERT INTO employees (emp_name, phone, position, dept, region) VALUES ('gmajbddqwe', '94989465', 'MGR', 'ENG', 'LON');
INSERT INTO salary (emp_name, salary) VALUES ('gmajbddqwe', 31000);
INSERT INTO employees (emp_name, phone, position, dept, region) VALUES ('ckyietzopd', '94444476', 'MGR', 'ENG', 'PAR');
INSERT INTO salary (emp_name, salary) VALUES ('ckyietzopd', 78000);
INSERT INTO employees (emp_name, phone, position, dept, region) VALUES ('qfpokwfmcd', '99961133', 'MGR', 'ENG', 'AMER');
INSERT INTO salary (emp_name, salary) VALUES ('qfpokwfmcd', 39000);
INSERT INTO employees (emp_name, phone, position, dept, region) VALUES ('bxyemqackr', '93413098', 'MGR', 'ENG', 'NY');
INSERT INTO salary (emp_name, salary) VALUES ('bxyemqackr', 64000);
INSERT INTO employees (emp_name, phone, position, dept, region) VALUES ('lbxoleftst', '91762572', 'MGR', 'ENG', 'SF');
INSERT INTO salary (emp_name, salary) VALUES ('lbxoleftst', 60000);
INSERT INTO employees (emp_name, phone, position, dept, region) VALUES ('uldwlojaim', '92743618', 'EMP', 'ENG', 'GLOBAL');
INSERT INTO salary (emp_name, salary) VALUES ('uldwlojaim', 94000);
INSERT INTO employees (emp_name, phone, position, dept, region) VALUES ('dtefxkwanh', '97674757', 'EMP', 'ENG', 'APAC');
INSERT INTO salary (emp_name, salary) VALUES ('dtefxkwanh', 66000);
INSERT INTO employees (emp_name, phone, position, dept, region) VALUES ('mbuchhoqzc', '98028330', 'EMP', 'ENG', 'SG');
INSERT INTO salary (emp_name, salary) VALUES ('mbuchhoqzc', 54000);
INSERT INTO employees (emp_name, phone, position, dept, region) VALUES ('zlfsbabjsr', '93705233', 'EMP', 'ENG', 'HK');
INSERT INTO salary (emp_name, salary) VALUES ('zlfsbabjsr', 88000);
INSERT INTO employees (emp_name, phone, position, dept, region) VALUES ('jmmqqagxej', '93013441', 'EMP', 'ENG', 'EMEA');
INSERT INTO salary (emp_name, salary) VALUES ('jmmqqagxej', 31000);
INSERT INTO employees (emp_name, phone, position, dept, region) VALUES ('peohotyivl', '90688869', 'EMP', 'ENG', 'LON');
INSERT INTO salary (emp_name, salary) VALUES ('peohotyivl', 50000);
INSERT INTO employees (emp_name, phone, position, dept, region) VALUES ('zfxwuileip', '96318169', 'EMP', 'ENG', 'PAR');
INSERT INTO salary (emp_name, salary) VALUES ('zfxwuileip', 98000);
INSERT INTO employees (emp_name, phone, position, dept, region) VALUES ('ymcsiwxuob', '97873888', 'EMP', 'ENG', 'AMER');
INSERT INTO salary (emp_name, salary) VALUES ('ymcsiwxuob', 64000);
INSERT INTO employees (emp_name, phone, position, dept, region) VALUES ('dnppnqhybq', '92361598', 'EMP', 'ENG', 'NY');
INSERT INTO salary (emp_name, salary) VALUES ('dnppnqhybq', 59000);
INSERT INTO employees (emp_name, phone, position, dept, region) VALUES ('bfxlbrmyug', '98626732', 'EMP', 'ENG', 'SF');
INSERT INTO salary (emp_name, salary) VALUES ('bfxlbrmyug', 41000);
INSERT INTO projects (proj_name, description, classification, eng_type, region) VALUES ('kssyydguom', 'jouhkasaosqnxxtjnhcyphubevrttk', 'U', 'FE', 'GLOBAL');
INSERT INTO project_budgets (proj_name, budget) VALUES ('kssyydguom', 44000);
INSERT INTO projects (proj_name, description, classification, eng_type, region) VALUES ('bcjdrgpjew', 'jrlsrvxpefcrsypjmwhmqgvlxusrnt', 'U', 'FE', 'APAC');
INSERT INTO project_budgets (proj_name, budget) VALUES ('bcjdrgpjew', 78000);
INSERT INTO projects (proj_name, description, classification, eng_type, region) VALUES ('yxwlmqgoch', 'pphayhdukltfxlvgxrlsravpmojuuv', 'U', 'FE', 'SG');
INSERT INTO project_budgets (proj_name, budget) VALUES ('yxwlmqgoch', 60000);
INSERT INTO projects (proj_name, description, classification, eng_type, region) VALUES ('trppuixkkx', 'isyelhilretvvnubvnwyzrsmkyaian', 'U', 'FE', 'HK');
INSERT INTO project_budgets (proj_name, budget) VALUES ('trppuixkkx', 97000);
INSERT INTO projects (proj_name, description, classification, eng_type, region) VALUES ('rhiqvhckse', 'hszorihfranjppnkxznbhljfhjpsao', 'U', 'FE', 'EMEA');
INSERT INTO project_budgets (proj_name, budget) VALUES ('rhiqvhckse', 95000);
INSERT INTO projects (proj_name, description, classification, eng_type, region) VALUES ('obmiargiot', 'miibgiqmtfgkgrkruabuznutvzomcv', 'U', 'FE', 'LON');
INSERT INTO project_budgets (proj_name, budget) VALUES ('obmiargiot', 52000);
INSERT INTO projects (proj_name, description, classification, eng_type, region) VALUES ('poaiofnykj', 'ufcsubksfovxazkiwazgzrmzyzrqmo', 'U', 'FE', 'PAR');
INSERT INTO project_budgets (proj_name, budget) VALUES ('poaiofnykj', 35000);
INSERT INTO projects (proj_name, description, classification, eng_type, region) VALUES ('hrpbqmpqsy', 'haauduvrckhbbwblwiephxthaxwbhd', 'U', 'FE', 'AMER');
INSERT INTO project_budgets (proj_name, budget) VALUES ('hrpbqmpqsy', 85000);
INSERT INTO projects (proj_name, description, classification, eng_type, region) VALUES ('zdxaimfbog', 'dhuvxotnykekumopdwfdsyfoqcrzgz', 'U', 'FE', 'NY');
INSERT INTO project_budgets (proj_name, budget) VALUES ('zdxaimfbog', 32000);
INSERT INTO projects (proj_name, description, classification, eng_type, region) VALUES ('sfefyhxfhl', 'tpbnuofrylqzvshfjajkjltfnygdaq', 'U', 'FE', 'SF');
INSERT INTO project_budgets (proj_name, budget) VALUES ('sfefyhxfhl', 37000);
INSERT INTO projects (proj_name, description, classification, eng_type, region) VALUES ('vnpuyawipx', 'deifbtugkyzwdvjptxwenkpcfillqp', 'U', 'BE', 'GLOBAL');
INSERT INTO project_budgets (proj_name, budget) VALUES ('vnpuyawipx', 96000);
INSERT INTO projects (proj_name, description, classification, eng_type, region) VALUES ('yojpfgrcxa', 'dlkoyeoafrfvgdoudduszpghqxyzrr', 'U', 'BE', 'APAC');
INSERT INTO project_budgets (proj_name, budget) VALUES ('yojpfgrcxa', 67000);
INSERT INTO projects (proj_name, description, classification, eng_type, region) VALUES ('iloxsjeklr', 'twlwllqapgnynjcqycqhqbqttlnaie', 'U', 'BE', 'SG');
INSERT INTO project_budgets (proj_name, budget) VALUES ('iloxsjeklr', 79000);
INSERT INTO projects (proj_name, description, classification, eng_type, region) VALUES ('itlqkahaua', 'zyedpwmprzoydvhoraloafgxeeitja', 'U', 'BE', 'HK');
INSERT INTO project_budgets (proj_name, budget) VALUES ('itlqkahaua', 68000);
INSERT INTO projects (proj_name, description, classification, eng_type, region) VALUES ('rnryrzjatt', 'jxryoxfewzxkajzsukifvnnuyevofh', 'U', 'BE', 'EMEA');
INSERT INTO project_budgets (proj_name, budget) VALUES ('rnryrzjatt', 77000);
INSERT INTO projects (proj_name, description, classification, eng_type, region) VALUES ('vscwttcjoc', 'ixdctzjhgqdtelazpxhpehhsiiegdt', 'U', 'BE', 'LON');
INSERT INTO project_budgets (proj_name, budget) VALUES ('vscwttcjoc', 39000);
INSERT INTO projects (proj_name, description, classification, eng_type, region) VALUES ('jkyburkttf', 'nkdazymshlapewuouozvgwirjybbxe', 'U', 'BE', 'PAR');
INSERT INTO project_budgets (proj_name, budget) VALUES ('jkyburkttf', 45000);
INSERT INTO projects (proj_name, description, classification, eng_type, region) VALUES ('nuohzghwhs', 'kxfiycyrheiikohazjfbzucqxjenxk', 'U', 'BE', 'AMER');
INSERT INTO project_budgets (proj_name, budget) VALUES ('nuohzghwhs', 55000);
INSERT INTO projects (proj_name, description, classification, eng_type, region) VALUES ('gcewhbvwaz', 'vqxaxizwrvltciukldvfikbrnsejnv', 'U', 'BE', 'NY');
INSERT INTO project_budgets (proj_name, budget) VALUES ('gcewhbvwaz', 99000);
INSERT INTO projects (proj_name, description, classification, eng_type, region) VALUES ('gwhetaijfo', 'rntybhvpmtgbhjsniujimklavbhyhi', 'U', 'BE', 'SF');
INSERT INTO project_budgets (proj_name, budget) VALUES ('gwhetaijfo', 48000);
INSERT INTO projects (proj_name, description, classification, eng_type, region) VALUES ('phurrzsryd', 'coanqhczpoitngisxtrzoqprhxxglu', 'U', 'SEC', 'GLOBAL');
INSERT INTO project_budgets (proj_name, budget) VALUES ('phurrzsryd', 54000);
INSERT INTO projects (proj_name, description, classification, eng_type, region) VALUES ('rjlozkpddc', 'fsqlilmqdbshhdgfydaiffecqynvpl', 'U', 'SEC', 'APAC');
INSERT INTO project_budgets (proj_name, budget) VALUES ('rjlozkpddc', 94000);
INSERT INTO projects (proj_name, description, classification, eng_type, region) VALUES ('whynjidlvf', 'zjersznmvgvwoidfuhjkqgcxkpwsyw', 'U', 'SEC', 'SG');
INSERT INTO project_budgets (proj_name, budget) VALUES ('whynjidlvf', 42000);
INSERT INTO projects (proj_name, description, classification, eng_type, region) VALUES ('xrtduikzhy', 'wbppqluqloxfkepoeildevpbhtonlz', 'U', 'SEC', 'HK');
INSERT INTO project_budgets (proj_name, budget) VALUES ('xrtduikzhy', 79000);
INSERT INTO projects (proj_name, description, classification, eng_type, region) VALUES ('sobmgdgtni', 'zwwkuoazhmxyqvwwlufugrulolmqut', 'U', 'SEC', 'EMEA');
INSERT INTO project_budgets (proj_name, budget) VALUES ('sobmgdgtni', 57000);
INSERT INTO projects (proj_name, description, classification, eng_type, region) VALUES ('aiockeeihb', 'txbtthwaazwpkfatpsjxjyzogdgwgq', 'U', 'SEC', 'LON');
INSERT INTO project_budgets (proj_name, budget) VALUES ('aiockeeihb', 45000);
INSERT INTO projects (proj_name, description, classification, eng_type, region) VALUES ('cbqrpvnmas', 'lkaotfpiobqbngweuzahawpcvelpvu', 'U', 'SEC', 'PAR');
INSERT INTO project_budgets (proj_name, budget) VALUES ('cbqrpvnmas', 87000);
INSERT INTO projects (proj_name, description, classification, eng_type, region) VALUES ('efjumxukqi', 'cfunvgnjgpjqrxozeasixbbbrpnmxg', 'U', 'SEC', 'AMER');
INSERT INTO project_budgets (proj_name, budget) VALUES ('efjumxukqi', 46000);
INSERT INTO projects (proj_name, description, classification, eng_type, region) VALUES ('iyrlzbhrnx', 'krltisclzpdyalswioxyquvjggtxdo', 'U', 'SEC', 'NY');
INSERT INTO project_budgets (proj_name, budget) VALUES ('iyrlzbhrnx', 64000);
INSERT INTO projects (proj_name, description, classification, eng_type, region) VALUES ('baswlbcuar', 'ypwqycfjadqivqwddieupvcfiezhwd', 'U', 'SEC', 'SF');
INSERT INTO project_budgets (proj_name, budget) VALUES ('baswlbcuar', 61000);
INSERT INTO projects (proj_name, description, classification, eng_type, region) VALUES ('wcrjhuqabi', 'gktxspwbpmnzwsaotougelecrvcbka', 'U', 'DOPS', 'GLOBAL');
INSERT INTO project_budgets (proj_name, budget) VALUES ('wcrjhuqabi', 92000);
INSERT INTO projects (proj_name, description, classification, eng_type, region) VALUES ('bcnsiqfwnc', 'xoqxmifnnblgcapuvijgajoqxrlzii', 'U', 'DOPS', 'APAC');
INSERT INTO project_budgets (proj_name, budget) VALUES ('bcnsiqfwnc', 86000);
INSERT INTO projects (proj_name, description, classification, eng_type, region) VALUES ('hazjsymihi', 'rqziogfiecffhmvubwnalpeusedunx', 'U', 'DOPS', 'SG');
INSERT INTO project_budgets (proj_name, budget) VALUES ('hazjsymihi', 55000);
INSERT INTO projects (proj_name, description, classification, eng_type, region) VALUES ('lijsvrdxzo', 'xghznqnayzdxknyavbmpbhidbzeeeb', 'U', 'DOPS', 'HK');
INSERT INTO project_budgets (proj_name, budget) VALUES ('lijsvrdxzo', 46000);
INSERT INTO projects (proj_name, description, classification, eng_type, region) VALUES ('rgjtqhjbhp', 'phiogjcwsowpddzkvyijpvzhfbpggt', 'U', 'DOPS', 'EMEA');
INSERT INTO project_budgets (proj_name, budget) VALUES ('rgjtqhjbhp', 32000);
INSERT INTO projects (proj_name, description, classification, eng_type, region) VALUES ('emcbcsjxbx', 'orjefwwfxwmkmccrsimekombbsuoub', 'U', 'DOPS', 'LON');
INSERT INTO project_budgets (proj_name, budget) VALUES ('emcbcsjxbx', 77000);
INSERT INTO projects (proj_name, description, classification, eng_type, region) VALUES ('pawzyfnlaz', 'gyhcbrokjocbassmrjevvptvycpppm', 'U', 'DOPS', 'PAR');
INSERT INTO project_budgets (proj_name, budget) VALUES ('pawzyfnlaz', 76000);
INSERT INTO projects (proj_name, description, classification, eng_type, region) VALUES ('mxmdzglfor', 'auubekmimspmybkoyvylwuyzmfhayq', 'U', 'DOPS', 'AMER');
INSERT INTO project_budgets (proj_name, budget) VALUES ('mxmdzglfor', 66000);
INSERT INTO projects (proj_name, description, classification, eng_type, region) VALUES ('pkpakftfzo', 'bwemvhraqjviuyitqyubjdsuyufozw', 'U', 'DOPS', 'NY');
INSERT INTO project_budgets (proj_name, budget) VALUES ('pkpakftfzo', 33000);
INSERT INTO projects (proj_name, description, classification, eng_type, region) VALUES ('noyucwezwh', 'gjftpiylalpikezjvdlxnkjtqvhgek', 'U', 'DOPS', 'SF');
INSERT INTO project_budgets (proj_name, budget) VALUES ('noyucwezwh', 52000);
INSERT INTO projects (proj_name, description, classification, eng_type, region) VALUES ('ywqswwdfhk', 'gguwbgjvcfpujwtoinbvprbxnyyoxd', 'C', 'FE', 'GLOBAL');
INSERT INTO project_budgets (proj_name, budget) VALUES ('ywqswwdfhk', 47000);
INSERT INTO projects (proj_name, description, classification, eng_type, region) VALUES ('qqziscrwqx', 'qrulpliuergpveptoijjytmxucabtp', 'C', 'FE', 'APAC');
INSERT INTO project_budgets (proj_name, budget) VALUES ('qqziscrwqx', 82000);
INSERT INTO projects (proj_name, description, classification, eng_type, region) VALUES ('lmnlpctxaa', 'joaoonbbksvpowvsxokkmhhkkurcwk', 'C', 'FE', 'SG');
INSERT INTO project_budgets (proj_name, budget) VALUES ('lmnlpctxaa', 31000);
INSERT INTO projects (proj_name, description, classification, eng_type, region) VALUES ('pdaepgypwo', 'ecziuortwddajgwwzhjkvqmmpjpkbw', 'C', 'FE', 'HK');
INSERT INTO project_budgets (proj_name, budget) VALUES ('pdaepgypwo', 61000);
INSERT INTO projects (proj_name, description, classification, eng_type, region) VALUES ('osylpktloi', 'pyfjwoidetkotgndrhfibcisafzqjd', 'C', 'FE', 'EMEA');
INSERT INTO project_budgets (proj_name, budget) VALUES ('osylpktloi', 73000);
INSERT INTO projects (proj_name, description, classification, eng_type, region) VALUES ('gsocoeyewq', 'gkjrxdpxowcmoictnvfknmlfocvazh', 'C', 'FE', 'LON');
INSERT INTO project_budgets (proj_name, budget) VALUES ('gsocoeyewq', 46000);
INSERT INTO projects (proj_name, description, classification, eng_type, region) VALUES ('qnbcdbnuyo', 'kjzjynfwqvbzkhskonhwmteficegla', 'C', 'FE', 'PAR');
INSERT INTO project_budgets (proj_name, budget) VALUES ('qnbcdbnuyo', 51000);
INSERT INTO projects (proj_name, description, classification, eng_type, region) VALUES ('biqzswfogr', 'cktahiexhbbzzkoxknnwqwzkomypxp', 'C', 'FE', 'AMER');
INSERT INTO project_budgets (proj_name, budget) VALUES ('biqzswfogr', 88000);
INSERT INTO projects (proj_name, description, classification, eng_type, region) VALUES ('kwzpkorvob', 'ozjbltzlkyossozcddcghdoayldeip', 'C', 'FE', 'NY');
INSERT INTO project_budgets (proj_name, budget) VALUES ('kwzpkorvob', 59000);
INSERT INTO projects (proj_name, description, classification, eng_type, region) VALUES ('busptwhexi', 'djdfiqldkjbwfwnsuaspqrbqwfgxbh', 'C', 'FE', 'SF');
INSERT INTO project_budgets (proj_name, budget) VALUES ('busptwhexi', 73000);
INSERT INTO projects (proj_name, description, classification, eng_type, region) VALUES ('qgselbwfzk', 'ohtjiariamepxqoerzqnsadbjhisuj', 'C', 'BE', 'GLOBAL');
INSERT INTO project_budgets (proj_name, budget) VALUES ('qgselbwfzk', 42000);
INSERT INTO projects (proj_name, description, classification, eng_type, region) VALUES ('sfrunqpzio', 'zfeavqgiwglagprmkbksoepavaxbmm', 'C', 'BE', 'APAC');
INSERT INTO project_budgets (proj_name, budget) VALUES ('sfrunqpzio', 99000);
INSERT INTO projects (proj_name, description, classification, eng_type, region) VALUES ('kxkunszfwa', 'lzdqcrumrruaufsguqhgrenvumfdwj', 'C', 'BE', 'SG');
INSERT INTO project_budgets (proj_name, budget) VALUES ('kxkunszfwa', 58000);
INSERT INTO projects (proj_name, description, classification, eng_type, region) VALUES ('zcltqtjeac', 'rdqhvrodzmvnikxgudxpienjnlgyqh', 'C', 'BE', 'HK');
INSERT INTO project_budgets (proj_name, budget) VALUES ('zcltqtjeac', 58000);
INSERT INTO projects (proj_name, description, classification, eng_type, region) VALUES ('zzvttsskuy', 'hxphahudvixmnfateunaomeeuuhyzy', 'C', 'BE', 'EMEA');
INSERT INTO project_budgets (proj_name, budget) VALUES ('zzvttsskuy', 42000);
INSERT INTO projects (proj_name, description, classification, eng_type, region) VALUES ('snhsgoyuwc', 'zsuzariambafbzboywoxwoixmbmqre', 'C', 'BE', 'LON');
INSERT INTO project_budgets (proj_name, budget) VALUES ('snhsgoyuwc', 99000);
INSERT INTO projects (proj_name, description, classification, eng_type, region) VALUES ('gokikvkcfk', 'ktzvqxeatbhzbuorpbepwmwfcaxbsu', 'C', 'BE', 'PAR');
INSERT INTO project_budgets (proj_name, budget) VALUES ('gokikvkcfk', 30000);
INSERT INTO projects (proj_name, description, classification, eng_type, region) VALUES ('ukpidgyrej', 'rcksqbqnelzlbnvhntidxfveobtrlo', 'C', 'BE', 'AMER');
INSERT INTO project_budgets (proj_name, budget) VALUES ('ukpidgyrej', 63000);
INSERT INTO projects (proj_name, description, classification, eng_type, region) VALUES ('dgwpczcmqj', 'ppcytofumcvndaofcyassmooqbtkgc', 'C', 'BE', 'NY');
INSERT INTO project_budgets (proj_name, budget) VALUES ('dgwpczcmqj', 58000);
INSERT INTO projects (proj_name, description, classification, eng_type, region) VALUES ('fuauczsyrn', 'witooklhcsvudskrxcmvjtkbvdkpqo', 'C', 'BE', 'SF');
INSERT INTO project_budgets (proj_name, budget) VALUES ('fuauczsyrn', 63000);
INSERT INTO projects (proj_name, description, classification, eng_type, region) VALUES ('hnttqpredl', 'elwfliyslxiknxtotdgkltomzevrgl', 'C', 'SEC', 'GLOBAL');
INSERT INTO project_budgets (proj_name, budget) VALUES ('hnttqpredl', 41000);
INSERT INTO projects (proj_name, description, classification, eng_type, region) VALUES ('yqojgjdcim', 'gboiqlygviayurmibttzbnuytsdzui', 'C', 'SEC', 'APAC');
INSERT INTO project_budgets (proj_name, budget) VALUES ('yqojgjdcim', 87000);
INSERT INTO projects (proj_name, description, classification, eng_type, region) VALUES ('xktxwtyjjy', 'fxszuquaixzwjacyuxqrbucsewjjei', 'C', 'SEC', 'SG');
INSERT INTO project_budgets (proj_name, budget) VALUES ('xktxwtyjjy', 98000);
INSERT INTO projects (proj_name, description, classification, eng_type, region) VALUES ('shmslvxtfz', 'mcybjmudkrwaahhqkvykfchxzlzhlu', 'C', 'SEC', 'HK');
INSERT INTO project_budgets (proj_name, budget) VALUES ('shmslvxtfz', 61000);
INSERT INTO projects (proj_name, description, classification, eng_type, region) VALUES ('iwkqbgesqo', 'kshtdoawtudojaoebumasxosbqjngm', 'C', 'SEC', 'EMEA');
INSERT INTO project_budgets (proj_name, budget) VALUES ('iwkqbgesqo', 49000);
INSERT INTO projects (proj_name, description, classification, eng_type, region) VALUES ('nmqhzsmsss', 'vvsjuqellvpemxuzwpjjoefclpkxqe', 'C', 'SEC', 'LON');
INSERT INTO project_budgets (proj_name, budget) VALUES ('nmqhzsmsss', 31000);
INSERT INTO projects (proj_name, description, classification, eng_type, region) VALUES ('ylvtjublrz', 'aqoabbwqnrpabcxvkmmejxivhrhtrs', 'C', 'SEC', 'PAR');
INSERT INTO project_budgets (proj_name, budget) VALUES ('ylvtjublrz', 79000);
INSERT INTO projects (proj_name, description, classification, eng_type, region) VALUES ('eoqjxlkjqm', 'mzvvlxupdgphexgohovpmwwwywcqug', 'C', 'SEC', 'AMER');
INSERT INTO project_budgets (proj_name, budget) VALUES ('eoqjxlkjqm', 85000);
INSERT INTO projects (proj_name, description, classification, eng_type, region) VALUES ('pspmiocxpt', 'nxuqhxpnlsmbhwjqzlugpmvaefuprs', 'C', 'SEC', 'NY');
INSERT INTO project_budgets (proj_name, budget) VALUES ('pspmiocxpt', 37000);
INSERT INTO projects (proj_name, description, classification, eng_type, region) VALUES ('omorlskrso', 'wbusiwabfgiwfexkbwhtojnhckovse', 'C', 'SEC', 'SF');
INSERT INTO project_budgets (proj_name, budget) VALUES ('omorlskrso', 59000);
INSERT INTO projects (proj_name, description, classification, eng_type, region) VALUES ('vjclsjhdis', 'msgusouaawgjjmghjrdgfsaahidyge', 'C', 'DOPS', 'GLOBAL');
INSERT INTO project_budgets (proj_name, budget) VALUES ('vjclsjhdis', 96000);
INSERT INTO projects (proj_name, description, classification, eng_type, region) VALUES ('jtylpiftug', 'sgbnoyhnbdkgdexcvtgwjydfhbtmhn', 'C', 'DOPS', 'APAC');
INSERT INTO project_budgets (proj_name, budget) VALUES ('jtylpiftug', 58000);
INSERT INTO projects (proj_name, description, classification, eng_type, region) VALUES ('liztlgjluu', 'iuiyjddzvfnrtlzvqdzqhbetqmwons', 'C', 'DOPS', 'SG');
INSERT INTO project_budgets (proj_name, budget) VALUES ('liztlgjluu', 33000);
INSERT INTO projects (proj_name, description, classification, eng_type, region) VALUES ('jsrptzmkne', 'scigokbzyaabxcuckejckfxnlmjuvl', 'C', 'DOPS', 'HK');
INSERT INTO project_budgets (proj_name, budget) VALUES ('jsrptzmkne', 43000);
INSERT INTO projects (proj_name, description, classification, eng_type, region) VALUES ('wrjjimeoye', 'tkueobkffqukqbnisnaoddxnwbsubb', 'C', 'DOPS', 'EMEA');
INSERT INTO project_budgets (proj_name, budget) VALUES ('wrjjimeoye', 74000);
INSERT INTO projects (proj_name, description, classification, eng_type, region) VALUES ('nwziwqvsse', 'ioqbjvxnztsvpqdjvivfcnwjesfxfr', 'C', 'DOPS', 'LON');
INSERT INTO project_budgets (proj_name, budget) VALUES ('nwziwqvsse', 72000);
INSERT INTO projects (proj_name, description, classification, eng_type, region) VALUES ('rrhhewfiai', 'tahiqmvyicwunnnktammiqxudywypk', 'C', 'DOPS', 'PAR');
INSERT INTO project_budgets (proj_name, budget) VALUES ('rrhhewfiai', 50000);
INSERT INTO projects (proj_name, description, classification, eng_type, region) VALUES ('fwpqnalziq', 'ktevadfuyvdiqplfeuccsxzjwqdids', 'C', 'DOPS', 'AMER');
INSERT INTO project_budgets (proj_name, budget) VALUES ('fwpqnalziq', 90000);
INSERT INTO projects (proj_name, description, classification, eng_type, region) VALUES ('jjlzefeirv', 'vhgtpadstrysrsxnoodnxtvxbfswhk', 'C', 'DOPS', 'NY');
INSERT INTO project_budgets (proj_name, budget) VALUES ('jjlzefeirv', 77000);
INSERT INTO projects (proj_name, description, classification, eng_type, region) VALUES ('bbxzkixfrk', 'zbegzeutbysnsjumxghwrcipomhmch', 'C', 'DOPS', 'SF');
INSERT INTO project_budgets (proj_name, budget) VALUES ('bbxzkixfrk', 96000);
INSERT INTO projects (proj_name, description, classification, eng_type, region) VALUES ('jcvwycrwwq', 'tfpafrhokvicezqjdqokcwxpttphce', 'S', 'FE', 'GLOBAL');
INSERT INTO project_budgets (proj_name, budget) VALUES ('jcvwycrwwq', 92000);
INSERT INTO projects (proj_name, description, classification, eng_type, region) VALUES ('junyoglkzo', 'viyfrskkmeyrwoiwbmtmdhhawqwjdb', 'S', 'FE', 'APAC');
INSERT INTO project_budgets (proj_name, budget) VALUES ('junyoglkzo', 71000);
INSERT INTO projects (proj_name, description, classification, eng_type, region) VALUES ('kiphlpnojg', 'onuxdadswauosynufkrldardbkbcaf', 'S', 'FE', 'SG');
INSERT INTO project_budgets (proj_name, budget) VALUES ('kiphlpnojg', 68000);
INSERT INTO projects (proj_name, description, classification, eng_type, region) VALUES ('zlylpfgqkw', 'hqpmmydaguxtjqjztcujsatvephhqw', 'S', 'FE', 'HK');
INSERT INTO project_budgets (proj_name, budget) VALUES ('zlylpfgqkw', 65000);
INSERT INTO projects (proj_name, description, classification, eng_type, region) VALUES ('drerbyccxm', 'llgzwzfprqamdeyzujotqqbgmvrjnu', 'S', 'FE', 'EMEA');
INSERT INTO project_budgets (proj_name, budget) VALUES ('drerbyccxm', 87000);
INSERT INTO projects (proj_name, description, classification, eng_type, region) VALUES ('aivhwpauvr', 'iuvmakewpdnspvzmcbhefhmxhkyinq', 'S', 'FE', 'LON');
INSERT INTO project_budgets (proj_name, budget) VALUES ('aivhwpauvr', 49000);
INSERT INTO projects (proj_name, description, classification, eng_type, region) VALUES ('ervhutwdtd', 'nzqtphwmklymsvykxeytxxofacgchm', 'S', 'FE', 'PAR');
INSERT INTO project_budgets (proj_name, budget) VALUES ('ervhutwdtd', 93000);
INSERT INTO projects (proj_name, description, classification, eng_type, region) VALUES ('oavvtjotnk', 'eqvavxwnhnjptajwriyzdquownoeus', 'S', 'FE', 'AMER');
INSERT INTO project_budgets (proj_name, budget) VALUES ('oavvtjotnk', 59000);
INSERT INTO projects (proj_name, description, classification, eng_type, region) VALUES ('cbgfugpeuk', 'zucucobxrudkslyomdrrzuhjmyahhj', 'S', 'FE', 'NY');
INSERT INTO project_budgets (proj_name, budget) VALUES ('cbgfugpeuk', 74000);
INSERT INTO projects (proj_name, description, classification, eng_type, region) VALUES ('nyjnrbpfpi', 'soqyztogztvcazjsyltphhugmdxpji', 'S', 'FE', 'SF');
INSERT INTO project_budgets (proj_name, budget) VALUES ('nyjnrbpfpi', 98000);
INSERT INTO projects (proj_name, description, classification, eng_type, region) VALUES ('ootybhrfmq', 'mldexfinfzifsgdppdbqeokgzaflyp', 'S', 'BE', 'GLOBAL');
INSERT INTO project_budgets (proj_name, budget) VALUES ('ootybhrfmq', 46000);
INSERT INTO projects (proj_name, description, classification, eng_type, region) VALUES ('anxvcbokve', 'jftaxfophnqvrydirhthehyoivytcg', 'S', 'BE', 'APAC');
INSERT INTO project_budgets (proj_name, budget) VALUES ('anxvcbokve', 98000);
INSERT INTO projects (proj_name, description, classification, eng_type, region) VALUES ('jmvaipbzfd', 'vohotaogjcynrjngwycraqcwtfpfhj', 'S', 'BE', 'SG');
INSERT INTO project_budgets (proj_name, budget) VALUES ('jmvaipbzfd', 89000);
INSERT INTO projects (proj_name, description, classification, eng_type, region) VALUES ('qlnydnxyxo', 'xxiouzszkvzmslustrkoymegwdtvoc', 'S', 'BE', 'HK');
INSERT INTO project_budgets (proj_name, budget) VALUES ('qlnydnxyxo', 66000);
INSERT INTO projects (proj_name, description, classification, eng_type, region) VALUES ('jljbhltfqy', 'xsuffadexiairrvzhqttopocubvbrd', 'S', 'BE', 'EMEA');
INSERT INTO project_budgets (proj_name, budget) VALUES ('jljbhltfqy', 95000);
INSERT INTO projects (proj_name, description, classification, eng_type, region) VALUES ('awiatdmwpg', 'xtcnlezfxfgebyrrofjthmnehymvfn', 'S', 'BE', 'LON');
INSERT INTO project_budgets (proj_name, budget) VALUES ('awiatdmwpg', 65000);
INSERT INTO projects (proj_name, description, classification, eng_type, region) VALUES ('qlzvdgdgru', 'bfflxmsgocmjjxceijixfhffcarjll', 'S', 'BE', 'PAR');
INSERT INTO project_budgets (proj_name, budget) VALUES ('qlzvdgdgru', 54000);
INSERT INTO projects (proj_name, description, classification, eng_type, region) VALUES ('nzxcoaesoa', 'lljhielzwrqkbhjbemnnbtthlqeorg', 'S', 'BE', 'AMER');
INSERT INTO project_budgets (proj_name, budget) VALUES ('nzxcoaesoa', 58000);
INSERT INTO projects (proj_name, description, classification, eng_type, region) VALUES ('fleipmckcq', 'cnivsfqquyjaykunpoaolawlighiyc', 'S', 'BE', 'NY');
INSERT INTO project_budgets (proj_name, budget) VALUES ('fleipmckcq', 62000);
INSERT INTO projects (proj_name, description, classification, eng_type, region) VALUES ('crhjikelup', 'gigqihqgnlggshzjsqtkdzzewxcgex', 'S', 'BE', 'SF');
INSERT INTO project_budgets (proj_name, budget) VALUES ('crhjikelup', 81000);
INSERT INTO projects (proj_name, description, classification, eng_type, region) VALUES ('tubbzpzkio', 'xooqclhsvepbfcofihxvnuoakyxmhp', 'S', 'SEC', 'GLOBAL');
INSERT INTO project_budgets (proj_name, budget) VALUES ('tubbzpzkio', 30000);
INSERT INTO projects (proj_name, description, classification, eng_type, region) VALUES ('oiklemzejz', 'yyjyehvhljgqsrhaltyimzpmvwzfpz', 'S', 'SEC', 'APAC');
INSERT INTO project_budgets (proj_name, budget) VALUES ('oiklemzejz', 84000);
INSERT INTO projects (proj_name, description, classification, eng_type, region) VALUES ('mljkeltqoj', 'uavgccudrufcpuxvwvhqdiolpdthgn', 'S', 'SEC', 'SG');
INSERT INTO project_budgets (proj_name, budget) VALUES ('mljkeltqoj', 59000);
INSERT INTO projects (proj_name, description, classification, eng_type, region) VALUES ('wuyvcowaah', 'yypnsyaaboxamrtuiajavtbxzqcevr', 'S', 'SEC', 'HK');
INSERT INTO project_budgets (proj_name, budget) VALUES ('wuyvcowaah', 75000);
INSERT INTO projects (proj_name, description, classification, eng_type, region) VALUES ('uyosvavivw', 'xmvlpugnktqtbnxkfpcosawbpnzkrs', 'S', 'SEC', 'EMEA');
INSERT INTO project_budgets (proj_name, budget) VALUES ('uyosvavivw', 88000);
INSERT INTO projects (proj_name, description, classification, eng_type, region) VALUES ('jahulubomo', 'wiuwhmcklfgetsxfzwrafqaudmisob', 'S', 'SEC', 'LON');
INSERT INTO project_budgets (proj_name, budget) VALUES ('jahulubomo', 60000);
INSERT INTO projects (proj_name, description, classification, eng_type, region) VALUES ('haysqrnulg', 'ynpbbbwhkncdmeizetriblhhuhnptk', 'S', 'SEC', 'PAR');
INSERT INTO project_budgets (proj_name, budget) VALUES ('haysqrnulg', 34000);
INSERT INTO projects (proj_name, description, classification, eng_type, region) VALUES ('gwrhjobsao', 'dgzvshsvhmtowtjxzkeujtzjplfzam', 'S', 'SEC', 'AMER');
INSERT INTO project_budgets (proj_name, budget) VALUES ('gwrhjobsao', 42000);
INSERT INTO projects (proj_name, description, classification, eng_type, region) VALUES ('tdcoqnskxg', 'smqrknetpbadnqnfzmgtcxmydmqgvh', 'S', 'SEC', 'NY');
INSERT INTO project_budgets (proj_name, budget) VALUES ('tdcoqnskxg', 33000);
INSERT INTO projects (proj_name, description, classification, eng_type, region) VALUES ('rhacwrqvep', 'vgrvsumjfgowobsaaozafqdjjxywia', 'S', 'SEC', 'SF');
INSERT INTO project_budgets (proj_name, budget) VALUES ('rhacwrqvep', 35000);
INSERT INTO projects (proj_name, description, classification, eng_type, region) VALUES ('vlfqbduiiz', 'yzmiuihzqkvvttzkjtxvtojbfccyoj', 'S', 'DOPS', 'GLOBAL');
INSERT INTO project_budgets (proj_name, budget) VALUES ('vlfqbduiiz', 54000);
INSERT INTO projects (proj_name, description, classification, eng_type, region) VALUES ('prlzjazevt', 'alchwfmnnqnxhmhrmvclyututqqsni', 'S', 'DOPS', 'APAC');
INSERT INTO project_budgets (proj_name, budget) VALUES ('prlzjazevt', 59000);
INSERT INTO projects (proj_name, description, classification, eng_type, region) VALUES ('acyafqwfzi', 'vpfiueuimopinetpqkjzfwrnorvfkh', 'S', 'DOPS', 'SG');
INSERT INTO project_budgets (proj_name, budget) VALUES ('acyafqwfzi', 60000);
INSERT INTO projects (proj_name, description, classification, eng_type, region) VALUES ('wxldoimawg', 'bousrrphotdmouusytssmvwgoyzwsv', 'S', 'DOPS', 'HK');
INSERT INTO project_budgets (proj_name, budget) VALUES ('wxldoimawg', 81000);
INSERT INTO projects (proj_name, description, classification, eng_type, region) VALUES ('iatkmskdqw', 'otqwftpvigvujgbvjgyyfomqeqqeez', 'S', 'DOPS', 'EMEA');
INSERT INTO project_budgets (proj_name, budget) VALUES ('iatkmskdqw', 50000);
INSERT INTO projects (proj_name, description, classification, eng_type, region) VALUES ('mhhkplawza', 'lywuvmazlstgnhrbcmfrjwlqfugrxu', 'S', 'DOPS', 'LON');
INSERT INTO project_budgets (proj_name, budget) VALUES ('mhhkplawza', 53000);
INSERT INTO projects (proj_name, description, classification, eng_type, region) VALUES ('gwyfmampkg', 'fraxyfhtxjwygnmkpvcdintfgadkct', 'S', 'DOPS', 'PAR');
INSERT INTO project_budgets (proj_name, budget) VALUES ('gwyfmampkg', 38000);
INSERT INTO projects (proj_name, description, classification, eng_type, region) VALUES ('ppkngmfare', 'wppeynmmtyxfonnzumyzxrhvjgummg', 'S', 'DOPS', 'AMER');
INSERT INTO project_budgets (proj_name, budget) VALUES ('ppkngmfare', 73000);
INSERT INTO projects (proj_name, description, classification, eng_type, region) VALUES ('vwwryybylg', 'agwyrcvffizsdijcsyjfsfglovvdxx', 'S', 'DOPS', 'NY');
INSERT INTO project_budgets (proj_name, budget) VALUES ('vwwryybylg', 55000);
INSERT INTO projects (proj_name, description, classification, eng_type, region) VALUES ('nlxcarzmuz', 'qzxchmwqdbzfuqsbefzdrybdnoqenn', 'S', 'DOPS', 'SF');
INSERT INTO project_budgets (proj_name, budget) VALUES ('nlxcarzmuz', 71000);
