INSERT INTO employees (emp_name, phone, position, dept, region) VALUES ('jootculkrb', '98686107', 'DIR', 'HR', 'GLOBAL');
INSERT INTO salary (emp_name, salary) VALUES ('jootculkrb', 98000);
INSERT INTO employees (emp_name, phone, position, dept, region) VALUES ('pzlfskwpvs', '91085073', 'DIR', 'HR', 'APAC');
INSERT INTO salary (emp_name, salary) VALUES ('pzlfskwpvs', 30000);
INSERT INTO employees (emp_name, phone, position, dept, region) VALUES ('oohuctxcbo', '96811494', 'DIR', 'HR', 'SG');
INSERT INTO salary (emp_name, salary) VALUES ('oohuctxcbo', 85000);
INSERT INTO employees (emp_name, phone, position, dept, region) VALUES ('vowjltcjgo', '94633590', 'DIR', 'HR', 'HK');
INSERT INTO salary (emp_name, salary) VALUES ('vowjltcjgo', 45000);
INSERT INTO employees (emp_name, phone, position, dept, region) VALUES ('fchczavuao', '94770541', 'DIR', 'HR', 'EMEA');
INSERT INTO salary (emp_name, salary) VALUES ('fchczavuao', 78000);
INSERT INTO employees (emp_name, phone, position, dept, region) VALUES ('aczrqoajyl', '98440806', 'DIR', 'HR', 'LON');
INSERT INTO salary (emp_name, salary) VALUES ('aczrqoajyl', 50000);
INSERT INTO employees (emp_name, phone, position, dept, region) VALUES ('onznxnksfo', '97258163', 'DIR', 'HR', 'PAR');
INSERT INTO salary (emp_name, salary) VALUES ('onznxnksfo', 68000);
INSERT INTO employees (emp_name, phone, position, dept, region) VALUES ('vlixsxdsoo', '94569937', 'DIR', 'HR', 'AMER');
INSERT INTO salary (emp_name, salary) VALUES ('vlixsxdsoo', 36000);
INSERT INTO employees (emp_name, phone, position, dept, region) VALUES ('gatewaplfk', '97035648', 'DIR', 'HR', 'NY');
INSERT INTO salary (emp_name, salary) VALUES ('gatewaplfk', 62000);
INSERT INTO employees (emp_name, phone, position, dept, region) VALUES ('pyvtkjtkjr', '96380527', 'DIR', 'HR', 'SF');
INSERT INTO salary (emp_name, salary) VALUES ('pyvtkjtkjr', 60000);
INSERT INTO employees (emp_name, phone, position, dept, region) VALUES ('irzxmiqwpk', '98396539', 'MGR', 'HR', 'GLOBAL');
INSERT INTO salary (emp_name, salary) VALUES ('irzxmiqwpk', 85000);
INSERT INTO employees (emp_name, phone, position, dept, region) VALUES ('etzdauaexs', '98931801', 'MGR', 'HR', 'APAC');
INSERT INTO salary (emp_name, salary) VALUES ('etzdauaexs', 61000);
INSERT INTO employees (emp_name, phone, position, dept, region) VALUES ('oxsehsnhkh', '93821431', 'MGR', 'HR', 'SG');
INSERT INTO salary (emp_name, salary) VALUES ('oxsehsnhkh', 32000);
INSERT INTO employees (emp_name, phone, position, dept, region) VALUES ('pkhwvxrgjw', '94256776', 'MGR', 'HR', 'HK');
INSERT INTO salary (emp_name, salary) VALUES ('pkhwvxrgjw', 36000);
INSERT INTO employees (emp_name, phone, position, dept, region) VALUES ('rhhodxinjc', '97966838', 'MGR', 'HR', 'EMEA');
INSERT INTO salary (emp_name, salary) VALUES ('rhhodxinjc', 51000);
INSERT INTO employees (emp_name, phone, position, dept, region) VALUES ('xmmhvooljo', '95093155', 'MGR', 'HR', 'LON');
INSERT INTO salary (emp_name, salary) VALUES ('xmmhvooljo', 30000);
INSERT INTO employees (emp_name, phone, position, dept, region) VALUES ('mhebymtomh', '96526421', 'MGR', 'HR', 'PAR');
INSERT INTO salary (emp_name, salary) VALUES ('mhebymtomh', 100000);
INSERT INTO employees (emp_name, phone, position, dept, region) VALUES ('lovvssiwhg', '98066451', 'MGR', 'HR', 'AMER');
INSERT INTO salary (emp_name, salary) VALUES ('lovvssiwhg', 59000);
INSERT INTO employees (emp_name, phone, position, dept, region) VALUES ('saamhnccdy', '95104487', 'MGR', 'HR', 'NY');
INSERT INTO salary (emp_name, salary) VALUES ('saamhnccdy', 81000);
INSERT INTO employees (emp_name, phone, position, dept, region) VALUES ('ilmhkbswil', '96613277', 'MGR', 'HR', 'SF');
INSERT INTO salary (emp_name, salary) VALUES ('ilmhkbswil', 54000);
INSERT INTO employees (emp_name, phone, position, dept, region) VALUES ('efandqumhc', '91147726', 'EMP', 'HR', 'GLOBAL');
INSERT INTO salary (emp_name, salary) VALUES ('efandqumhc', 33000);
INSERT INTO employees (emp_name, phone, position, dept, region) VALUES ('jdopewyvdq', '97394775', 'EMP', 'HR', 'APAC');
INSERT INTO salary (emp_name, salary) VALUES ('jdopewyvdq', 44000);
INSERT INTO employees (emp_name, phone, position, dept, region) VALUES ('vnfdiqbphg', '97905540', 'EMP', 'HR', 'SG');
INSERT INTO salary (emp_name, salary) VALUES ('vnfdiqbphg', 69000);
INSERT INTO employees (emp_name, phone, position, dept, region) VALUES ('hjvaglqrcx', '95841014', 'EMP', 'HR', 'HK');
INSERT INTO salary (emp_name, salary) VALUES ('hjvaglqrcx', 83000);
INSERT INTO employees (emp_name, phone, position, dept, region) VALUES ('ebsgvpizmf', '92495162', 'EMP', 'HR', 'EMEA');
INSERT INTO salary (emp_name, salary) VALUES ('ebsgvpizmf', 60000);
INSERT INTO employees (emp_name, phone, position, dept, region) VALUES ('stzvgvnuve', '92208792', 'EMP', 'HR', 'LON');
INSERT INTO salary (emp_name, salary) VALUES ('stzvgvnuve', 31000);
INSERT INTO employees (emp_name, phone, position, dept, region) VALUES ('cvqabjhxpo', '90958491', 'EMP', 'HR', 'PAR');
INSERT INTO salary (emp_name, salary) VALUES ('cvqabjhxpo', 63000);
INSERT INTO employees (emp_name, phone, position, dept, region) VALUES ('fsmmdooedw', '90231698', 'EMP', 'HR', 'AMER');
INSERT INTO salary (emp_name, salary) VALUES ('fsmmdooedw', 95000);
INSERT INTO employees (emp_name, phone, position, dept, region) VALUES ('zzndgofoxu', '94677271', 'EMP', 'HR', 'NY');
INSERT INTO salary (emp_name, salary) VALUES ('zzndgofoxu', 50000);
INSERT INTO employees (emp_name, phone, position, dept, region) VALUES ('wptiijmqjp', '94978934', 'EMP', 'HR', 'SF');
INSERT INTO salary (emp_name, salary) VALUES ('wptiijmqjp', 69000);
INSERT INTO employees (emp_name, phone, position, dept, region) VALUES ('szsenerbmo', '92791425', 'DIR', 'FIN', 'GLOBAL');
INSERT INTO salary (emp_name, salary) VALUES ('szsenerbmo', 32000);
INSERT INTO employees (emp_name, phone, position, dept, region) VALUES ('kavvozbjat', '93562314', 'DIR', 'FIN', 'APAC');
INSERT INTO salary (emp_name, salary) VALUES ('kavvozbjat', 42000);
INSERT INTO employees (emp_name, phone, position, dept, region) VALUES ('uxsoqpwonj', '95453422', 'DIR', 'FIN', 'SG');
INSERT INTO salary (emp_name, salary) VALUES ('uxsoqpwonj', 40000);
INSERT INTO employees (emp_name, phone, position, dept, region) VALUES ('cdbamsgokn', '93537406', 'DIR', 'FIN', 'HK');
INSERT INTO salary (emp_name, salary) VALUES ('cdbamsgokn', 67000);
INSERT INTO employees (emp_name, phone, position, dept, region) VALUES ('rdgapqjizm', '90718980', 'DIR', 'FIN', 'EMEA');
INSERT INTO salary (emp_name, salary) VALUES ('rdgapqjizm', 98000);
INSERT INTO employees (emp_name, phone, position, dept, region) VALUES ('sagcljsqaq', '92011096', 'DIR', 'FIN', 'LON');
INSERT INTO salary (emp_name, salary) VALUES ('sagcljsqaq', 80000);
INSERT INTO employees (emp_name, phone, position, dept, region) VALUES ('qfsvvobrnr', '94692118', 'DIR', 'FIN', 'PAR');
INSERT INTO salary (emp_name, salary) VALUES ('qfsvvobrnr', 95000);
INSERT INTO employees (emp_name, phone, position, dept, region) VALUES ('nweswxydgd', '98349213', 'DIR', 'FIN', 'AMER');
INSERT INTO salary (emp_name, salary) VALUES ('nweswxydgd', 57000);
INSERT INTO employees (emp_name, phone, position, dept, region) VALUES ('kcsfmeigtk', '93214548', 'DIR', 'FIN', 'NY');
INSERT INTO salary (emp_name, salary) VALUES ('kcsfmeigtk', 83000);
INSERT INTO employees (emp_name, phone, position, dept, region) VALUES ('cyiqkeflxf', '99345343', 'DIR', 'FIN', 'SF');
INSERT INTO salary (emp_name, salary) VALUES ('cyiqkeflxf', 46000);
INSERT INTO employees (emp_name, phone, position, dept, region) VALUES ('isqncwtygq', '98315238', 'MGR', 'FIN', 'GLOBAL');
INSERT INTO salary (emp_name, salary) VALUES ('isqncwtygq', 83000);
INSERT INTO employees (emp_name, phone, position, dept, region) VALUES ('andraqyvzb', '95321648', 'MGR', 'FIN', 'APAC');
INSERT INTO salary (emp_name, salary) VALUES ('andraqyvzb', 58000);
INSERT INTO employees (emp_name, phone, position, dept, region) VALUES ('isdacxdfyz', '97501352', 'MGR', 'FIN', 'SG');
INSERT INTO salary (emp_name, salary) VALUES ('isdacxdfyz', 82000);
INSERT INTO employees (emp_name, phone, position, dept, region) VALUES ('frqqpmwgoe', '92520551', 'MGR', 'FIN', 'HK');
INSERT INTO salary (emp_name, salary) VALUES ('frqqpmwgoe', 97000);
INSERT INTO employees (emp_name, phone, position, dept, region) VALUES ('xarhiuunyn', '96638767', 'MGR', 'FIN', 'EMEA');
INSERT INTO salary (emp_name, salary) VALUES ('xarhiuunyn', 97000);
INSERT INTO employees (emp_name, phone, position, dept, region) VALUES ('mflofubchu', '95948940', 'MGR', 'FIN', 'LON');
INSERT INTO salary (emp_name, salary) VALUES ('mflofubchu', 33000);
INSERT INTO employees (emp_name, phone, position, dept, region) VALUES ('brbkozukei', '96636748', 'MGR', 'FIN', 'PAR');
INSERT INTO salary (emp_name, salary) VALUES ('brbkozukei', 31000);
INSERT INTO employees (emp_name, phone, position, dept, region) VALUES ('zlzwezkopg', '93092421', 'MGR', 'FIN', 'AMER');
INSERT INTO salary (emp_name, salary) VALUES ('zlzwezkopg', 47000);
INSERT INTO employees (emp_name, phone, position, dept, region) VALUES ('oaimenhiqx', '98004326', 'MGR', 'FIN', 'NY');
INSERT INTO salary (emp_name, salary) VALUES ('oaimenhiqx', 31000);
INSERT INTO employees (emp_name, phone, position, dept, region) VALUES ('dmcmuktans', '90238356', 'MGR', 'FIN', 'SF');
INSERT INTO salary (emp_name, salary) VALUES ('dmcmuktans', 60000);
INSERT INTO employees (emp_name, phone, position, dept, region) VALUES ('pwhpymgvrx', '97154095', 'EMP', 'FIN', 'GLOBAL');
INSERT INTO salary (emp_name, salary) VALUES ('pwhpymgvrx', 69000);
INSERT INTO employees (emp_name, phone, position, dept, region) VALUES ('atqhgzspta', '90680656', 'EMP', 'FIN', 'APAC');
INSERT INTO salary (emp_name, salary) VALUES ('atqhgzspta', 82000);
INSERT INTO employees (emp_name, phone, position, dept, region) VALUES ('zzutuhadld', '94151002', 'EMP', 'FIN', 'SG');
INSERT INTO salary (emp_name, salary) VALUES ('zzutuhadld', 78000);
INSERT INTO employees (emp_name, phone, position, dept, region) VALUES ('xkinxhsdxg', '95429881', 'EMP', 'FIN', 'HK');
INSERT INTO salary (emp_name, salary) VALUES ('xkinxhsdxg', 68000);
INSERT INTO employees (emp_name, phone, position, dept, region) VALUES ('vgnssoyynx', '93719153', 'EMP', 'FIN', 'EMEA');
INSERT INTO salary (emp_name, salary) VALUES ('vgnssoyynx', 42000);
INSERT INTO employees (emp_name, phone, position, dept, region) VALUES ('yrekxeroxg', '99291881', 'EMP', 'FIN', 'LON');
INSERT INTO salary (emp_name, salary) VALUES ('yrekxeroxg', 65000);
INSERT INTO employees (emp_name, phone, position, dept, region) VALUES ('wujdttihph', '95825718', 'EMP', 'FIN', 'PAR');
INSERT INTO salary (emp_name, salary) VALUES ('wujdttihph', 35000);
INSERT INTO employees (emp_name, phone, position, dept, region) VALUES ('rddxzgeckp', '94497068', 'EMP', 'FIN', 'AMER');
INSERT INTO salary (emp_name, salary) VALUES ('rddxzgeckp', 85000);
INSERT INTO employees (emp_name, phone, position, dept, region) VALUES ('bvurvbhhdh', '93508143', 'EMP', 'FIN', 'NY');
INSERT INTO salary (emp_name, salary) VALUES ('bvurvbhhdh', 44000);
INSERT INTO employees (emp_name, phone, position, dept, region) VALUES ('lttlmwuibu', '90212281', 'EMP', 'FIN', 'SF');
INSERT INTO salary (emp_name, salary) VALUES ('lttlmwuibu', 63000);
INSERT INTO employees (emp_name, phone, position, dept, region) VALUES ('pexqopqocx', '90609693', 'DIR', 'ENG', 'GLOBAL');
INSERT INTO salary (emp_name, salary) VALUES ('pexqopqocx', 43000);
INSERT INTO employees (emp_name, phone, position, dept, region) VALUES ('fwomnbvtsf', '90082276', 'DIR', 'ENG', 'APAC');
INSERT INTO salary (emp_name, salary) VALUES ('fwomnbvtsf', 94000);
INSERT INTO employees (emp_name, phone, position, dept, region) VALUES ('zcskerwetc', '96585525', 'DIR', 'ENG', 'SG');
INSERT INTO salary (emp_name, salary) VALUES ('zcskerwetc', 73000);
INSERT INTO employees (emp_name, phone, position, dept, region) VALUES ('ontplqurpx', '99093435', 'DIR', 'ENG', 'HK');
INSERT INTO salary (emp_name, salary) VALUES ('ontplqurpx', 63000);
INSERT INTO employees (emp_name, phone, position, dept, region) VALUES ('ipjflxenzo', '99752790', 'DIR', 'ENG', 'EMEA');
INSERT INTO salary (emp_name, salary) VALUES ('ipjflxenzo', 54000);
INSERT INTO employees (emp_name, phone, position, dept, region) VALUES ('npiaonbbme', '99235752', 'DIR', 'ENG', 'LON');
INSERT INTO salary (emp_name, salary) VALUES ('npiaonbbme', 40000);
INSERT INTO employees (emp_name, phone, position, dept, region) VALUES ('hapuopudxg', '97924694', 'DIR', 'ENG', 'PAR');
INSERT INTO salary (emp_name, salary) VALUES ('hapuopudxg', 59000);
INSERT INTO employees (emp_name, phone, position, dept, region) VALUES ('ctesocfneb', '91775878', 'DIR', 'ENG', 'AMER');
INSERT INTO salary (emp_name, salary) VALUES ('ctesocfneb', 79000);
INSERT INTO employees (emp_name, phone, position, dept, region) VALUES ('gytxjidxwr', '92855502', 'DIR', 'ENG', 'NY');
INSERT INTO salary (emp_name, salary) VALUES ('gytxjidxwr', 90000);
INSERT INTO employees (emp_name, phone, position, dept, region) VALUES ('wzdqkczvxa', '98569488', 'DIR', 'ENG', 'SF');
INSERT INTO salary (emp_name, salary) VALUES ('wzdqkczvxa', 67000);
INSERT INTO employees (emp_name, phone, position, dept, region) VALUES ('ckuzhdcptx', '90170758', 'MGR', 'ENG', 'GLOBAL');
INSERT INTO salary (emp_name, salary) VALUES ('ckuzhdcptx', 74000);
INSERT INTO employees (emp_name, phone, position, dept, region) VALUES ('nhijzhdasy', '91856727', 'MGR', 'ENG', 'APAC');
INSERT INTO salary (emp_name, salary) VALUES ('nhijzhdasy', 87000);
INSERT INTO employees (emp_name, phone, position, dept, region) VALUES ('mwnftectpf', '93335496', 'MGR', 'ENG', 'SG');
INSERT INTO salary (emp_name, salary) VALUES ('mwnftectpf', 46000);
INSERT INTO employees (emp_name, phone, position, dept, region) VALUES ('qmniirznwz', '94836528', 'MGR', 'ENG', 'HK');
INSERT INTO salary (emp_name, salary) VALUES ('qmniirznwz', 35000);
INSERT INTO employees (emp_name, phone, position, dept, region) VALUES ('qddqhaovbv', '98532514', 'MGR', 'ENG', 'EMEA');
INSERT INTO salary (emp_name, salary) VALUES ('qddqhaovbv', 94000);
INSERT INTO employees (emp_name, phone, position, dept, region) VALUES ('hmmlrpvtgv', '97850084', 'MGR', 'ENG', 'LON');
INSERT INTO salary (emp_name, salary) VALUES ('hmmlrpvtgv', 35000);
INSERT INTO employees (emp_name, phone, position, dept, region) VALUES ('zwxbrqgeuf', '99051844', 'MGR', 'ENG', 'PAR');
INSERT INTO salary (emp_name, salary) VALUES ('zwxbrqgeuf', 33000);
INSERT INTO employees (emp_name, phone, position, dept, region) VALUES ('mhspmhwezk', '99796397', 'MGR', 'ENG', 'AMER');
INSERT INTO salary (emp_name, salary) VALUES ('mhspmhwezk', 45000);
INSERT INTO employees (emp_name, phone, position, dept, region) VALUES ('bjctngjhcf', '90627968', 'MGR', 'ENG', 'NY');
INSERT INTO salary (emp_name, salary) VALUES ('bjctngjhcf', 49000);
INSERT INTO employees (emp_name, phone, position, dept, region) VALUES ('xnnbxtkimn', '97788612', 'MGR', 'ENG', 'SF');
INSERT INTO salary (emp_name, salary) VALUES ('xnnbxtkimn', 97000);
INSERT INTO employees (emp_name, phone, position, dept, region) VALUES ('xnkvbpurnp', '94817821', 'EMP', 'ENG', 'GLOBAL');
INSERT INTO salary (emp_name, salary) VALUES ('xnkvbpurnp', 51000);
INSERT INTO employees (emp_name, phone, position, dept, region) VALUES ('pilyoaxvhm', '99371554', 'EMP', 'ENG', 'APAC');
INSERT INTO salary (emp_name, salary) VALUES ('pilyoaxvhm', 94000);
INSERT INTO employees (emp_name, phone, position, dept, region) VALUES ('nmptwzmlip', '93207406', 'EMP', 'ENG', 'SG');
INSERT INTO salary (emp_name, salary) VALUES ('nmptwzmlip', 82000);
INSERT INTO employees (emp_name, phone, position, dept, region) VALUES ('bmmkjtffww', '95039562', 'EMP', 'ENG', 'HK');
INSERT INTO salary (emp_name, salary) VALUES ('bmmkjtffww', 64000);
INSERT INTO employees (emp_name, phone, position, dept, region) VALUES ('wgiydkprek', '95421883', 'EMP', 'ENG', 'EMEA');
INSERT INTO salary (emp_name, salary) VALUES ('wgiydkprek', 67000);
INSERT INTO employees (emp_name, phone, position, dept, region) VALUES ('hjctxncgvt', '91272599', 'EMP', 'ENG', 'LON');
INSERT INTO salary (emp_name, salary) VALUES ('hjctxncgvt', 82000);
INSERT INTO employees (emp_name, phone, position, dept, region) VALUES ('qspnsdkbtt', '99421511', 'EMP', 'ENG', 'PAR');
INSERT INTO salary (emp_name, salary) VALUES ('qspnsdkbtt', 49000);
INSERT INTO employees (emp_name, phone, position, dept, region) VALUES ('xxugogzaix', '94906888', 'EMP', 'ENG', 'AMER');
INSERT INTO salary (emp_name, salary) VALUES ('xxugogzaix', 66000);
INSERT INTO employees (emp_name, phone, position, dept, region) VALUES ('gewoiocoph', '92091874', 'EMP', 'ENG', 'NY');
INSERT INTO salary (emp_name, salary) VALUES ('gewoiocoph', 82000);
INSERT INTO employees (emp_name, phone, position, dept, region) VALUES ('kmvqdtrwhg', '90829212', 'EMP', 'ENG', 'SF');
INSERT INTO salary (emp_name, salary) VALUES ('kmvqdtrwhg', 69000);
INSERT INTO employees (emp_name, phone, position, dept, region) VALUES ('uabxhxfmve', '93593872', 'DIR', 'HR', 'GLOBAL');
INSERT INTO salary (emp_name, salary) VALUES ('uabxhxfmve', 80000);
INSERT INTO employees (emp_name, phone, position, dept, region) VALUES ('xzyjhpuofw', '97421727', 'DIR', 'HR', 'APAC');
INSERT INTO salary (emp_name, salary) VALUES ('xzyjhpuofw', 74000);
INSERT INTO employees (emp_name, phone, position, dept, region) VALUES ('qzrxjapkci', '95801183', 'DIR', 'HR', 'SG');
INSERT INTO salary (emp_name, salary) VALUES ('qzrxjapkci', 39000);
INSERT INTO employees (emp_name, phone, position, dept, region) VALUES ('infuvszesg', '97652990', 'DIR', 'HR', 'HK');
INSERT INTO salary (emp_name, salary) VALUES ('infuvszesg', 72000);
INSERT INTO employees (emp_name, phone, position, dept, region) VALUES ('zguhpxmmvm', '97218355', 'DIR', 'HR', 'EMEA');
INSERT INTO salary (emp_name, salary) VALUES ('zguhpxmmvm', 65000);
INSERT INTO employees (emp_name, phone, position, dept, region) VALUES ('xcdsphlhrt', '99918832', 'DIR', 'HR', 'LON');
INSERT INTO salary (emp_name, salary) VALUES ('xcdsphlhrt', 40000);
INSERT INTO employees (emp_name, phone, position, dept, region) VALUES ('jdbiyfrjkd', '92642021', 'DIR', 'HR', 'PAR');
INSERT INTO salary (emp_name, salary) VALUES ('jdbiyfrjkd', 51000);
INSERT INTO employees (emp_name, phone, position, dept, region) VALUES ('zyasdfishi', '91360335', 'DIR', 'HR', 'AMER');
INSERT INTO salary (emp_name, salary) VALUES ('zyasdfishi', 61000);
INSERT INTO employees (emp_name, phone, position, dept, region) VALUES ('tpgjolbnmt', '97552886', 'DIR', 'HR', 'NY');
INSERT INTO salary (emp_name, salary) VALUES ('tpgjolbnmt', 95000);
INSERT INTO employees (emp_name, phone, position, dept, region) VALUES ('nijjsrudgr', '99874042', 'DIR', 'HR', 'SF');
INSERT INTO salary (emp_name, salary) VALUES ('nijjsrudgr', 37000);
INSERT INTO employees (emp_name, phone, position, dept, region) VALUES ('gvhdnhrwpe', '91625432', 'MGR', 'HR', 'GLOBAL');
INSERT INTO salary (emp_name, salary) VALUES ('gvhdnhrwpe', 56000);
INSERT INTO employees (emp_name, phone, position, dept, region) VALUES ('vckihkhebf', '91045284', 'MGR', 'HR', 'APAC');
INSERT INTO salary (emp_name, salary) VALUES ('vckihkhebf', 42000);
INSERT INTO employees (emp_name, phone, position, dept, region) VALUES ('bwqrvjylcn', '93404900', 'MGR', 'HR', 'SG');
INSERT INTO salary (emp_name, salary) VALUES ('bwqrvjylcn', 67000);
INSERT INTO employees (emp_name, phone, position, dept, region) VALUES ('ocmqcdwlhz', '97229188', 'MGR', 'HR', 'HK');
INSERT INTO salary (emp_name, salary) VALUES ('ocmqcdwlhz', 40000);
INSERT INTO employees (emp_name, phone, position, dept, region) VALUES ('lyoplujcqp', '90670141', 'MGR', 'HR', 'EMEA');
INSERT INTO salary (emp_name, salary) VALUES ('lyoplujcqp', 30000);
INSERT INTO employees (emp_name, phone, position, dept, region) VALUES ('yfiulitsdz', '97915526', 'MGR', 'HR', 'LON');
INSERT INTO salary (emp_name, salary) VALUES ('yfiulitsdz', 42000);
INSERT INTO employees (emp_name, phone, position, dept, region) VALUES ('nyuehzazbg', '91547892', 'MGR', 'HR', 'PAR');
INSERT INTO salary (emp_name, salary) VALUES ('nyuehzazbg', 75000);
INSERT INTO employees (emp_name, phone, position, dept, region) VALUES ('fhwryiojdb', '98434728', 'MGR', 'HR', 'AMER');
INSERT INTO salary (emp_name, salary) VALUES ('fhwryiojdb', 97000);
INSERT INTO employees (emp_name, phone, position, dept, region) VALUES ('iyweejxpsy', '93893449', 'MGR', 'HR', 'NY');
INSERT INTO salary (emp_name, salary) VALUES ('iyweejxpsy', 58000);
INSERT INTO employees (emp_name, phone, position, dept, region) VALUES ('qkqscqjyyd', '98921631', 'MGR', 'HR', 'SF');
INSERT INTO salary (emp_name, salary) VALUES ('qkqscqjyyd', 39000);
INSERT INTO employees (emp_name, phone, position, dept, region) VALUES ('lyhwvshrhg', '95820552', 'EMP', 'HR', 'GLOBAL');
INSERT INTO salary (emp_name, salary) VALUES ('lyhwvshrhg', 48000);
INSERT INTO employees (emp_name, phone, position, dept, region) VALUES ('lxlwfuzuxs', '95480788', 'EMP', 'HR', 'APAC');
INSERT INTO salary (emp_name, salary) VALUES ('lxlwfuzuxs', 98000);
INSERT INTO employees (emp_name, phone, position, dept, region) VALUES ('glnlgmzrhh', '90938745', 'EMP', 'HR', 'SG');
INSERT INTO salary (emp_name, salary) VALUES ('glnlgmzrhh', 42000);
INSERT INTO employees (emp_name, phone, position, dept, region) VALUES ('knzuazrddj', '90934931', 'EMP', 'HR', 'HK');
INSERT INTO salary (emp_name, salary) VALUES ('knzuazrddj', 97000);
INSERT INTO employees (emp_name, phone, position, dept, region) VALUES ('hmnogosmwo', '91969044', 'EMP', 'HR', 'EMEA');
INSERT INTO salary (emp_name, salary) VALUES ('hmnogosmwo', 48000);
INSERT INTO employees (emp_name, phone, position, dept, region) VALUES ('hlgpgxzoxx', '95672563', 'EMP', 'HR', 'LON');
INSERT INTO salary (emp_name, salary) VALUES ('hlgpgxzoxx', 63000);
INSERT INTO employees (emp_name, phone, position, dept, region) VALUES ('doqdvqxsjs', '90398139', 'EMP', 'HR', 'PAR');
INSERT INTO salary (emp_name, salary) VALUES ('doqdvqxsjs', 55000);
INSERT INTO employees (emp_name, phone, position, dept, region) VALUES ('jkcadlvwho', '94523210', 'EMP', 'HR', 'AMER');
INSERT INTO salary (emp_name, salary) VALUES ('jkcadlvwho', 62000);
INSERT INTO employees (emp_name, phone, position, dept, region) VALUES ('sppleznexl', '96258849', 'EMP', 'HR', 'NY');
INSERT INTO salary (emp_name, salary) VALUES ('sppleznexl', 42000);
INSERT INTO employees (emp_name, phone, position, dept, region) VALUES ('blzcuamrqf', '94262423', 'EMP', 'HR', 'SF');
INSERT INTO salary (emp_name, salary) VALUES ('blzcuamrqf', 52000);
INSERT INTO employees (emp_name, phone, position, dept, region) VALUES ('qqibqsjnzm', '90155024', 'DIR', 'FIN', 'GLOBAL');
INSERT INTO salary (emp_name, salary) VALUES ('qqibqsjnzm', 100000);
INSERT INTO employees (emp_name, phone, position, dept, region) VALUES ('vuecyxiifg', '90201718', 'DIR', 'FIN', 'APAC');
INSERT INTO salary (emp_name, salary) VALUES ('vuecyxiifg', 81000);
INSERT INTO employees (emp_name, phone, position, dept, region) VALUES ('apudslyozq', '95718073', 'DIR', 'FIN', 'SG');
INSERT INTO salary (emp_name, salary) VALUES ('apudslyozq', 93000);
INSERT INTO employees (emp_name, phone, position, dept, region) VALUES ('zqnfpeoljr', '97115527', 'DIR', 'FIN', 'HK');
INSERT INTO salary (emp_name, salary) VALUES ('zqnfpeoljr', 87000);
INSERT INTO employees (emp_name, phone, position, dept, region) VALUES ('qqhxrpbhss', '95744969', 'DIR', 'FIN', 'EMEA');
INSERT INTO salary (emp_name, salary) VALUES ('qqhxrpbhss', 39000);
INSERT INTO employees (emp_name, phone, position, dept, region) VALUES ('zkgqumocyv', '93903202', 'DIR', 'FIN', 'LON');
INSERT INTO salary (emp_name, salary) VALUES ('zkgqumocyv', 93000);
INSERT INTO employees (emp_name, phone, position, dept, region) VALUES ('kullvoxbay', '98523149', 'DIR', 'FIN', 'PAR');
INSERT INTO salary (emp_name, salary) VALUES ('kullvoxbay', 78000);
INSERT INTO employees (emp_name, phone, position, dept, region) VALUES ('mlszlwyhvr', '94216690', 'DIR', 'FIN', 'AMER');
INSERT INTO salary (emp_name, salary) VALUES ('mlszlwyhvr', 65000);
INSERT INTO employees (emp_name, phone, position, dept, region) VALUES ('uzjnxgmuwp', '92861884', 'DIR', 'FIN', 'NY');
INSERT INTO salary (emp_name, salary) VALUES ('uzjnxgmuwp', 46000);
INSERT INTO employees (emp_name, phone, position, dept, region) VALUES ('ivwbcpgxrz', '90357146', 'DIR', 'FIN', 'SF');
INSERT INTO salary (emp_name, salary) VALUES ('ivwbcpgxrz', 43000);
INSERT INTO employees (emp_name, phone, position, dept, region) VALUES ('jxlspkekob', '99533394', 'MGR', 'FIN', 'GLOBAL');
INSERT INTO salary (emp_name, salary) VALUES ('jxlspkekob', 89000);
INSERT INTO employees (emp_name, phone, position, dept, region) VALUES ('lgzsnfqibr', '94804655', 'MGR', 'FIN', 'APAC');
INSERT INTO salary (emp_name, salary) VALUES ('lgzsnfqibr', 63000);
INSERT INTO employees (emp_name, phone, position, dept, region) VALUES ('rxamnvibym', '90996434', 'MGR', 'FIN', 'SG');
INSERT INTO salary (emp_name, salary) VALUES ('rxamnvibym', 35000);
INSERT INTO employees (emp_name, phone, position, dept, region) VALUES ('tzunktsqwr', '94143424', 'MGR', 'FIN', 'HK');
INSERT INTO salary (emp_name, salary) VALUES ('tzunktsqwr', 56000);
INSERT INTO employees (emp_name, phone, position, dept, region) VALUES ('pjyfjmyogg', '94444295', 'MGR', 'FIN', 'EMEA');
INSERT INTO salary (emp_name, salary) VALUES ('pjyfjmyogg', 41000);
INSERT INTO employees (emp_name, phone, position, dept, region) VALUES ('ktzbmcmxbl', '97388892', 'MGR', 'FIN', 'LON');
INSERT INTO salary (emp_name, salary) VALUES ('ktzbmcmxbl', 55000);
INSERT INTO employees (emp_name, phone, position, dept, region) VALUES ('gwjeggqqkn', '92248635', 'MGR', 'FIN', 'PAR');
INSERT INTO salary (emp_name, salary) VALUES ('gwjeggqqkn', 58000);
INSERT INTO employees (emp_name, phone, position, dept, region) VALUES ('pklpketiqv', '96416500', 'MGR', 'FIN', 'AMER');
INSERT INTO salary (emp_name, salary) VALUES ('pklpketiqv', 41000);
INSERT INTO employees (emp_name, phone, position, dept, region) VALUES ('xjadyaxpes', '94307996', 'MGR', 'FIN', 'NY');
INSERT INTO salary (emp_name, salary) VALUES ('xjadyaxpes', 52000);
INSERT INTO employees (emp_name, phone, position, dept, region) VALUES ('tmlsywhdly', '99325836', 'MGR', 'FIN', 'SF');
INSERT INTO salary (emp_name, salary) VALUES ('tmlsywhdly', 30000);
INSERT INTO employees (emp_name, phone, position, dept, region) VALUES ('pvrqtywwmm', '93640576', 'EMP', 'FIN', 'GLOBAL');
INSERT INTO salary (emp_name, salary) VALUES ('pvrqtywwmm', 39000);
INSERT INTO employees (emp_name, phone, position, dept, region) VALUES ('qcusiyjfoe', '94859465', 'EMP', 'FIN', 'APAC');
INSERT INTO salary (emp_name, salary) VALUES ('qcusiyjfoe', 96000);
INSERT INTO employees (emp_name, phone, position, dept, region) VALUES ('bwuyneuzmt', '95005892', 'EMP', 'FIN', 'SG');
INSERT INTO salary (emp_name, salary) VALUES ('bwuyneuzmt', 35000);
INSERT INTO employees (emp_name, phone, position, dept, region) VALUES ('ckbogebslr', '93904431', 'EMP', 'FIN', 'HK');
INSERT INTO salary (emp_name, salary) VALUES ('ckbogebslr', 62000);
INSERT INTO employees (emp_name, phone, position, dept, region) VALUES ('ndxghdqwsd', '92611256', 'EMP', 'FIN', 'EMEA');
INSERT INTO salary (emp_name, salary) VALUES ('ndxghdqwsd', 71000);
INSERT INTO employees (emp_name, phone, position, dept, region) VALUES ('kwdjyleoic', '92031286', 'EMP', 'FIN', 'LON');
INSERT INTO salary (emp_name, salary) VALUES ('kwdjyleoic', 44000);
INSERT INTO employees (emp_name, phone, position, dept, region) VALUES ('csvoysalzh', '92753508', 'EMP', 'FIN', 'PAR');
INSERT INTO salary (emp_name, salary) VALUES ('csvoysalzh', 55000);
INSERT INTO employees (emp_name, phone, position, dept, region) VALUES ('bmsaeyyhsd', '96503885', 'EMP', 'FIN', 'AMER');
INSERT INTO salary (emp_name, salary) VALUES ('bmsaeyyhsd', 99000);
INSERT INTO employees (emp_name, phone, position, dept, region) VALUES ('wkpdgizris', '92386294', 'EMP', 'FIN', 'NY');
INSERT INTO salary (emp_name, salary) VALUES ('wkpdgizris', 99000);
INSERT INTO employees (emp_name, phone, position, dept, region) VALUES ('lkswtjsgug', '95553283', 'EMP', 'FIN', 'SF');
INSERT INTO salary (emp_name, salary) VALUES ('lkswtjsgug', 98000);
INSERT INTO employees (emp_name, phone, position, dept, region) VALUES ('jbxbzpeszu', '90895859', 'DIR', 'ENG', 'GLOBAL');
INSERT INTO salary (emp_name, salary) VALUES ('jbxbzpeszu', 34000);
INSERT INTO employees (emp_name, phone, position, dept, region) VALUES ('tkripgzzbc', '98153363', 'DIR', 'ENG', 'APAC');
INSERT INTO salary (emp_name, salary) VALUES ('tkripgzzbc', 95000);
INSERT INTO employees (emp_name, phone, position, dept, region) VALUES ('fxrqyggxvt', '93333205', 'DIR', 'ENG', 'SG');
INSERT INTO salary (emp_name, salary) VALUES ('fxrqyggxvt', 66000);
INSERT INTO employees (emp_name, phone, position, dept, region) VALUES ('qojfqbdjky', '90181459', 'DIR', 'ENG', 'HK');
INSERT INTO salary (emp_name, salary) VALUES ('qojfqbdjky', 56000);
INSERT INTO employees (emp_name, phone, position, dept, region) VALUES ('ktmwxnqsik', '97456918', 'DIR', 'ENG', 'EMEA');
INSERT INTO salary (emp_name, salary) VALUES ('ktmwxnqsik', 50000);
INSERT INTO employees (emp_name, phone, position, dept, region) VALUES ('vgrfnxkhzl', '99951530', 'DIR', 'ENG', 'LON');
INSERT INTO salary (emp_name, salary) VALUES ('vgrfnxkhzl', 58000);
INSERT INTO employees (emp_name, phone, position, dept, region) VALUES ('uhvwqolqhu', '94566262', 'DIR', 'ENG', 'PAR');
INSERT INTO salary (emp_name, salary) VALUES ('uhvwqolqhu', 47000);
INSERT INTO employees (emp_name, phone, position, dept, region) VALUES ('efkxovgqbi', '94822284', 'DIR', 'ENG', 'AMER');
INSERT INTO salary (emp_name, salary) VALUES ('efkxovgqbi', 34000);
INSERT INTO employees (emp_name, phone, position, dept, region) VALUES ('ujwdhdhzrk', '97062602', 'DIR', 'ENG', 'NY');
INSERT INTO salary (emp_name, salary) VALUES ('ujwdhdhzrk', 55000);
INSERT INTO employees (emp_name, phone, position, dept, region) VALUES ('tvipoqmrrr', '98476082', 'DIR', 'ENG', 'SF');
INSERT INTO salary (emp_name, salary) VALUES ('tvipoqmrrr', 55000);
INSERT INTO employees (emp_name, phone, position, dept, region) VALUES ('crotcyxmhf', '99605219', 'MGR', 'ENG', 'GLOBAL');
INSERT INTO salary (emp_name, salary) VALUES ('crotcyxmhf', 91000);
INSERT INTO employees (emp_name, phone, position, dept, region) VALUES ('vxxhrvwrcu', '99986740', 'MGR', 'ENG', 'APAC');
INSERT INTO salary (emp_name, salary) VALUES ('vxxhrvwrcu', 34000);
INSERT INTO employees (emp_name, phone, position, dept, region) VALUES ('fbffyvjfbw', '94610573', 'MGR', 'ENG', 'SG');
INSERT INTO salary (emp_name, salary) VALUES ('fbffyvjfbw', 74000);
INSERT INTO employees (emp_name, phone, position, dept, region) VALUES ('fcfjhzmsxu', '90735644', 'MGR', 'ENG', 'HK');
INSERT INTO salary (emp_name, salary) VALUES ('fcfjhzmsxu', 46000);
INSERT INTO employees (emp_name, phone, position, dept, region) VALUES ('txftppuhab', '94172345', 'MGR', 'ENG', 'EMEA');
INSERT INTO salary (emp_name, salary) VALUES ('txftppuhab', 72000);
INSERT INTO employees (emp_name, phone, position, dept, region) VALUES ('kcsldkwkgi', '90715415', 'MGR', 'ENG', 'LON');
INSERT INTO salary (emp_name, salary) VALUES ('kcsldkwkgi', 45000);
INSERT INTO employees (emp_name, phone, position, dept, region) VALUES ('mkuhmacagu', '99239684', 'MGR', 'ENG', 'PAR');
INSERT INTO salary (emp_name, salary) VALUES ('mkuhmacagu', 96000);
INSERT INTO employees (emp_name, phone, position, dept, region) VALUES ('bdlofgehgb', '99081473', 'MGR', 'ENG', 'AMER');
INSERT INTO salary (emp_name, salary) VALUES ('bdlofgehgb', 62000);
INSERT INTO employees (emp_name, phone, position, dept, region) VALUES ('tvgntvfhhm', '99560811', 'MGR', 'ENG', 'NY');
INSERT INTO salary (emp_name, salary) VALUES ('tvgntvfhhm', 76000);
INSERT INTO employees (emp_name, phone, position, dept, region) VALUES ('qwgqsdkqrs', '93697075', 'MGR', 'ENG', 'SF');
INSERT INTO salary (emp_name, salary) VALUES ('qwgqsdkqrs', 96000);
INSERT INTO employees (emp_name, phone, position, dept, region) VALUES ('llfarfejbr', '95777629', 'EMP', 'ENG', 'GLOBAL');
INSERT INTO salary (emp_name, salary) VALUES ('llfarfejbr', 39000);
INSERT INTO employees (emp_name, phone, position, dept, region) VALUES ('fvjzrdngsj', '91366062', 'EMP', 'ENG', 'APAC');
INSERT INTO salary (emp_name, salary) VALUES ('fvjzrdngsj', 93000);
INSERT INTO employees (emp_name, phone, position, dept, region) VALUES ('lccamvlisx', '90863617', 'EMP', 'ENG', 'SG');
INSERT INTO salary (emp_name, salary) VALUES ('lccamvlisx', 58000);
INSERT INTO employees (emp_name, phone, position, dept, region) VALUES ('wekhqqqlqo', '99083293', 'EMP', 'ENG', 'HK');
INSERT INTO salary (emp_name, salary) VALUES ('wekhqqqlqo', 79000);
INSERT INTO employees (emp_name, phone, position, dept, region) VALUES ('itkhynhyuc', '95319005', 'EMP', 'ENG', 'EMEA');
INSERT INTO salary (emp_name, salary) VALUES ('itkhynhyuc', 79000);
INSERT INTO employees (emp_name, phone, position, dept, region) VALUES ('gsnlkahljo', '94033044', 'EMP', 'ENG', 'LON');
INSERT INTO salary (emp_name, salary) VALUES ('gsnlkahljo', 92000);
INSERT INTO employees (emp_name, phone, position, dept, region) VALUES ('gikmmjjxsc', '98779764', 'EMP', 'ENG', 'PAR');
INSERT INTO salary (emp_name, salary) VALUES ('gikmmjjxsc', 69000);
INSERT INTO employees (emp_name, phone, position, dept, region) VALUES ('stzxwjjesz', '90886893', 'EMP', 'ENG', 'AMER');
INSERT INTO salary (emp_name, salary) VALUES ('stzxwjjesz', 42000);
INSERT INTO employees (emp_name, phone, position, dept, region) VALUES ('sppvvxcjop', '92491043', 'EMP', 'ENG', 'NY');
INSERT INTO salary (emp_name, salary) VALUES ('sppvvxcjop', 56000);
INSERT INTO employees (emp_name, phone, position, dept, region) VALUES ('swbdglluxt', '94068526', 'EMP', 'ENG', 'SF');
INSERT INTO salary (emp_name, salary) VALUES ('swbdglluxt', 54000);
INSERT INTO employees (emp_name, phone, position, dept, region) VALUES ('druzwxseky', '93127890', 'DIR', 'HR', 'GLOBAL');
INSERT INTO salary (emp_name, salary) VALUES ('druzwxseky', 48000);
INSERT INTO employees (emp_name, phone, position, dept, region) VALUES ('vnhrcbiscu', '92313769', 'DIR', 'HR', 'APAC');
INSERT INTO salary (emp_name, salary) VALUES ('vnhrcbiscu', 91000);
INSERT INTO employees (emp_name, phone, position, dept, region) VALUES ('sxpxoniobz', '98872827', 'DIR', 'HR', 'SG');
INSERT INTO salary (emp_name, salary) VALUES ('sxpxoniobz', 94000);
INSERT INTO employees (emp_name, phone, position, dept, region) VALUES ('inkwfvnwum', '95491564', 'DIR', 'HR', 'HK');
INSERT INTO salary (emp_name, salary) VALUES ('inkwfvnwum', 62000);
INSERT INTO employees (emp_name, phone, position, dept, region) VALUES ('oyvasqzsdb', '98229330', 'DIR', 'HR', 'EMEA');
INSERT INTO salary (emp_name, salary) VALUES ('oyvasqzsdb', 70000);
INSERT INTO employees (emp_name, phone, position, dept, region) VALUES ('csugkktlel', '97054706', 'DIR', 'HR', 'LON');
INSERT INTO salary (emp_name, salary) VALUES ('csugkktlel', 49000);
INSERT INTO employees (emp_name, phone, position, dept, region) VALUES ('stqnijtxbh', '90303193', 'DIR', 'HR', 'PAR');
INSERT INTO salary (emp_name, salary) VALUES ('stqnijtxbh', 72000);
INSERT INTO employees (emp_name, phone, position, dept, region) VALUES ('igrapsduml', '97989295', 'DIR', 'HR', 'AMER');
INSERT INTO salary (emp_name, salary) VALUES ('igrapsduml', 92000);
INSERT INTO employees (emp_name, phone, position, dept, region) VALUES ('xloeqxblqj', '92220154', 'DIR', 'HR', 'NY');
INSERT INTO salary (emp_name, salary) VALUES ('xloeqxblqj', 82000);
INSERT INTO employees (emp_name, phone, position, dept, region) VALUES ('xwackcgtae', '95319787', 'DIR', 'HR', 'SF');
INSERT INTO salary (emp_name, salary) VALUES ('xwackcgtae', 92000);
INSERT INTO employees (emp_name, phone, position, dept, region) VALUES ('kexvwhyzzp', '95823525', 'MGR', 'HR', 'GLOBAL');
INSERT INTO salary (emp_name, salary) VALUES ('kexvwhyzzp', 87000);
INSERT INTO employees (emp_name, phone, position, dept, region) VALUES ('onphywqnwx', '95550752', 'MGR', 'HR', 'APAC');
INSERT INTO salary (emp_name, salary) VALUES ('onphywqnwx', 87000);
INSERT INTO employees (emp_name, phone, position, dept, region) VALUES ('vjvhkfhjpr', '93221115', 'MGR', 'HR', 'SG');
INSERT INTO salary (emp_name, salary) VALUES ('vjvhkfhjpr', 72000);
INSERT INTO employees (emp_name, phone, position, dept, region) VALUES ('vdyvnrgryh', '95099180', 'MGR', 'HR', 'HK');
INSERT INTO salary (emp_name, salary) VALUES ('vdyvnrgryh', 67000);
INSERT INTO employees (emp_name, phone, position, dept, region) VALUES ('cwcadmtzpd', '96631578', 'MGR', 'HR', 'EMEA');
INSERT INTO salary (emp_name, salary) VALUES ('cwcadmtzpd', 65000);
INSERT INTO employees (emp_name, phone, position, dept, region) VALUES ('nfnffjgfro', '97839130', 'MGR', 'HR', 'LON');
INSERT INTO salary (emp_name, salary) VALUES ('nfnffjgfro', 48000);
INSERT INTO employees (emp_name, phone, position, dept, region) VALUES ('dstpgymkyg', '98668642', 'MGR', 'HR', 'PAR');
INSERT INTO salary (emp_name, salary) VALUES ('dstpgymkyg', 51000);
INSERT INTO employees (emp_name, phone, position, dept, region) VALUES ('modpujzewk', '94911687', 'MGR', 'HR', 'AMER');
INSERT INTO salary (emp_name, salary) VALUES ('modpujzewk', 65000);
INSERT INTO employees (emp_name, phone, position, dept, region) VALUES ('qishpcfcfi', '91562093', 'MGR', 'HR', 'NY');
INSERT INTO salary (emp_name, salary) VALUES ('qishpcfcfi', 97000);
INSERT INTO employees (emp_name, phone, position, dept, region) VALUES ('mungsymefo', '95130539', 'MGR', 'HR', 'SF');
INSERT INTO salary (emp_name, salary) VALUES ('mungsymefo', 57000);
INSERT INTO employees (emp_name, phone, position, dept, region) VALUES ('vpvpepkktc', '94774554', 'EMP', 'HR', 'GLOBAL');
INSERT INTO salary (emp_name, salary) VALUES ('vpvpepkktc', 36000);
INSERT INTO employees (emp_name, phone, position, dept, region) VALUES ('wwmeudgqtb', '96122276', 'EMP', 'HR', 'APAC');
INSERT INTO salary (emp_name, salary) VALUES ('wwmeudgqtb', 30000);
INSERT INTO employees (emp_name, phone, position, dept, region) VALUES ('ewsghcqncg', '99223376', 'EMP', 'HR', 'SG');
INSERT INTO salary (emp_name, salary) VALUES ('ewsghcqncg', 72000);
INSERT INTO employees (emp_name, phone, position, dept, region) VALUES ('egqurhamvg', '93412773', 'EMP', 'HR', 'HK');
INSERT INTO salary (emp_name, salary) VALUES ('egqurhamvg', 53000);
INSERT INTO employees (emp_name, phone, position, dept, region) VALUES ('xykrqxenec', '93580127', 'EMP', 'HR', 'EMEA');
INSERT INTO salary (emp_name, salary) VALUES ('xykrqxenec', 62000);
INSERT INTO employees (emp_name, phone, position, dept, region) VALUES ('zwrcnnsfhc', '94666606', 'EMP', 'HR', 'LON');
INSERT INTO salary (emp_name, salary) VALUES ('zwrcnnsfhc', 57000);
INSERT INTO employees (emp_name, phone, position, dept, region) VALUES ('txelymuvmb', '95377578', 'EMP', 'HR', 'PAR');
INSERT INTO salary (emp_name, salary) VALUES ('txelymuvmb', 33000);
INSERT INTO employees (emp_name, phone, position, dept, region) VALUES ('kfiezgjixr', '90688119', 'EMP', 'HR', 'AMER');
INSERT INTO salary (emp_name, salary) VALUES ('kfiezgjixr', 81000);
INSERT INTO employees (emp_name, phone, position, dept, region) VALUES ('ygdkyavhue', '95353478', 'EMP', 'HR', 'NY');
INSERT INTO salary (emp_name, salary) VALUES ('ygdkyavhue', 57000);
INSERT INTO employees (emp_name, phone, position, dept, region) VALUES ('kkxckivybc', '98758127', 'EMP', 'HR', 'SF');
INSERT INTO salary (emp_name, salary) VALUES ('kkxckivybc', 34000);
INSERT INTO employees (emp_name, phone, position, dept, region) VALUES ('umgvcmlzqw', '92774346', 'DIR', 'FIN', 'GLOBAL');
INSERT INTO salary (emp_name, salary) VALUES ('umgvcmlzqw', 54000);
INSERT INTO employees (emp_name, phone, position, dept, region) VALUES ('uziltnzudj', '99961568', 'DIR', 'FIN', 'APAC');
INSERT INTO salary (emp_name, salary) VALUES ('uziltnzudj', 52000);
INSERT INTO employees (emp_name, phone, position, dept, region) VALUES ('qkyefsydra', '97566307', 'DIR', 'FIN', 'SG');
INSERT INTO salary (emp_name, salary) VALUES ('qkyefsydra', 93000);
INSERT INTO employees (emp_name, phone, position, dept, region) VALUES ('cxtyogwgnm', '94199438', 'DIR', 'FIN', 'HK');
INSERT INTO salary (emp_name, salary) VALUES ('cxtyogwgnm', 73000);
INSERT INTO employees (emp_name, phone, position, dept, region) VALUES ('ikermlqqoe', '92280630', 'DIR', 'FIN', 'EMEA');
INSERT INTO salary (emp_name, salary) VALUES ('ikermlqqoe', 76000);
INSERT INTO employees (emp_name, phone, position, dept, region) VALUES ('gozasvhzwk', '96057054', 'DIR', 'FIN', 'LON');
INSERT INTO salary (emp_name, salary) VALUES ('gozasvhzwk', 50000);
INSERT INTO employees (emp_name, phone, position, dept, region) VALUES ('gsndgyitpy', '97944098', 'DIR', 'FIN', 'PAR');
INSERT INTO salary (emp_name, salary) VALUES ('gsndgyitpy', 76000);
INSERT INTO employees (emp_name, phone, position, dept, region) VALUES ('qploranivi', '91115101', 'DIR', 'FIN', 'AMER');
INSERT INTO salary (emp_name, salary) VALUES ('qploranivi', 93000);
INSERT INTO employees (emp_name, phone, position, dept, region) VALUES ('ulfmifatkb', '94419863', 'DIR', 'FIN', 'NY');
INSERT INTO salary (emp_name, salary) VALUES ('ulfmifatkb', 65000);
INSERT INTO employees (emp_name, phone, position, dept, region) VALUES ('htukfbfsar', '96965796', 'DIR', 'FIN', 'SF');
INSERT INTO salary (emp_name, salary) VALUES ('htukfbfsar', 38000);
INSERT INTO employees (emp_name, phone, position, dept, region) VALUES ('kzreylbcyj', '93960057', 'MGR', 'FIN', 'GLOBAL');
INSERT INTO salary (emp_name, salary) VALUES ('kzreylbcyj', 67000);
INSERT INTO employees (emp_name, phone, position, dept, region) VALUES ('sdgulzkqle', '93647472', 'MGR', 'FIN', 'APAC');
INSERT INTO salary (emp_name, salary) VALUES ('sdgulzkqle', 45000);
INSERT INTO employees (emp_name, phone, position, dept, region) VALUES ('myvulfddug', '98919038', 'MGR', 'FIN', 'SG');
INSERT INTO salary (emp_name, salary) VALUES ('myvulfddug', 37000);
INSERT INTO employees (emp_name, phone, position, dept, region) VALUES ('jfvhxaotfv', '93200054', 'MGR', 'FIN', 'HK');
INSERT INTO salary (emp_name, salary) VALUES ('jfvhxaotfv', 97000);
INSERT INTO employees (emp_name, phone, position, dept, region) VALUES ('wozfbhhige', '96801546', 'MGR', 'FIN', 'EMEA');
INSERT INTO salary (emp_name, salary) VALUES ('wozfbhhige', 69000);
INSERT INTO employees (emp_name, phone, position, dept, region) VALUES ('dldhcfuibu', '97542566', 'MGR', 'FIN', 'LON');
INSERT INTO salary (emp_name, salary) VALUES ('dldhcfuibu', 95000);
INSERT INTO employees (emp_name, phone, position, dept, region) VALUES ('dxfebhldnf', '99983192', 'MGR', 'FIN', 'PAR');
INSERT INTO salary (emp_name, salary) VALUES ('dxfebhldnf', 73000);
INSERT INTO employees (emp_name, phone, position, dept, region) VALUES ('coybzjwkqn', '96437455', 'MGR', 'FIN', 'AMER');
INSERT INTO salary (emp_name, salary) VALUES ('coybzjwkqn', 70000);
INSERT INTO employees (emp_name, phone, position, dept, region) VALUES ('nulajnubtx', '99752452', 'MGR', 'FIN', 'NY');
INSERT INTO salary (emp_name, salary) VALUES ('nulajnubtx', 32000);
INSERT INTO employees (emp_name, phone, position, dept, region) VALUES ('igrhzclvoe', '98198106', 'MGR', 'FIN', 'SF');
INSERT INTO salary (emp_name, salary) VALUES ('igrhzclvoe', 36000);
INSERT INTO employees (emp_name, phone, position, dept, region) VALUES ('rixnemztqi', '98704873', 'EMP', 'FIN', 'GLOBAL');
INSERT INTO salary (emp_name, salary) VALUES ('rixnemztqi', 72000);
INSERT INTO employees (emp_name, phone, position, dept, region) VALUES ('prtsadodka', '93447059', 'EMP', 'FIN', 'APAC');
INSERT INTO salary (emp_name, salary) VALUES ('prtsadodka', 37000);
INSERT INTO employees (emp_name, phone, position, dept, region) VALUES ('fgtepgqaxk', '98136514', 'EMP', 'FIN', 'SG');
INSERT INTO salary (emp_name, salary) VALUES ('fgtepgqaxk', 70000);
INSERT INTO employees (emp_name, phone, position, dept, region) VALUES ('qvkdehxqcp', '97841798', 'EMP', 'FIN', 'HK');
INSERT INTO salary (emp_name, salary) VALUES ('qvkdehxqcp', 70000);
INSERT INTO employees (emp_name, phone, position, dept, region) VALUES ('vfaltpxjmq', '91083911', 'EMP', 'FIN', 'EMEA');
INSERT INTO salary (emp_name, salary) VALUES ('vfaltpxjmq', 99000);
INSERT INTO employees (emp_name, phone, position, dept, region) VALUES ('ostrhlsutg', '97820354', 'EMP', 'FIN', 'LON');
INSERT INTO salary (emp_name, salary) VALUES ('ostrhlsutg', 53000);
INSERT INTO employees (emp_name, phone, position, dept, region) VALUES ('bbajbuvbeg', '98524619', 'EMP', 'FIN', 'PAR');
INSERT INTO salary (emp_name, salary) VALUES ('bbajbuvbeg', 47000);
INSERT INTO employees (emp_name, phone, position, dept, region) VALUES ('wbkrqrqofi', '97970942', 'EMP', 'FIN', 'AMER');
INSERT INTO salary (emp_name, salary) VALUES ('wbkrqrqofi', 63000);
INSERT INTO employees (emp_name, phone, position, dept, region) VALUES ('vnysjzydgx', '95805265', 'EMP', 'FIN', 'NY');
INSERT INTO salary (emp_name, salary) VALUES ('vnysjzydgx', 94000);
INSERT INTO employees (emp_name, phone, position, dept, region) VALUES ('lpsqxpagtz', '97283614', 'EMP', 'FIN', 'SF');
INSERT INTO salary (emp_name, salary) VALUES ('lpsqxpagtz', 33000);
INSERT INTO employees (emp_name, phone, position, dept, region) VALUES ('ioliqqzfmd', '98836605', 'DIR', 'ENG', 'GLOBAL');
INSERT INTO salary (emp_name, salary) VALUES ('ioliqqzfmd', 98000);
INSERT INTO employees (emp_name, phone, position, dept, region) VALUES ('xtnfhtvgvr', '94095570', 'DIR', 'ENG', 'APAC');
INSERT INTO salary (emp_name, salary) VALUES ('xtnfhtvgvr', 30000);
INSERT INTO employees (emp_name, phone, position, dept, region) VALUES ('qkeozwllqy', '92273486', 'DIR', 'ENG', 'SG');
INSERT INTO salary (emp_name, salary) VALUES ('qkeozwllqy', 74000);
INSERT INTO employees (emp_name, phone, position, dept, region) VALUES ('qpbzdydgpe', '99716862', 'DIR', 'ENG', 'HK');
INSERT INTO salary (emp_name, salary) VALUES ('qpbzdydgpe', 55000);
INSERT INTO employees (emp_name, phone, position, dept, region) VALUES ('odmuzhiwgn', '99641978', 'DIR', 'ENG', 'EMEA');
INSERT INTO salary (emp_name, salary) VALUES ('odmuzhiwgn', 85000);
INSERT INTO employees (emp_name, phone, position, dept, region) VALUES ('ftjmihefli', '94728715', 'DIR', 'ENG', 'LON');
INSERT INTO salary (emp_name, salary) VALUES ('ftjmihefli', 73000);
INSERT INTO employees (emp_name, phone, position, dept, region) VALUES ('yyecluarnd', '90433244', 'DIR', 'ENG', 'PAR');
INSERT INTO salary (emp_name, salary) VALUES ('yyecluarnd', 83000);
INSERT INTO employees (emp_name, phone, position, dept, region) VALUES ('duyeqiogwz', '96073331', 'DIR', 'ENG', 'AMER');
INSERT INTO salary (emp_name, salary) VALUES ('duyeqiogwz', 81000);
INSERT INTO employees (emp_name, phone, position, dept, region) VALUES ('qzmxtfdnej', '93771550', 'DIR', 'ENG', 'NY');
INSERT INTO salary (emp_name, salary) VALUES ('qzmxtfdnej', 47000);
INSERT INTO employees (emp_name, phone, position, dept, region) VALUES ('gxryduarbw', '93020740', 'DIR', 'ENG', 'SF');
INSERT INTO salary (emp_name, salary) VALUES ('gxryduarbw', 63000);
INSERT INTO employees (emp_name, phone, position, dept, region) VALUES ('vdahtbtcdp', '93171239', 'MGR', 'ENG', 'GLOBAL');
INSERT INTO salary (emp_name, salary) VALUES ('vdahtbtcdp', 63000);
INSERT INTO employees (emp_name, phone, position, dept, region) VALUES ('ydlebnoefc', '90584824', 'MGR', 'ENG', 'APAC');
INSERT INTO salary (emp_name, salary) VALUES ('ydlebnoefc', 66000);
INSERT INTO employees (emp_name, phone, position, dept, region) VALUES ('tftpqlomxg', '98698750', 'MGR', 'ENG', 'SG');
INSERT INTO salary (emp_name, salary) VALUES ('tftpqlomxg', 86000);
INSERT INTO employees (emp_name, phone, position, dept, region) VALUES ('atwdrbtzlu', '92881125', 'MGR', 'ENG', 'HK');
INSERT INTO salary (emp_name, salary) VALUES ('atwdrbtzlu', 48000);
INSERT INTO employees (emp_name, phone, position, dept, region) VALUES ('rtmtxingnu', '93491432', 'MGR', 'ENG', 'EMEA');
INSERT INTO salary (emp_name, salary) VALUES ('rtmtxingnu', 63000);
INSERT INTO employees (emp_name, phone, position, dept, region) VALUES ('uluyndgxix', '97995699', 'MGR', 'ENG', 'LON');
INSERT INTO salary (emp_name, salary) VALUES ('uluyndgxix', 62000);
INSERT INTO employees (emp_name, phone, position, dept, region) VALUES ('yxpwecsgqq', '98442072', 'MGR', 'ENG', 'PAR');
INSERT INTO salary (emp_name, salary) VALUES ('yxpwecsgqq', 89000);
INSERT INTO employees (emp_name, phone, position, dept, region) VALUES ('cysktodntt', '97502349', 'MGR', 'ENG', 'AMER');
INSERT INTO salary (emp_name, salary) VALUES ('cysktodntt', 56000);
INSERT INTO employees (emp_name, phone, position, dept, region) VALUES ('cfiovvgbyh', '90491493', 'MGR', 'ENG', 'NY');
INSERT INTO salary (emp_name, salary) VALUES ('cfiovvgbyh', 87000);
INSERT INTO employees (emp_name, phone, position, dept, region) VALUES ('cqhgddfvrr', '91058459', 'MGR', 'ENG', 'SF');
INSERT INTO salary (emp_name, salary) VALUES ('cqhgddfvrr', 46000);
INSERT INTO employees (emp_name, phone, position, dept, region) VALUES ('iyixqxzroa', '93341128', 'EMP', 'ENG', 'GLOBAL');
INSERT INTO salary (emp_name, salary) VALUES ('iyixqxzroa', 91000);
INSERT INTO employees (emp_name, phone, position, dept, region) VALUES ('xcsklpfdgb', '91743456', 'EMP', 'ENG', 'APAC');
INSERT INTO salary (emp_name, salary) VALUES ('xcsklpfdgb', 63000);
INSERT INTO employees (emp_name, phone, position, dept, region) VALUES ('yjjumlkaqj', '90951110', 'EMP', 'ENG', 'SG');
INSERT INTO salary (emp_name, salary) VALUES ('yjjumlkaqj', 72000);
INSERT INTO employees (emp_name, phone, position, dept, region) VALUES ('ndfqzaoywk', '93113107', 'EMP', 'ENG', 'HK');
INSERT INTO salary (emp_name, salary) VALUES ('ndfqzaoywk', 97000);
INSERT INTO employees (emp_name, phone, position, dept, region) VALUES ('fmwnyiyzkg', '96012567', 'EMP', 'ENG', 'EMEA');
INSERT INTO salary (emp_name, salary) VALUES ('fmwnyiyzkg', 53000);
INSERT INTO employees (emp_name, phone, position, dept, region) VALUES ('tfigkvnqhe', '96207159', 'EMP', 'ENG', 'LON');
INSERT INTO salary (emp_name, salary) VALUES ('tfigkvnqhe', 37000);
INSERT INTO employees (emp_name, phone, position, dept, region) VALUES ('bhhcbclzgp', '90520881', 'EMP', 'ENG', 'PAR');
INSERT INTO salary (emp_name, salary) VALUES ('bhhcbclzgp', 70000);
INSERT INTO employees (emp_name, phone, position, dept, region) VALUES ('uqzyghxnvd', '94180277', 'EMP', 'ENG', 'AMER');
INSERT INTO salary (emp_name, salary) VALUES ('uqzyghxnvd', 89000);
INSERT INTO employees (emp_name, phone, position, dept, region) VALUES ('efcmugjlac', '99239797', 'EMP', 'ENG', 'NY');
INSERT INTO salary (emp_name, salary) VALUES ('efcmugjlac', 93000);
INSERT INTO employees (emp_name, phone, position, dept, region) VALUES ('xlutobhynn', '90845176', 'EMP', 'ENG', 'SF');
INSERT INTO salary (emp_name, salary) VALUES ('xlutobhynn', 95000);
UPDATE employees SET employees.emp_r_label = gen_emp_r_label(employees.position, employees.region);
INSERT INTO projects (proj_name, description, eng_type, region) VALUES ('qyjadoqncn', 'pxjwovyupyphhtzmxakajkgaauudia', 'FE', 'GLOBAL');
INSERT INTO project_budgets (proj_name, budget) VALUES ('qyjadoqncn', 89000);
INSERT INTO projects (proj_name, description, eng_type, region) VALUES ('abdqukojss', 'jaozyufxovewfnibfbtanwgqdpacje', 'FE', 'APAC');
INSERT INTO project_budgets (proj_name, budget) VALUES ('abdqukojss', 75000);
INSERT INTO projects (proj_name, description, eng_type, region) VALUES ('akgrqwvtxr', 'ppfqorfwvaxpeiavtkhqivlcdqhcvl', 'FE', 'SG');
INSERT INTO project_budgets (proj_name, budget) VALUES ('akgrqwvtxr', 93000);
INSERT INTO projects (proj_name, description, eng_type, region) VALUES ('zoxwrjgxsx', 'vptsqyltyzsizuxgzjzjcznfmevmvr', 'FE', 'HK');
INSERT INTO project_budgets (proj_name, budget) VALUES ('zoxwrjgxsx', 89000);
INSERT INTO projects (proj_name, description, eng_type, region) VALUES ('zrxamsoriq', 'jeogdumsuoydqqpazzocnhpbgzgyac', 'FE', 'EMEA');
INSERT INTO project_budgets (proj_name, budget) VALUES ('zrxamsoriq', 93000);
INSERT INTO projects (proj_name, description, eng_type, region) VALUES ('wusbxmxwsr', 'ebyqaawxacmbhdeqggwrdxwdlsljli', 'FE', 'LON');
INSERT INTO project_budgets (proj_name, budget) VALUES ('wusbxmxwsr', 79000);
INSERT INTO projects (proj_name, description, eng_type, region) VALUES ('wtxyyhgoht', 'pcbjdhwmfwvymkjcnwmxmuhretaocj', 'FE', 'PAR');
INSERT INTO project_budgets (proj_name, budget) VALUES ('wtxyyhgoht', 74000);
INSERT INTO projects (proj_name, description, eng_type, region) VALUES ('gvvzhlnmdg', 'gwifcdudiiqskacjlorgkzyhqvjrvc', 'FE', 'AMER');
INSERT INTO project_budgets (proj_name, budget) VALUES ('gvvzhlnmdg', 88000);
INSERT INTO projects (proj_name, description, eng_type, region) VALUES ('kpburvmneu', 'pmantyyomnvhwxyycgrotznkowdmws', 'FE', 'NY');
INSERT INTO project_budgets (proj_name, budget) VALUES ('kpburvmneu', 72000);
INSERT INTO projects (proj_name, description, eng_type, region) VALUES ('alaewovemc', 'irilhzndiuuemmuzzwspxlfftaggyk', 'FE', 'SF');
INSERT INTO project_budgets (proj_name, budget) VALUES ('alaewovemc', 93000);
INSERT INTO projects (proj_name, description, eng_type, region) VALUES ('uamxwzuwqn', 'qyldwbokdbpuawmbtgmamqhqhwqyaw', 'FE', 'GLOBAL');
INSERT INTO project_budgets (proj_name, budget) VALUES ('uamxwzuwqn', 74000);
INSERT INTO projects (proj_name, description, eng_type, region) VALUES ('kyzseiqbtg', 'vwxgecabyyvzzrcotarcdswvdwuxwm', 'FE', 'APAC');
INSERT INTO project_budgets (proj_name, budget) VALUES ('kyzseiqbtg', 34000);
INSERT INTO projects (proj_name, description, eng_type, region) VALUES ('ubgeqzwbbl', 'jcumhluyypfgmgwdnjshllvfaqyqcj', 'FE', 'SG');
INSERT INTO project_budgets (proj_name, budget) VALUES ('ubgeqzwbbl', 66000);
INSERT INTO projects (proj_name, description, eng_type, region) VALUES ('erumzuwmgu', 'tjgziuejpmlnipocnyqlhvifqvqwvj', 'FE', 'HK');
INSERT INTO project_budgets (proj_name, budget) VALUES ('erumzuwmgu', 61000);
INSERT INTO projects (proj_name, description, eng_type, region) VALUES ('qlqtkgtham', 'zkubwwsqxjovqulyshdazzopkljcih', 'FE', 'EMEA');
INSERT INTO project_budgets (proj_name, budget) VALUES ('qlqtkgtham', 72000);
INSERT INTO projects (proj_name, description, eng_type, region) VALUES ('ofncxifdue', 'hiqzmfweqyqqfrdipbnzbuscxgfzmu', 'FE', 'LON');
INSERT INTO project_budgets (proj_name, budget) VALUES ('ofncxifdue', 51000);
INSERT INTO projects (proj_name, description, eng_type, region) VALUES ('uszoanljsc', 'rrbpbgkxwziqqmlorhysjxyruwajcp', 'FE', 'PAR');
INSERT INTO project_budgets (proj_name, budget) VALUES ('uszoanljsc', 66000);
INSERT INTO projects (proj_name, description, eng_type, region) VALUES ('olkujjqwpq', 'hxikwarcazkpzrdffnejjlsgmdjfnm', 'FE', 'AMER');
INSERT INTO project_budgets (proj_name, budget) VALUES ('olkujjqwpq', 96000);
INSERT INTO projects (proj_name, description, eng_type, region) VALUES ('qpuxudfohf', 'bsjgfggdwexyszcjowbxywchmwhuwf', 'FE', 'NY');
INSERT INTO project_budgets (proj_name, budget) VALUES ('qpuxudfohf', 93000);
INSERT INTO projects (proj_name, description, eng_type, region) VALUES ('svyyunlymq', 'oxxdjoldvtjphbxwxgytcxfwwtrzhu', 'FE', 'SF');
INSERT INTO project_budgets (proj_name, budget) VALUES ('svyyunlymq', 30000);
INSERT INTO projects (proj_name, description, eng_type, region) VALUES ('umyaozcclw', 'lzbpanjtaxxchkozgvhsykrpdtfvqr', 'FE', 'GLOBAL');
INSERT INTO project_budgets (proj_name, budget) VALUES ('umyaozcclw', 79000);
INSERT INTO projects (proj_name, description, eng_type, region) VALUES ('ueliagolbg', 'bvvkfukcwgqazfzffkgbaqirgdivsx', 'FE', 'APAC');
INSERT INTO project_budgets (proj_name, budget) VALUES ('ueliagolbg', 57000);
INSERT INTO projects (proj_name, description, eng_type, region) VALUES ('vgichvpupr', 'pkmnksapekjlqkefgijrxcytfvfbaz', 'FE', 'SG');
INSERT INTO project_budgets (proj_name, budget) VALUES ('vgichvpupr', 65000);
INSERT INTO projects (proj_name, description, eng_type, region) VALUES ('qohydjvlbj', 'qsajugegsutjbmigapgsllfqmpwsho', 'FE', 'HK');
INSERT INTO project_budgets (proj_name, budget) VALUES ('qohydjvlbj', 98000);
INSERT INTO projects (proj_name, description, eng_type, region) VALUES ('urcuxcepij', 'zgainnzlpxgzbrcerzzpdigjncxxbu', 'FE', 'EMEA');
INSERT INTO project_budgets (proj_name, budget) VALUES ('urcuxcepij', 82000);
INSERT INTO projects (proj_name, description, eng_type, region) VALUES ('rnbprethxl', 'ppjolipwxzqxzaqukwaepziwmdstqc', 'FE', 'LON');
INSERT INTO project_budgets (proj_name, budget) VALUES ('rnbprethxl', 37000);
INSERT INTO projects (proj_name, description, eng_type, region) VALUES ('ykzisnmjws', 'dicjpeuwnlilufewvwphudefwzukwf', 'FE', 'PAR');
INSERT INTO project_budgets (proj_name, budget) VALUES ('ykzisnmjws', 96000);
INSERT INTO projects (proj_name, description, eng_type, region) VALUES ('jnssqlvaql', 'sevypssirpunskskapxilmpxymacyf', 'FE', 'AMER');
INSERT INTO project_budgets (proj_name, budget) VALUES ('jnssqlvaql', 81000);
INSERT INTO projects (proj_name, description, eng_type, region) VALUES ('achhvgmfui', 'mlbjxshazdmqcyqmgfzfyeogczultm', 'FE', 'NY');
INSERT INTO project_budgets (proj_name, budget) VALUES ('achhvgmfui', 54000);
INSERT INTO projects (proj_name, description, eng_type, region) VALUES ('gxjljtchkg', 'ntnnhloonenopstsjnzbelhenkgors', 'FE', 'SF');
INSERT INTO project_budgets (proj_name, budget) VALUES ('gxjljtchkg', 70000);
INSERT INTO projects (proj_name, description, eng_type, region) VALUES ('bfpjfidisq', 'vjilfdsddbuwpqlybnyxiqwarlqzmy', 'BE', 'GLOBAL');
INSERT INTO project_budgets (proj_name, budget) VALUES ('bfpjfidisq', 54000);
INSERT INTO projects (proj_name, description, eng_type, region) VALUES ('nssfpdbanr', 'ugzyzyhyhuwprcelgfmyxbbiqypzmg', 'BE', 'APAC');
INSERT INTO project_budgets (proj_name, budget) VALUES ('nssfpdbanr', 87000);
INSERT INTO projects (proj_name, description, eng_type, region) VALUES ('tmdxecbene', 'falvzbpocbsemjmvftxkpckzizlfag', 'BE', 'SG');
INSERT INTO project_budgets (proj_name, budget) VALUES ('tmdxecbene', 52000);
INSERT INTO projects (proj_name, description, eng_type, region) VALUES ('zhcgkjxmzo', 'emvbczyhwvnqmsljgjeeasvjsymjrn', 'BE', 'HK');
INSERT INTO project_budgets (proj_name, budget) VALUES ('zhcgkjxmzo', 46000);
INSERT INTO projects (proj_name, description, eng_type, region) VALUES ('lowfibjdwn', 'juuojhniscqiaiupxgdmmtfjujiwgf', 'BE', 'EMEA');
INSERT INTO project_budgets (proj_name, budget) VALUES ('lowfibjdwn', 84000);
INSERT INTO projects (proj_name, description, eng_type, region) VALUES ('esczfxexjw', 'tnqsuyxwlgxaqkprdnlvofkbfdfoxn', 'BE', 'LON');
INSERT INTO project_budgets (proj_name, budget) VALUES ('esczfxexjw', 51000);
INSERT INTO projects (proj_name, description, eng_type, region) VALUES ('fhedmhnrmy', 'mshmszcretdafvdvcbeovkqjsuvpca', 'BE', 'PAR');
INSERT INTO project_budgets (proj_name, budget) VALUES ('fhedmhnrmy', 31000);
INSERT INTO projects (proj_name, description, eng_type, region) VALUES ('ubbvyrtrnw', 'bjnulyswitfbqkimyxucnwrngjkvys', 'BE', 'AMER');
INSERT INTO project_budgets (proj_name, budget) VALUES ('ubbvyrtrnw', 30000);
INSERT INTO projects (proj_name, description, eng_type, region) VALUES ('jjzyfgfzws', 'huikpowyjdcleafzumysrrxkognyhl', 'BE', 'NY');
INSERT INTO project_budgets (proj_name, budget) VALUES ('jjzyfgfzws', 36000);
INSERT INTO projects (proj_name, description, eng_type, region) VALUES ('mvcypjetdz', 'spzbueznuiasfifegipsiifwbnjccr', 'BE', 'SF');
INSERT INTO project_budgets (proj_name, budget) VALUES ('mvcypjetdz', 45000);
INSERT INTO projects (proj_name, description, eng_type, region) VALUES ('yjepupoecf', 'vpyotjtvlvuruezafgqsayhwzqxwsq', 'BE', 'GLOBAL');
INSERT INTO project_budgets (proj_name, budget) VALUES ('yjepupoecf', 91000);
INSERT INTO projects (proj_name, description, eng_type, region) VALUES ('ccvbyrcfqc', 'bxyvvkwikiabgrurwcibcdnkymckwl', 'BE', 'APAC');
INSERT INTO project_budgets (proj_name, budget) VALUES ('ccvbyrcfqc', 40000);
INSERT INTO projects (proj_name, description, eng_type, region) VALUES ('dqboygjxri', 'eeqworoovsduqzarpquhvxfithfmyj', 'BE', 'SG');
INSERT INTO project_budgets (proj_name, budget) VALUES ('dqboygjxri', 30000);
INSERT INTO projects (proj_name, description, eng_type, region) VALUES ('lacqxpingc', 'iideuszefelbmrtvhzngxqngwuiwdd', 'BE', 'HK');
INSERT INTO project_budgets (proj_name, budget) VALUES ('lacqxpingc', 33000);
INSERT INTO projects (proj_name, description, eng_type, region) VALUES ('kwdsyoqlnx', 'hxjmzetgmpccclyvideqmppegfbwhx', 'BE', 'EMEA');
INSERT INTO project_budgets (proj_name, budget) VALUES ('kwdsyoqlnx', 100000);
INSERT INTO projects (proj_name, description, eng_type, region) VALUES ('lqfiuvrzqc', 'elnqbbbhujnebkbnbvvpbydxssuszf', 'BE', 'LON');
INSERT INTO project_budgets (proj_name, budget) VALUES ('lqfiuvrzqc', 58000);
INSERT INTO projects (proj_name, description, eng_type, region) VALUES ('ynrqdvwljq', 'nuzajrytjpkjycqddtehpzeghyniec', 'BE', 'PAR');
INSERT INTO project_budgets (proj_name, budget) VALUES ('ynrqdvwljq', 94000);
INSERT INTO projects (proj_name, description, eng_type, region) VALUES ('gfjbyckssl', 'fqntcxqxurmecnhnwpvoavwmjpgewz', 'BE', 'AMER');
INSERT INTO project_budgets (proj_name, budget) VALUES ('gfjbyckssl', 75000);
INSERT INTO projects (proj_name, description, eng_type, region) VALUES ('reqtudtman', 'lnkwglyxqcwpkhnmeggufzdfkgnxie', 'BE', 'NY');
INSERT INTO project_budgets (proj_name, budget) VALUES ('reqtudtman', 54000);
INSERT INTO projects (proj_name, description, eng_type, region) VALUES ('suiwcfdkcr', 'sabogtyyiyxvoyseyxqouqalnqjnii', 'BE', 'SF');
INSERT INTO project_budgets (proj_name, budget) VALUES ('suiwcfdkcr', 41000);
INSERT INTO projects (proj_name, description, eng_type, region) VALUES ('hcsqoklexr', 'jtubwenanicsowzpytunwttjecgwer', 'BE', 'GLOBAL');
INSERT INTO project_budgets (proj_name, budget) VALUES ('hcsqoklexr', 82000);
INSERT INTO projects (proj_name, description, eng_type, region) VALUES ('zovvzcxusd', 'fpxwyfztmlwdrejdllnvdpxfondtcy', 'BE', 'APAC');
INSERT INTO project_budgets (proj_name, budget) VALUES ('zovvzcxusd', 81000);
INSERT INTO projects (proj_name, description, eng_type, region) VALUES ('ziargygcet', 'tnepgsuueeobqkhgkcexjzjmdgxjnx', 'BE', 'SG');
INSERT INTO project_budgets (proj_name, budget) VALUES ('ziargygcet', 76000);
INSERT INTO projects (proj_name, description, eng_type, region) VALUES ('dsxdseiwnt', 'nrjpsgqfdukzbuwuxzyecsafbykssx', 'BE', 'HK');
INSERT INTO project_budgets (proj_name, budget) VALUES ('dsxdseiwnt', 84000);
INSERT INTO projects (proj_name, description, eng_type, region) VALUES ('ggqvegrdkc', 'xazuvllmfyyhzunxprmckhqgmuanjp', 'BE', 'EMEA');
INSERT INTO project_budgets (proj_name, budget) VALUES ('ggqvegrdkc', 95000);
INSERT INTO projects (proj_name, description, eng_type, region) VALUES ('rqzerxyxzw', 'scjgmqzbdflhhfqiiptqopxwlxmqvq', 'BE', 'LON');
INSERT INTO project_budgets (proj_name, budget) VALUES ('rqzerxyxzw', 52000);
INSERT INTO projects (proj_name, description, eng_type, region) VALUES ('jnjirpccxp', 'fnfcdbckdbrxqzcftscwwvafqcxfbf', 'BE', 'PAR');
INSERT INTO project_budgets (proj_name, budget) VALUES ('jnjirpccxp', 32000);
INSERT INTO projects (proj_name, description, eng_type, region) VALUES ('syxigjjozr', 'zyfyupqjbsphsxwuwhsfneglhlbgid', 'BE', 'AMER');
INSERT INTO project_budgets (proj_name, budget) VALUES ('syxigjjozr', 32000);
INSERT INTO projects (proj_name, description, eng_type, region) VALUES ('ptmoflqzqi', 'bfnjjbbnucqmcdctghimouphnfchsv', 'BE', 'NY');
INSERT INTO project_budgets (proj_name, budget) VALUES ('ptmoflqzqi', 81000);
INSERT INTO projects (proj_name, description, eng_type, region) VALUES ('czhgcvxgeg', 'elebcnnifhidugxoxwkaigtmbwypdg', 'BE', 'SF');
INSERT INTO project_budgets (proj_name, budget) VALUES ('czhgcvxgeg', 44000);
INSERT INTO projects (proj_name, description, eng_type, region) VALUES ('tikihceafe', 'oxcnrwablstndslvvoqdwfhobwbxfb', 'SEC', 'GLOBAL');
INSERT INTO project_budgets (proj_name, budget) VALUES ('tikihceafe', 68000);
INSERT INTO projects (proj_name, description, eng_type, region) VALUES ('wrojuvqrqb', 'stibwbozpmcannxxphuhogvdlzvjzh', 'SEC', 'APAC');
INSERT INTO project_budgets (proj_name, budget) VALUES ('wrojuvqrqb', 59000);
INSERT INTO projects (proj_name, description, eng_type, region) VALUES ('napvnxobzy', 'citjvznjvhislqizpocyohbadmzscu', 'SEC', 'SG');
INSERT INTO project_budgets (proj_name, budget) VALUES ('napvnxobzy', 50000);
INSERT INTO projects (proj_name, description, eng_type, region) VALUES ('lpqzusgdsf', 'cqrlfrvsddmownczzzssztyhrowyph', 'SEC', 'HK');
INSERT INTO project_budgets (proj_name, budget) VALUES ('lpqzusgdsf', 50000);
INSERT INTO projects (proj_name, description, eng_type, region) VALUES ('mzqbmvzvto', 'qcfdnfhfmucdmeiwohwhwjryocuria', 'SEC', 'EMEA');
INSERT INTO project_budgets (proj_name, budget) VALUES ('mzqbmvzvto', 39000);
INSERT INTO projects (proj_name, description, eng_type, region) VALUES ('pwbakovcvy', 'dymbumghsqfdjbdzmsvfwmldknkiiw', 'SEC', 'LON');
INSERT INTO project_budgets (proj_name, budget) VALUES ('pwbakovcvy', 67000);
INSERT INTO projects (proj_name, description, eng_type, region) VALUES ('kzepqdrhxk', 'irjtkrcodycsxtkdwhevnkvyxwozag', 'SEC', 'PAR');
INSERT INTO project_budgets (proj_name, budget) VALUES ('kzepqdrhxk', 88000);
INSERT INTO projects (proj_name, description, eng_type, region) VALUES ('klkktgjwvl', 'khdjgoxyludxwryowsfkbgozskoaqw', 'SEC', 'AMER');
INSERT INTO project_budgets (proj_name, budget) VALUES ('klkktgjwvl', 74000);
INSERT INTO projects (proj_name, description, eng_type, region) VALUES ('lfwbudplhm', 'kopyvhvrpdisfqrlulfskznxfqlqvj', 'SEC', 'NY');
INSERT INTO project_budgets (proj_name, budget) VALUES ('lfwbudplhm', 77000);
INSERT INTO projects (proj_name, description, eng_type, region) VALUES ('ypplgcsuor', 'hazqcmztwrxyyukyrrdzjsdgmaniwt', 'SEC', 'SF');
INSERT INTO project_budgets (proj_name, budget) VALUES ('ypplgcsuor', 47000);
INSERT INTO projects (proj_name, description, eng_type, region) VALUES ('bviircbeea', 'nzoymmmhvghrgsandtglkheezibcdx', 'SEC', 'GLOBAL');
INSERT INTO project_budgets (proj_name, budget) VALUES ('bviircbeea', 57000);
INSERT INTO projects (proj_name, description, eng_type, region) VALUES ('zfmfbbucgu', 'pgsvmewroxvelbvrzolramvrwbpzhx', 'SEC', 'APAC');
INSERT INTO project_budgets (proj_name, budget) VALUES ('zfmfbbucgu', 78000);
INSERT INTO projects (proj_name, description, eng_type, region) VALUES ('qojkcjxetp', 'wzznwxoaxijdhhngmgwtxyakepnjof', 'SEC', 'SG');
INSERT INTO project_budgets (proj_name, budget) VALUES ('qojkcjxetp', 70000);
INSERT INTO projects (proj_name, description, eng_type, region) VALUES ('fzahfrgqmp', 'kzusyfxdzmkxaxnimszscgttsnbpsy', 'SEC', 'HK');
INSERT INTO project_budgets (proj_name, budget) VALUES ('fzahfrgqmp', 84000);
INSERT INTO projects (proj_name, description, eng_type, region) VALUES ('ivhthtalqk', 'akgyhxssmozkoecfjtgbtewhswylrx', 'SEC', 'EMEA');
INSERT INTO project_budgets (proj_name, budget) VALUES ('ivhthtalqk', 66000);
INSERT INTO projects (proj_name, description, eng_type, region) VALUES ('cxdfyrkzwd', 'onluxkqmttvletagrfheflfgyqjusr', 'SEC', 'LON');
INSERT INTO project_budgets (proj_name, budget) VALUES ('cxdfyrkzwd', 44000);
INSERT INTO projects (proj_name, description, eng_type, region) VALUES ('ochgyiwpjx', 'aexwibbdqnqqwgmrlejdyzxyeukndw', 'SEC', 'PAR');
INSERT INTO project_budgets (proj_name, budget) VALUES ('ochgyiwpjx', 67000);
INSERT INTO projects (proj_name, description, eng_type, region) VALUES ('zmvjwttria', 'nxxxqhukkhaeqkowqekjxptcbfysnw', 'SEC', 'AMER');
INSERT INTO project_budgets (proj_name, budget) VALUES ('zmvjwttria', 44000);
INSERT INTO projects (proj_name, description, eng_type, region) VALUES ('cqmyouomsy', 'xrsvmyynirsciorvhnubqjaxlxcpio', 'SEC', 'NY');
INSERT INTO project_budgets (proj_name, budget) VALUES ('cqmyouomsy', 57000);
INSERT INTO projects (proj_name, description, eng_type, region) VALUES ('aqznwaouwz', 'lkvjevfjpsjqqxevsohuewytxdidzp', 'SEC', 'SF');
INSERT INTO project_budgets (proj_name, budget) VALUES ('aqznwaouwz', 94000);
INSERT INTO projects (proj_name, description, eng_type, region) VALUES ('uwwvvspbmu', 'fotugzkjzlaznwssvzpbtbodpwdzjs', 'SEC', 'GLOBAL');
INSERT INTO project_budgets (proj_name, budget) VALUES ('uwwvvspbmu', 74000);
INSERT INTO projects (proj_name, description, eng_type, region) VALUES ('fphaodmppi', 'pmzpvfpxnyaybnciistgrrktdfoyaw', 'SEC', 'APAC');
INSERT INTO project_budgets (proj_name, budget) VALUES ('fphaodmppi', 70000);
INSERT INTO projects (proj_name, description, eng_type, region) VALUES ('bhfipxkkco', 'ruyowhgpgwknctpidwzznrjzuwxrix', 'SEC', 'SG');
INSERT INTO project_budgets (proj_name, budget) VALUES ('bhfipxkkco', 62000);
INSERT INTO projects (proj_name, description, eng_type, region) VALUES ('obcfcrloky', 'sasqyotngloknljormgtrhlcghjwkx', 'SEC', 'HK');
INSERT INTO project_budgets (proj_name, budget) VALUES ('obcfcrloky', 52000);
INSERT INTO projects (proj_name, description, eng_type, region) VALUES ('imyowzauud', 'hpncfoovybqsgyhxergktsjercqebz', 'SEC', 'EMEA');
INSERT INTO project_budgets (proj_name, budget) VALUES ('imyowzauud', 52000);
INSERT INTO projects (proj_name, description, eng_type, region) VALUES ('qpdgildkkw', 'jfebcffoaazwdrwslfeskoajuwjlyh', 'SEC', 'LON');
INSERT INTO project_budgets (proj_name, budget) VALUES ('qpdgildkkw', 71000);
INSERT INTO projects (proj_name, description, eng_type, region) VALUES ('mnyqohawug', 'rgjwtihyzmyzqqdriuqkxebzcbbrkh', 'SEC', 'PAR');
INSERT INTO project_budgets (proj_name, budget) VALUES ('mnyqohawug', 56000);
INSERT INTO projects (proj_name, description, eng_type, region) VALUES ('rymgecqmch', 'pzarqxtfqqcwprpcekwneifneuinyv', 'SEC', 'AMER');
INSERT INTO project_budgets (proj_name, budget) VALUES ('rymgecqmch', 47000);
INSERT INTO projects (proj_name, description, eng_type, region) VALUES ('aqfaisebzc', 'dhdutbgiykoyyehxmcmdcomkzleypy', 'SEC', 'NY');
INSERT INTO project_budgets (proj_name, budget) VALUES ('aqfaisebzc', 36000);
INSERT INTO projects (proj_name, description, eng_type, region) VALUES ('ymwsurmlqg', 'fkoogduvpfpxnmubinzfdahxpursmh', 'SEC', 'SF');
INSERT INTO project_budgets (proj_name, budget) VALUES ('ymwsurmlqg', 68000);
INSERT INTO projects (proj_name, description, eng_type, region) VALUES ('ugjmlpwgxz', 'limzvxgbqmvdypjnffrupbyzurtpag', 'DOPS', 'GLOBAL');
INSERT INTO project_budgets (proj_name, budget) VALUES ('ugjmlpwgxz', 54000);
INSERT INTO projects (proj_name, description, eng_type, region) VALUES ('qxskxgshxu', 'xyihfurrzopgvgyhimilsxtnlekevs', 'DOPS', 'APAC');
INSERT INTO project_budgets (proj_name, budget) VALUES ('qxskxgshxu', 49000);
INSERT INTO projects (proj_name, description, eng_type, region) VALUES ('aagjptszqz', 'lygrblwpovbaonrdfdvjfozourtyvb', 'DOPS', 'SG');
INSERT INTO project_budgets (proj_name, budget) VALUES ('aagjptszqz', 40000);
INSERT INTO projects (proj_name, description, eng_type, region) VALUES ('tdogrunocv', 'bfpuwjpvgphvwfqotdkpoxgbmekkwy', 'DOPS', 'HK');
INSERT INTO project_budgets (proj_name, budget) VALUES ('tdogrunocv', 63000);
INSERT INTO projects (proj_name, description, eng_type, region) VALUES ('eduyuanxfe', 'qmizjqfmrsujgjnnttcglgwixyzcxq', 'DOPS', 'EMEA');
INSERT INTO project_budgets (proj_name, budget) VALUES ('eduyuanxfe', 49000);
INSERT INTO projects (proj_name, description, eng_type, region) VALUES ('odudkzdbbo', 'escwkidcsmsarldakfliqkkauifaxs', 'DOPS', 'LON');
INSERT INTO project_budgets (proj_name, budget) VALUES ('odudkzdbbo', 100000);
INSERT INTO projects (proj_name, description, eng_type, region) VALUES ('nmpiarjfgg', 'sbsnvkuvorcrbosvcmsiwpwwskbfhk', 'DOPS', 'PAR');
INSERT INTO project_budgets (proj_name, budget) VALUES ('nmpiarjfgg', 45000);
INSERT INTO projects (proj_name, description, eng_type, region) VALUES ('qcimbdczmy', 'zkknbmkaphmfecvrguvmhkyiwsfogr', 'DOPS', 'AMER');
INSERT INTO project_budgets (proj_name, budget) VALUES ('qcimbdczmy', 80000);
INSERT INTO projects (proj_name, description, eng_type, region) VALUES ('muvlbujzbh', 'xkzjuwsvstakhrvatznczruknyggmv', 'DOPS', 'NY');
INSERT INTO project_budgets (proj_name, budget) VALUES ('muvlbujzbh', 35000);
INSERT INTO projects (proj_name, description, eng_type, region) VALUES ('eaufeorwib', 'ydhmusxfcthyixawildcdmfrkvrnmr', 'DOPS', 'SF');
INSERT INTO project_budgets (proj_name, budget) VALUES ('eaufeorwib', 58000);
INSERT INTO projects (proj_name, description, eng_type, region) VALUES ('gjnnlhwtgv', 'eawuossxfttydxwkqkpaujhisxxaez', 'DOPS', 'GLOBAL');
INSERT INTO project_budgets (proj_name, budget) VALUES ('gjnnlhwtgv', 63000);
INSERT INTO projects (proj_name, description, eng_type, region) VALUES ('loqbtqmrjy', 'oadzdkcxvqzrefufdpzzbkfduimfzq', 'DOPS', 'APAC');
INSERT INTO project_budgets (proj_name, budget) VALUES ('loqbtqmrjy', 70000);
INSERT INTO projects (proj_name, description, eng_type, region) VALUES ('mgnayqbqvv', 'uaabbekondjzxqxkpezrhamfruoaav', 'DOPS', 'SG');
INSERT INTO project_budgets (proj_name, budget) VALUES ('mgnayqbqvv', 83000);
INSERT INTO projects (proj_name, description, eng_type, region) VALUES ('uvaxfweedw', 'snonagyyyrtsfawewbeasfixkexriu', 'DOPS', 'HK');
INSERT INTO project_budgets (proj_name, budget) VALUES ('uvaxfweedw', 75000);
INSERT INTO projects (proj_name, description, eng_type, region) VALUES ('ybmpixvfcl', 'jrnvailhvqeyuhyceatrnfetsvdiym', 'DOPS', 'EMEA');
INSERT INTO project_budgets (proj_name, budget) VALUES ('ybmpixvfcl', 78000);
INSERT INTO projects (proj_name, description, eng_type, region) VALUES ('ultmhnopaf', 'kbgrsdvzexjvdwhnocpxyyedwuoggb', 'DOPS', 'LON');
INSERT INTO project_budgets (proj_name, budget) VALUES ('ultmhnopaf', 87000);
INSERT INTO projects (proj_name, description, eng_type, region) VALUES ('tbwgoycfss', 'ryejjftgmjcgoobmxjjstudbltvppm', 'DOPS', 'PAR');
INSERT INTO project_budgets (proj_name, budget) VALUES ('tbwgoycfss', 97000);
INSERT INTO projects (proj_name, description, eng_type, region) VALUES ('uujszfeovw', 'ufddjdasiatahnlqcjodcvferfuqfc', 'DOPS', 'AMER');
INSERT INTO project_budgets (proj_name, budget) VALUES ('uujszfeovw', 60000);
INSERT INTO projects (proj_name, description, eng_type, region) VALUES ('mntptoxswu', 'atemowksdepmubowvptoqifcmlozji', 'DOPS', 'NY');
INSERT INTO project_budgets (proj_name, budget) VALUES ('mntptoxswu', 30000);
INSERT INTO projects (proj_name, description, eng_type, region) VALUES ('xowfqwugds', 'srpmqllbdsdainzqlmynortqpderuf', 'DOPS', 'SF');
INSERT INTO project_budgets (proj_name, budget) VALUES ('xowfqwugds', 100000);
INSERT INTO projects (proj_name, description, eng_type, region) VALUES ('qqibphxsoa', 'ypvsndnkqsupqeapbvhowmjhkabqus', 'DOPS', 'GLOBAL');
INSERT INTO project_budgets (proj_name, budget) VALUES ('qqibphxsoa', 33000);
INSERT INTO projects (proj_name, description, eng_type, region) VALUES ('xdvyvvnbki', 'luxsqkupuziczspgywcciicsutwyor', 'DOPS', 'APAC');
INSERT INTO project_budgets (proj_name, budget) VALUES ('xdvyvvnbki', 48000);
INSERT INTO projects (proj_name, description, eng_type, region) VALUES ('crzhvkmvyl', 'yycfofskyvkrypkygadeevqtkarqsd', 'DOPS', 'SG');
INSERT INTO project_budgets (proj_name, budget) VALUES ('crzhvkmvyl', 72000);
INSERT INTO projects (proj_name, description, eng_type, region) VALUES ('rpwmpuylnt', 'fphzeyyglageaukrgwilzlizjpdajm', 'DOPS', 'HK');
INSERT INTO project_budgets (proj_name, budget) VALUES ('rpwmpuylnt', 74000);
INSERT INTO projects (proj_name, description, eng_type, region) VALUES ('scoufulzbn', 'wigqikjyzpieykeiklqomnzbtvpace', 'DOPS', 'EMEA');
INSERT INTO project_budgets (proj_name, budget) VALUES ('scoufulzbn', 33000);
INSERT INTO projects (proj_name, description, eng_type, region) VALUES ('kbtnftuimb', 'dbfxrmomxpsoomsvmnnlqlybmujhpd', 'DOPS', 'LON');
INSERT INTO project_budgets (proj_name, budget) VALUES ('kbtnftuimb', 80000);
INSERT INTO projects (proj_name, description, eng_type, region) VALUES ('hgvlfiokvr', 'kiumgqeahpowpotghrkwjulgpxuwpf', 'DOPS', 'PAR');
INSERT INTO project_budgets (proj_name, budget) VALUES ('hgvlfiokvr', 55000);
INSERT INTO projects (proj_name, description, eng_type, region) VALUES ('pxgzxaadfu', 'bfplqjaaovfmqmzebfogokkhcjvzpw', 'DOPS', 'AMER');
INSERT INTO project_budgets (proj_name, budget) VALUES ('pxgzxaadfu', 69000);
INSERT INTO projects (proj_name, description, eng_type, region) VALUES ('luifextmcz', 'mqtvlzqlrajqbupzhfnoynipmygqlx', 'DOPS', 'NY');
INSERT INTO project_budgets (proj_name, budget) VALUES ('luifextmcz', 82000);
INSERT INTO projects (proj_name, description, eng_type, region) VALUES ('tosracfegd', 'dymjhujetlldfyhjouamnfpiabpkbi', 'DOPS', 'SF');
INSERT INTO project_budgets (proj_name, budget) VALUES ('tosracfegd', 82000);
INSERT INTO projects (proj_name, description, eng_type, region) VALUES ('vtrfpqtqol', 'abvflxqfpqyebpzxvrfoecunpondyh', 'FE', 'GLOBAL');
INSERT INTO project_budgets (proj_name, budget) VALUES ('vtrfpqtqol', 32000);
INSERT INTO projects (proj_name, description, eng_type, region) VALUES ('nfnmzjwqky', 'vgxczutqvfqgmtwgwtbnhgnfpstzkx', 'FE', 'APAC');
INSERT INTO project_budgets (proj_name, budget) VALUES ('nfnmzjwqky', 58000);
INSERT INTO projects (proj_name, description, eng_type, region) VALUES ('wbscbhglkz', 'aeeftsaafzkmlztjcvbkajgsjupiyu', 'FE', 'SG');
INSERT INTO project_budgets (proj_name, budget) VALUES ('wbscbhglkz', 69000);
INSERT INTO projects (proj_name, description, eng_type, region) VALUES ('pnhqrkirjj', 'knobzhaghsymmndfwyrkekcfmeopvh', 'FE', 'HK');
INSERT INTO project_budgets (proj_name, budget) VALUES ('pnhqrkirjj', 63000);
INSERT INTO projects (proj_name, description, eng_type, region) VALUES ('bcdxxprfbz', 'esxvmgepunxzstslslgmmutzkytqal', 'FE', 'EMEA');
INSERT INTO project_budgets (proj_name, budget) VALUES ('bcdxxprfbz', 52000);
INSERT INTO projects (proj_name, description, eng_type, region) VALUES ('imkjraxcls', 'oebzusezaomjqxmnabnzmqdoeriqdi', 'FE', 'LON');
INSERT INTO project_budgets (proj_name, budget) VALUES ('imkjraxcls', 64000);
INSERT INTO projects (proj_name, description, eng_type, region) VALUES ('fnvemxawor', 'ecgqupkuawyxdmfhyxgypdkyjuhitu', 'FE', 'PAR');
INSERT INTO project_budgets (proj_name, budget) VALUES ('fnvemxawor', 53000);
INSERT INTO projects (proj_name, description, eng_type, region) VALUES ('ughqxexxqz', 'wkjixtbvpbdzvfpoewktyxbhygzvxu', 'FE', 'AMER');
INSERT INTO project_budgets (proj_name, budget) VALUES ('ughqxexxqz', 68000);
INSERT INTO projects (proj_name, description, eng_type, region) VALUES ('pxlpsoqzfw', 'tcafcngefjqgxhenddvnqortlnwsxv', 'FE', 'NY');
INSERT INTO project_budgets (proj_name, budget) VALUES ('pxlpsoqzfw', 81000);
INSERT INTO projects (proj_name, description, eng_type, region) VALUES ('dzctmpdyob', 'ofudoyotuiklremttgahsfxcloerox', 'FE', 'SF');
INSERT INTO project_budgets (proj_name, budget) VALUES ('dzctmpdyob', 39000);
INSERT INTO projects (proj_name, description, eng_type, region) VALUES ('yplggwisxn', 'xsoefxcyumkxayjnrvlgspyymoshlx', 'FE', 'GLOBAL');
INSERT INTO project_budgets (proj_name, budget) VALUES ('yplggwisxn', 94000);
INSERT INTO projects (proj_name, description, eng_type, region) VALUES ('wrncpbvuhi', 'ultwoxkpiffivndpprnarxmxscygzd', 'FE', 'APAC');
INSERT INTO project_budgets (proj_name, budget) VALUES ('wrncpbvuhi', 43000);
INSERT INTO projects (proj_name, description, eng_type, region) VALUES ('mnvrqqzrqi', 'hjxkbsnseydhqvupbyjfevnsuivksj', 'FE', 'SG');
INSERT INTO project_budgets (proj_name, budget) VALUES ('mnvrqqzrqi', 57000);
INSERT INTO projects (proj_name, description, eng_type, region) VALUES ('skmzmaexoq', 'kpgnublkhglvyhnjlplhmvdtpwilog', 'FE', 'HK');
INSERT INTO project_budgets (proj_name, budget) VALUES ('skmzmaexoq', 61000);
INSERT INTO projects (proj_name, description, eng_type, region) VALUES ('urcfyvxnve', 'wryrlfgddfoqyepglicxvyukjdqekp', 'FE', 'EMEA');
INSERT INTO project_budgets (proj_name, budget) VALUES ('urcfyvxnve', 93000);
INSERT INTO projects (proj_name, description, eng_type, region) VALUES ('akmwzaqlfz', 'wsjkrzouuoyzycujyeamgnzqhcbzed', 'FE', 'LON');
INSERT INTO project_budgets (proj_name, budget) VALUES ('akmwzaqlfz', 70000);
INSERT INTO projects (proj_name, description, eng_type, region) VALUES ('xpgepvqdnz', 'tswquqrlxebulifqbpjjienzlgzmro', 'FE', 'PAR');
INSERT INTO project_budgets (proj_name, budget) VALUES ('xpgepvqdnz', 82000);
INSERT INTO projects (proj_name, description, eng_type, region) VALUES ('gwpgejxaub', 'dcmdrxqtwnkdnyayjfmybvbkbprvso', 'FE', 'AMER');
INSERT INTO project_budgets (proj_name, budget) VALUES ('gwpgejxaub', 81000);
INSERT INTO projects (proj_name, description, eng_type, region) VALUES ('wuoarujlqp', 'qxxeekcbrbtuutvrahmyrrccwciqvq', 'FE', 'NY');
INSERT INTO project_budgets (proj_name, budget) VALUES ('wuoarujlqp', 63000);
INSERT INTO projects (proj_name, description, eng_type, region) VALUES ('dhqidxecdq', 'rtqozqiwxblpbwqiikmpzpevrdwiau', 'FE', 'SF');
INSERT INTO project_budgets (proj_name, budget) VALUES ('dhqidxecdq', 57000);
INSERT INTO projects (proj_name, description, eng_type, region) VALUES ('tkqwszbmhn', 'jscjqsiwmqoctocrqihcwmnqrwycip', 'FE', 'GLOBAL');
INSERT INTO project_budgets (proj_name, budget) VALUES ('tkqwszbmhn', 35000);
INSERT INTO projects (proj_name, description, eng_type, region) VALUES ('wuhlqpudxy', 'qxrhwienthhcjbdjooohjgdcssanps', 'FE', 'APAC');
INSERT INTO project_budgets (proj_name, budget) VALUES ('wuhlqpudxy', 47000);
INSERT INTO projects (proj_name, description, eng_type, region) VALUES ('zdytmczgbt', 'haljnobqasifvafbdcjtgxhhkruvbj', 'FE', 'SG');
INSERT INTO project_budgets (proj_name, budget) VALUES ('zdytmczgbt', 74000);
INSERT INTO projects (proj_name, description, eng_type, region) VALUES ('vpplmrilrq', 'aphlybbqscpwxuymfyvixpirfyiymk', 'FE', 'HK');
INSERT INTO project_budgets (proj_name, budget) VALUES ('vpplmrilrq', 60000);
INSERT INTO projects (proj_name, description, eng_type, region) VALUES ('xwuqtvyqls', 'sodigiaiervbclvzocwknhycfnndlv', 'FE', 'EMEA');
INSERT INTO project_budgets (proj_name, budget) VALUES ('xwuqtvyqls', 50000);
INSERT INTO projects (proj_name, description, eng_type, region) VALUES ('wvkvjuabti', 'fnnucwjrhhvnwkrfvahonnummnvcwe', 'FE', 'LON');
INSERT INTO project_budgets (proj_name, budget) VALUES ('wvkvjuabti', 93000);
INSERT INTO projects (proj_name, description, eng_type, region) VALUES ('roqudzpdrk', 'hjcgicslrdfddnfgbdecazcunbpfhr', 'FE', 'PAR');
INSERT INTO project_budgets (proj_name, budget) VALUES ('roqudzpdrk', 85000);
INSERT INTO projects (proj_name, description, eng_type, region) VALUES ('jfwcszzacl', 'tvieacbfgwcoretqrehlwsahbzuyww', 'FE', 'AMER');
INSERT INTO project_budgets (proj_name, budget) VALUES ('jfwcszzacl', 81000);
INSERT INTO projects (proj_name, description, eng_type, region) VALUES ('jrhrzwbbfd', 'ampugwidgvfwkyabrowglliyrvbbzk', 'FE', 'NY');
INSERT INTO project_budgets (proj_name, budget) VALUES ('jrhrzwbbfd', 80000);
INSERT INTO projects (proj_name, description, eng_type, region) VALUES ('rhlouplgbr', 'tvevhucxdfeiexlmwnhnxsuupozlyr', 'FE', 'SF');
INSERT INTO project_budgets (proj_name, budget) VALUES ('rhlouplgbr', 38000);
INSERT INTO projects (proj_name, description, eng_type, region) VALUES ('tipcbwvotx', 'qricwkkeszddrbvauxmcdxirtlkdmd', 'BE', 'GLOBAL');
INSERT INTO project_budgets (proj_name, budget) VALUES ('tipcbwvotx', 40000);
INSERT INTO projects (proj_name, description, eng_type, region) VALUES ('aobiwdbpdw', 'qyiwffhvcejyecnlqbeaclpwtwsnio', 'BE', 'APAC');
INSERT INTO project_budgets (proj_name, budget) VALUES ('aobiwdbpdw', 36000);
INSERT INTO projects (proj_name, description, eng_type, region) VALUES ('fbaflszpnl', 'gqkjjvhxgiprjclzviccyixtijqzhq', 'BE', 'SG');
INSERT INTO project_budgets (proj_name, budget) VALUES ('fbaflszpnl', 54000);
INSERT INTO projects (proj_name, description, eng_type, region) VALUES ('xyubeajrnu', 'nvkowuzdposnfrqiwnfuskgrhmplgj', 'BE', 'HK');
INSERT INTO project_budgets (proj_name, budget) VALUES ('xyubeajrnu', 73000);
INSERT INTO projects (proj_name, description, eng_type, region) VALUES ('dwupqpuvds', 'uxtcdaolslfthahovkeweosenjgdkq', 'BE', 'EMEA');
INSERT INTO project_budgets (proj_name, budget) VALUES ('dwupqpuvds', 59000);
INSERT INTO projects (proj_name, description, eng_type, region) VALUES ('uloondufqu', 'dtscyqjirmmfphzkxjnrbscukqnxvc', 'BE', 'LON');
INSERT INTO project_budgets (proj_name, budget) VALUES ('uloondufqu', 43000);
INSERT INTO projects (proj_name, description, eng_type, region) VALUES ('kthsvkvbio', 'daohuzrpjthsrwiqzcvasmwdlcyztt', 'BE', 'PAR');
INSERT INTO project_budgets (proj_name, budget) VALUES ('kthsvkvbio', 96000);
INSERT INTO projects (proj_name, description, eng_type, region) VALUES ('dqjnlmqtxf', 'hsrqhsmxcliemnsdaxenxycajnaucw', 'BE', 'AMER');
INSERT INTO project_budgets (proj_name, budget) VALUES ('dqjnlmqtxf', 58000);
INSERT INTO projects (proj_name, description, eng_type, region) VALUES ('tvhhtpazqv', 'gvrfzazondkvfsfnxkyexusyhhgcch', 'BE', 'NY');
INSERT INTO project_budgets (proj_name, budget) VALUES ('tvhhtpazqv', 68000);
INSERT INTO projects (proj_name, description, eng_type, region) VALUES ('yassgwwzvd', 'ojsmtnzzznizgqyslzctnhfkafbsaz', 'BE', 'SF');
INSERT INTO project_budgets (proj_name, budget) VALUES ('yassgwwzvd', 35000);
INSERT INTO projects (proj_name, description, eng_type, region) VALUES ('zbklryawst', 'ieidlzwowocntzabmpblkpoqwzzwck', 'BE', 'GLOBAL');
INSERT INTO project_budgets (proj_name, budget) VALUES ('zbklryawst', 93000);
INSERT INTO projects (proj_name, description, eng_type, region) VALUES ('ivxaajociu', 'akwrnyprzvfrfojelprgsbulswgkht', 'BE', 'APAC');
INSERT INTO project_budgets (proj_name, budget) VALUES ('ivxaajociu', 38000);
INSERT INTO projects (proj_name, description, eng_type, region) VALUES ('xczrpqxcun', 'bwxkgtazwvksewysqkpinhonwizuyq', 'BE', 'SG');
INSERT INTO project_budgets (proj_name, budget) VALUES ('xczrpqxcun', 31000);
INSERT INTO projects (proj_name, description, eng_type, region) VALUES ('cordwmrwjo', 'koljtaagdjvfwkzopdapxzvpwytvuc', 'BE', 'HK');
INSERT INTO project_budgets (proj_name, budget) VALUES ('cordwmrwjo', 41000);
INSERT INTO projects (proj_name, description, eng_type, region) VALUES ('sczzbehsdh', 'hdcqflshsbahmovlwyrlsywszhtpew', 'BE', 'EMEA');
INSERT INTO project_budgets (proj_name, budget) VALUES ('sczzbehsdh', 95000);
INSERT INTO projects (proj_name, description, eng_type, region) VALUES ('uucbmwqsce', 'dbirqdkxtxuqarkzckayqteafqmxse', 'BE', 'LON');
INSERT INTO project_budgets (proj_name, budget) VALUES ('uucbmwqsce', 42000);
INSERT INTO projects (proj_name, description, eng_type, region) VALUES ('pjmpaiwuxp', 'tmmskcobgzltftswxrcyxnpjheydsv', 'BE', 'PAR');
INSERT INTO project_budgets (proj_name, budget) VALUES ('pjmpaiwuxp', 44000);
INSERT INTO projects (proj_name, description, eng_type, region) VALUES ('hewclxkpos', 'vrlgaclftalmbnhctgupmaevvcqwmc', 'BE', 'AMER');
INSERT INTO project_budgets (proj_name, budget) VALUES ('hewclxkpos', 76000);
INSERT INTO projects (proj_name, description, eng_type, region) VALUES ('maejkotyki', 'unnghajbcyafhoeiqbwdhbnwfubdxm', 'BE', 'NY');
INSERT INTO project_budgets (proj_name, budget) VALUES ('maejkotyki', 65000);
INSERT INTO projects (proj_name, description, eng_type, region) VALUES ('bjuekvrdiv', 'mgzyqumozjrmtitzxjdbezbtitjjue', 'BE', 'SF');
INSERT INTO project_budgets (proj_name, budget) VALUES ('bjuekvrdiv', 59000);
INSERT INTO projects (proj_name, description, eng_type, region) VALUES ('nspnagyzod', 'goizwyuhjbwdbwayfjanbnphickitg', 'BE', 'GLOBAL');
INSERT INTO project_budgets (proj_name, budget) VALUES ('nspnagyzod', 50000);
INSERT INTO projects (proj_name, description, eng_type, region) VALUES ('mibegloywb', 'qwwmdsfvksykvczilmavbermzpjpad', 'BE', 'APAC');
INSERT INTO project_budgets (proj_name, budget) VALUES ('mibegloywb', 69000);
INSERT INTO projects (proj_name, description, eng_type, region) VALUES ('wwvcmvzuvu', 'ckotxtppcbnavrfhjrvrcibwvxksvi', 'BE', 'SG');
INSERT INTO project_budgets (proj_name, budget) VALUES ('wwvcmvzuvu', 76000);
INSERT INTO projects (proj_name, description, eng_type, region) VALUES ('ojmrxhfyra', 'lheukryznbivovwcokcacwzdbolntt', 'BE', 'HK');
INSERT INTO project_budgets (proj_name, budget) VALUES ('ojmrxhfyra', 90000);
INSERT INTO projects (proj_name, description, eng_type, region) VALUES ('fbymgejgll', 'pfgsctgzdvnuqvzslyppqcegmbhoab', 'BE', 'EMEA');
INSERT INTO project_budgets (proj_name, budget) VALUES ('fbymgejgll', 82000);
INSERT INTO projects (proj_name, description, eng_type, region) VALUES ('xnqugildik', 'laixbmumqnegrtrdgmfhcivbtxsxlq', 'BE', 'LON');
INSERT INTO project_budgets (proj_name, budget) VALUES ('xnqugildik', 61000);
INSERT INTO projects (proj_name, description, eng_type, region) VALUES ('tpctnsksne', 'mmxgkwicxzgvjtzucpfsxtqmatynnx', 'BE', 'PAR');
INSERT INTO project_budgets (proj_name, budget) VALUES ('tpctnsksne', 82000);
INSERT INTO projects (proj_name, description, eng_type, region) VALUES ('yqvhssinsk', 'zsvqbxzrzhhxndqthmjbbqgiwdksqk', 'BE', 'AMER');
INSERT INTO project_budgets (proj_name, budget) VALUES ('yqvhssinsk', 34000);
INSERT INTO projects (proj_name, description, eng_type, region) VALUES ('bvtunyditx', 'pimkciwhwblppstqdrrggxqdofxbls', 'BE', 'NY');
INSERT INTO project_budgets (proj_name, budget) VALUES ('bvtunyditx', 99000);
INSERT INTO projects (proj_name, description, eng_type, region) VALUES ('swwyrfaicy', 'mfuafllmmqfektoykuihojcwkdbdks', 'BE', 'SF');
INSERT INTO project_budgets (proj_name, budget) VALUES ('swwyrfaicy', 69000);
INSERT INTO projects (proj_name, description, eng_type, region) VALUES ('bqwcxfulfi', 'yegrebzjquhdekpnnccsemxxlczvum', 'SEC', 'GLOBAL');
INSERT INTO project_budgets (proj_name, budget) VALUES ('bqwcxfulfi', 66000);
INSERT INTO projects (proj_name, description, eng_type, region) VALUES ('tgkpunadza', 'mlvzibvbcpexgjhbrjpyywbfvlhvuy', 'SEC', 'APAC');
INSERT INTO project_budgets (proj_name, budget) VALUES ('tgkpunadza', 46000);
INSERT INTO projects (proj_name, description, eng_type, region) VALUES ('sbgkpgrehl', 'eldaionlaelcrzwyietudihehazbhb', 'SEC', 'SG');
INSERT INTO project_budgets (proj_name, budget) VALUES ('sbgkpgrehl', 46000);
INSERT INTO projects (proj_name, description, eng_type, region) VALUES ('wdhrfdzvtd', 'giknpuwbkgqqgthvpcdtyndktrthsz', 'SEC', 'HK');
INSERT INTO project_budgets (proj_name, budget) VALUES ('wdhrfdzvtd', 36000);
INSERT INTO projects (proj_name, description, eng_type, region) VALUES ('vzbkgvcxqr', 'asggngwzrbbcrollkmyuborhbayyjq', 'SEC', 'EMEA');
INSERT INTO project_budgets (proj_name, budget) VALUES ('vzbkgvcxqr', 46000);
INSERT INTO projects (proj_name, description, eng_type, region) VALUES ('fqyxpqfrlt', 'yxaopevntgmgopjlmiajjdxodbopwq', 'SEC', 'LON');
INSERT INTO project_budgets (proj_name, budget) VALUES ('fqyxpqfrlt', 47000);
INSERT INTO projects (proj_name, description, eng_type, region) VALUES ('tyhvnqejlz', 'jsfbpmbewgbypyjlaxojmwxuzkfeee', 'SEC', 'PAR');
INSERT INTO project_budgets (proj_name, budget) VALUES ('tyhvnqejlz', 76000);
INSERT INTO projects (proj_name, description, eng_type, region) VALUES ('eckyzkjmtx', 'sdeczczbngaenxobooufswgnbfoxbm', 'SEC', 'AMER');
INSERT INTO project_budgets (proj_name, budget) VALUES ('eckyzkjmtx', 48000);
INSERT INTO projects (proj_name, description, eng_type, region) VALUES ('xgrltyibno', 'lssrhfrtdtlpdwmkzqcpjsqxtsnnqk', 'SEC', 'NY');
INSERT INTO project_budgets (proj_name, budget) VALUES ('xgrltyibno', 90000);
INSERT INTO projects (proj_name, description, eng_type, region) VALUES ('obvkqfaoki', 'ennisqmxuljtzxxttezmlfnjqxseox', 'SEC', 'SF');
INSERT INTO project_budgets (proj_name, budget) VALUES ('obvkqfaoki', 82000);
INSERT INTO projects (proj_name, description, eng_type, region) VALUES ('gfaoobiszg', 'lyayltdyfdcepldznjwvnpmkcwxlxn', 'SEC', 'GLOBAL');
INSERT INTO project_budgets (proj_name, budget) VALUES ('gfaoobiszg', 82000);
INSERT INTO projects (proj_name, description, eng_type, region) VALUES ('wusfavrtnc', 'radefgccycuyznflxkntsjauqmttqu', 'SEC', 'APAC');
INSERT INTO project_budgets (proj_name, budget) VALUES ('wusfavrtnc', 97000);
INSERT INTO projects (proj_name, description, eng_type, region) VALUES ('snndqeecza', 'mqvrmevqzdstnpsdsrrxbzdnrewfqx', 'SEC', 'SG');
INSERT INTO project_budgets (proj_name, budget) VALUES ('snndqeecza', 82000);
INSERT INTO projects (proj_name, description, eng_type, region) VALUES ('kblxepsfim', 'pqhocwroqlzkxjcevtgrtebgeyjmvy', 'SEC', 'HK');
INSERT INTO project_budgets (proj_name, budget) VALUES ('kblxepsfim', 84000);
INSERT INTO projects (proj_name, description, eng_type, region) VALUES ('rwlftvwhkd', 'imvpzdedryznqibfmupklvpwznqjbl', 'SEC', 'EMEA');
INSERT INTO project_budgets (proj_name, budget) VALUES ('rwlftvwhkd', 75000);
INSERT INTO projects (proj_name, description, eng_type, region) VALUES ('lpdbmeljmd', 'jsmefeybtfexrawbgssjmfgokmajrl', 'SEC', 'LON');
INSERT INTO project_budgets (proj_name, budget) VALUES ('lpdbmeljmd', 90000);
INSERT INTO projects (proj_name, description, eng_type, region) VALUES ('lbkjlvdjgk', 'njcoqvasdeuyuofbveedvfdwpjdraf', 'SEC', 'PAR');
INSERT INTO project_budgets (proj_name, budget) VALUES ('lbkjlvdjgk', 97000);
INSERT INTO projects (proj_name, description, eng_type, region) VALUES ('styskpsmey', 'pkbgrwtcxomqxwackypzieygbmezcc', 'SEC', 'AMER');
INSERT INTO project_budgets (proj_name, budget) VALUES ('styskpsmey', 60000);
INSERT INTO projects (proj_name, description, eng_type, region) VALUES ('pnwiouzygt', 'echpzkcoduamzhskchvowjijqttumq', 'SEC', 'NY');
INSERT INTO project_budgets (proj_name, budget) VALUES ('pnwiouzygt', 50000);
INSERT INTO projects (proj_name, description, eng_type, region) VALUES ('jxcqaxiwbe', 'qfbptmkpfxttimepshtcqddqcbvbme', 'SEC', 'SF');
INSERT INTO project_budgets (proj_name, budget) VALUES ('jxcqaxiwbe', 62000);
INSERT INTO projects (proj_name, description, eng_type, region) VALUES ('ujilbgktmf', 'kwiruplenkjroktgqfjpjsruqmoenb', 'SEC', 'GLOBAL');
INSERT INTO project_budgets (proj_name, budget) VALUES ('ujilbgktmf', 100000);
INSERT INTO projects (proj_name, description, eng_type, region) VALUES ('kcnqtcrfdd', 'tbubxiuxpbjgndhngpcuqyvxmsawdn', 'SEC', 'APAC');
INSERT INTO project_budgets (proj_name, budget) VALUES ('kcnqtcrfdd', 51000);
INSERT INTO projects (proj_name, description, eng_type, region) VALUES ('bcblmgwzmh', 'mebfrirqdgssivljseqosuycpqnlat', 'SEC', 'SG');
INSERT INTO project_budgets (proj_name, budget) VALUES ('bcblmgwzmh', 81000);
INSERT INTO projects (proj_name, description, eng_type, region) VALUES ('qkfisyqqvm', 'bvkfihjbpsbfshiowxcbgrpxpfuvdw', 'SEC', 'HK');
INSERT INTO project_budgets (proj_name, budget) VALUES ('qkfisyqqvm', 46000);
INSERT INTO projects (proj_name, description, eng_type, region) VALUES ('nvhabyyaow', 'mvebdcvxikfdprckfeskrmfevksxng', 'SEC', 'EMEA');
INSERT INTO project_budgets (proj_name, budget) VALUES ('nvhabyyaow', 44000);
INSERT INTO projects (proj_name, description, eng_type, region) VALUES ('ylckhbbbwe', 'lrhfoatvxbuktlyktrrwsziwvgtymv', 'SEC', 'LON');
INSERT INTO project_budgets (proj_name, budget) VALUES ('ylckhbbbwe', 55000);
INSERT INTO projects (proj_name, description, eng_type, region) VALUES ('esvmwzvjpz', 'jumcwmosaonbmuwupysbueswgdgzas', 'SEC', 'PAR');
INSERT INTO project_budgets (proj_name, budget) VALUES ('esvmwzvjpz', 83000);
INSERT INTO projects (proj_name, description, eng_type, region) VALUES ('sdicjsybdc', 'yoqkqeawfiyoobdgovgruhxmdtzeig', 'SEC', 'AMER');
INSERT INTO project_budgets (proj_name, budget) VALUES ('sdicjsybdc', 46000);
INSERT INTO projects (proj_name, description, eng_type, region) VALUES ('bdsaztoatk', 'wxwbemprsezlmwnpxahjuxgmiaibhm', 'SEC', 'NY');
INSERT INTO project_budgets (proj_name, budget) VALUES ('bdsaztoatk', 56000);
INSERT INTO projects (proj_name, description, eng_type, region) VALUES ('voubxwlabd', 'iwvceuzzyozkppaelfisredzcqiuuv', 'SEC', 'SF');
INSERT INTO project_budgets (proj_name, budget) VALUES ('voubxwlabd', 54000);
INSERT INTO projects (proj_name, description, eng_type, region) VALUES ('xivlvjnblh', 'mxualfaofljbxytxfdbnmkyvrwlvqc', 'DOPS', 'GLOBAL');
INSERT INTO project_budgets (proj_name, budget) VALUES ('xivlvjnblh', 38000);
INSERT INTO projects (proj_name, description, eng_type, region) VALUES ('iticqrpjau', 'wxrugxkemoulfmcxnhartmlwytzmzk', 'DOPS', 'APAC');
INSERT INTO project_budgets (proj_name, budget) VALUES ('iticqrpjau', 78000);
INSERT INTO projects (proj_name, description, eng_type, region) VALUES ('tywvzztntc', 'arcfurhsatzgynxfbcmzkkrbdrypjd', 'DOPS', 'SG');
INSERT INTO project_budgets (proj_name, budget) VALUES ('tywvzztntc', 82000);
INSERT INTO projects (proj_name, description, eng_type, region) VALUES ('iezuflzcgh', 'nhptfcshkjujjtwhjohzsgtjoseomr', 'DOPS', 'HK');
INSERT INTO project_budgets (proj_name, budget) VALUES ('iezuflzcgh', 90000);
INSERT INTO projects (proj_name, description, eng_type, region) VALUES ('pzjnlioxbe', 'obynyyxcsizgncypiuvpgbvkraybua', 'DOPS', 'EMEA');
INSERT INTO project_budgets (proj_name, budget) VALUES ('pzjnlioxbe', 90000);
INSERT INTO projects (proj_name, description, eng_type, region) VALUES ('ladrminhqc', 'hiieobwmlnbhgxzdrwnbvcoxjqcyfo', 'DOPS', 'LON');
INSERT INTO project_budgets (proj_name, budget) VALUES ('ladrminhqc', 89000);
INSERT INTO projects (proj_name, description, eng_type, region) VALUES ('zgzkxjnyge', 'yewezpqrrkxyivufxgajcqjsqvpltr', 'DOPS', 'PAR');
INSERT INTO project_budgets (proj_name, budget) VALUES ('zgzkxjnyge', 31000);
INSERT INTO projects (proj_name, description, eng_type, region) VALUES ('ojmaihntth', 'zozutjkjafrwfdzbathsozyeoikkaa', 'DOPS', 'AMER');
INSERT INTO project_budgets (proj_name, budget) VALUES ('ojmaihntth', 69000);
INSERT INTO projects (proj_name, description, eng_type, region) VALUES ('qmyjjlcvpp', 'muuurfzcyevqqpkyybcvmeobpxdbis', 'DOPS', 'NY');
INSERT INTO project_budgets (proj_name, budget) VALUES ('qmyjjlcvpp', 30000);
INSERT INTO projects (proj_name, description, eng_type, region) VALUES ('flsqoloojs', 'ssjnxcfxpltdwdcyjqicenphgmdgkj', 'DOPS', 'SF');
INSERT INTO project_budgets (proj_name, budget) VALUES ('flsqoloojs', 75000);
INSERT INTO projects (proj_name, description, eng_type, region) VALUES ('fxcdsndnxf', 'jefarfdneqltknlyznjuahgoiingbo', 'DOPS', 'GLOBAL');
INSERT INTO project_budgets (proj_name, budget) VALUES ('fxcdsndnxf', 77000);
INSERT INTO projects (proj_name, description, eng_type, region) VALUES ('avwtybypqa', 'dtplryamyfouwqfqrxuqkestrbynty', 'DOPS', 'APAC');
INSERT INTO project_budgets (proj_name, budget) VALUES ('avwtybypqa', 100000);
INSERT INTO projects (proj_name, description, eng_type, region) VALUES ('vzboyhntpo', 'gxodgnldgblltwftgctdsakiyitxre', 'DOPS', 'SG');
INSERT INTO project_budgets (proj_name, budget) VALUES ('vzboyhntpo', 71000);
INSERT INTO projects (proj_name, description, eng_type, region) VALUES ('jxwzbedvhw', 'xzjyvklzrgjddgarzdddwvaegqxszs', 'DOPS', 'HK');
INSERT INTO project_budgets (proj_name, budget) VALUES ('jxwzbedvhw', 71000);
INSERT INTO projects (proj_name, description, eng_type, region) VALUES ('sjvhitugov', 'fygwvlaokjemgmfnxohljjmjfikyrd', 'DOPS', 'EMEA');
INSERT INTO project_budgets (proj_name, budget) VALUES ('sjvhitugov', 61000);
INSERT INTO projects (proj_name, description, eng_type, region) VALUES ('nrssvqqqhv', 'svkmbvunlapoibyhgiujewjjtyflol', 'DOPS', 'LON');
INSERT INTO project_budgets (proj_name, budget) VALUES ('nrssvqqqhv', 44000);
INSERT INTO projects (proj_name, description, eng_type, region) VALUES ('xwmngwncug', 'dqsqlftgnilcwpjcrrqatvdkyyfpba', 'DOPS', 'PAR');
INSERT INTO project_budgets (proj_name, budget) VALUES ('xwmngwncug', 86000);
INSERT INTO projects (proj_name, description, eng_type, region) VALUES ('zkhwvzbblm', 'oojsgjeukqhookmwvyqgqtukkwmxmb', 'DOPS', 'AMER');
INSERT INTO project_budgets (proj_name, budget) VALUES ('zkhwvzbblm', 46000);
INSERT INTO projects (proj_name, description, eng_type, region) VALUES ('yjbwamvtga', 'ovzcqldadixyynxjuskysunkvmbpof', 'DOPS', 'NY');
INSERT INTO project_budgets (proj_name, budget) VALUES ('yjbwamvtga', 60000);
INSERT INTO projects (proj_name, description, eng_type, region) VALUES ('ekfjjpldcz', 'crrczxxbqjgprqsjepjvxwgnpyxibi', 'DOPS', 'SF');
INSERT INTO project_budgets (proj_name, budget) VALUES ('ekfjjpldcz', 90000);
INSERT INTO projects (proj_name, description, eng_type, region) VALUES ('hvyybcqzvc', 'ubdgwkapqywfsszosbojzrusrvynfx', 'DOPS', 'GLOBAL');
INSERT INTO project_budgets (proj_name, budget) VALUES ('hvyybcqzvc', 47000);
INSERT INTO projects (proj_name, description, eng_type, region) VALUES ('xittoegkrf', 'ndevfdlqgcqrqtkobrddgrtmravcuv', 'DOPS', 'APAC');
INSERT INTO project_budgets (proj_name, budget) VALUES ('xittoegkrf', 65000);
INSERT INTO projects (proj_name, description, eng_type, region) VALUES ('qwfcynemdv', 'owqdkrqdisertjzlwgevsnpthekhdr', 'DOPS', 'SG');
INSERT INTO project_budgets (proj_name, budget) VALUES ('qwfcynemdv', 49000);
INSERT INTO projects (proj_name, description, eng_type, region) VALUES ('rtnqlcijdc', 'vcibyaxqhkpnzgbmmoxjyrwhuhwaoe', 'DOPS', 'HK');
INSERT INTO project_budgets (proj_name, budget) VALUES ('rtnqlcijdc', 96000);
INSERT INTO projects (proj_name, description, eng_type, region) VALUES ('hqrjblrlaj', 'rrycxqmubnzbmifisnfqehmdcimjex', 'DOPS', 'EMEA');
INSERT INTO project_budgets (proj_name, budget) VALUES ('hqrjblrlaj', 89000);
INSERT INTO projects (proj_name, description, eng_type, region) VALUES ('tgwbvomrey', 'ztsrfuhhlcdwdrlzkywfuhinbsdipc', 'DOPS', 'LON');
INSERT INTO project_budgets (proj_name, budget) VALUES ('tgwbvomrey', 63000);
INSERT INTO projects (proj_name, description, eng_type, region) VALUES ('uxdnuvnorf', 'acwqzvlwmkybkcombnbenyidhcaejc', 'DOPS', 'PAR');
INSERT INTO project_budgets (proj_name, budget) VALUES ('uxdnuvnorf', 80000);
INSERT INTO projects (proj_name, description, eng_type, region) VALUES ('wrewmsfauh', 'rpxegluwawziwbjsxbperuwipbocrj', 'DOPS', 'AMER');
INSERT INTO project_budgets (proj_name, budget) VALUES ('wrewmsfauh', 33000);
INSERT INTO projects (proj_name, description, eng_type, region) VALUES ('imkprtwynx', 'oweiqbqgjsgtwkmyxjqbliielyefnw', 'DOPS', 'NY');
INSERT INTO project_budgets (proj_name, budget) VALUES ('imkprtwynx', 37000);
INSERT INTO projects (proj_name, description, eng_type, region) VALUES ('guaeqrcqmq', 'uoxqyjpuciflezbdorhzqrobuznclw', 'DOPS', 'SF');
INSERT INTO project_budgets (proj_name, budget) VALUES ('guaeqrcqmq', 51000);
INSERT INTO projects (proj_name, description, eng_type, region) VALUES ('bbxvtzvagf', 'vzhcokohqbypmmjhjvgtxshgomibwh', 'FE', 'GLOBAL');
INSERT INTO project_budgets (proj_name, budget) VALUES ('bbxvtzvagf', 62000);
INSERT INTO projects (proj_name, description, eng_type, region) VALUES ('aujvrsvjbk', 'artkcgahskzlqxgropetflhklfwndt', 'FE', 'APAC');
INSERT INTO project_budgets (proj_name, budget) VALUES ('aujvrsvjbk', 98000);
INSERT INTO projects (proj_name, description, eng_type, region) VALUES ('gukqovssyf', 'nqthrbpkmekvonwqanirvrogfhrnig', 'FE', 'SG');
INSERT INTO project_budgets (proj_name, budget) VALUES ('gukqovssyf', 72000);
INSERT INTO projects (proj_name, description, eng_type, region) VALUES ('whdxeebwpv', 'mynsyfcyhprdgttuxbzcitueiljjog', 'FE', 'HK');
INSERT INTO project_budgets (proj_name, budget) VALUES ('whdxeebwpv', 75000);
INSERT INTO projects (proj_name, description, eng_type, region) VALUES ('vxhytenlyv', 'djyyrjjsaqagiwsrrxsztclelqqvbe', 'FE', 'EMEA');
INSERT INTO project_budgets (proj_name, budget) VALUES ('vxhytenlyv', 84000);
INSERT INTO projects (proj_name, description, eng_type, region) VALUES ('grqzxrcjgo', 'vmpovqvoiqlqqoahfuevsfvagxoayk', 'FE', 'LON');
INSERT INTO project_budgets (proj_name, budget) VALUES ('grqzxrcjgo', 72000);
INSERT INTO projects (proj_name, description, eng_type, region) VALUES ('fgzrmzzbvo', 'souwruscfhauthfqgcqeosdzwhayva', 'FE', 'PAR');
INSERT INTO project_budgets (proj_name, budget) VALUES ('fgzrmzzbvo', 33000);
INSERT INTO projects (proj_name, description, eng_type, region) VALUES ('lxnqtlbjnt', 'dkjnkjenozvbyfemfxjkjmpkqtldrb', 'FE', 'AMER');
INSERT INTO project_budgets (proj_name, budget) VALUES ('lxnqtlbjnt', 45000);
INSERT INTO projects (proj_name, description, eng_type, region) VALUES ('pbtajrplcz', 'fbjergalcztnmmmmzibeghwevbbwwk', 'FE', 'NY');
INSERT INTO project_budgets (proj_name, budget) VALUES ('pbtajrplcz', 61000);
INSERT INTO projects (proj_name, description, eng_type, region) VALUES ('txqseqmust', 'kkjrpthcfudswkwqnqopmrznnaywod', 'FE', 'SF');
INSERT INTO project_budgets (proj_name, budget) VALUES ('txqseqmust', 69000);
INSERT INTO projects (proj_name, description, eng_type, region) VALUES ('ykiqcyzwbb', 'cgqdrxdirnbgruffnviwjzbdowjrns', 'FE', 'GLOBAL');
INSERT INTO project_budgets (proj_name, budget) VALUES ('ykiqcyzwbb', 41000);
INSERT INTO projects (proj_name, description, eng_type, region) VALUES ('jbbyfilazq', 'wfbxsicalnzmhnqvbossisenucqggg', 'FE', 'APAC');
INSERT INTO project_budgets (proj_name, budget) VALUES ('jbbyfilazq', 52000);
INSERT INTO projects (proj_name, description, eng_type, region) VALUES ('frkzqqrnpp', 'mwbsyyemzlwcafzgqahswjzqhiaqpc', 'FE', 'SG');
INSERT INTO project_budgets (proj_name, budget) VALUES ('frkzqqrnpp', 39000);
INSERT INTO projects (proj_name, description, eng_type, region) VALUES ('riqxvepejx', 'afteithmcaxijdwllorpqhorggeyfa', 'FE', 'HK');
INSERT INTO project_budgets (proj_name, budget) VALUES ('riqxvepejx', 78000);
INSERT INTO projects (proj_name, description, eng_type, region) VALUES ('lhklxuuvpf', 'tnsaslhezqrvrwkunnikajhyfuqilm', 'FE', 'EMEA');
INSERT INTO project_budgets (proj_name, budget) VALUES ('lhklxuuvpf', 77000);
INSERT INTO projects (proj_name, description, eng_type, region) VALUES ('ghdfsunlvd', 'culzstnnifnfxfbdmnztbwvfhjakty', 'FE', 'LON');
INSERT INTO project_budgets (proj_name, budget) VALUES ('ghdfsunlvd', 72000);
INSERT INTO projects (proj_name, description, eng_type, region) VALUES ('wdjocciwsc', 'nsvklfhbqfwkwfvgqgdrmmagsjfpvo', 'FE', 'PAR');
INSERT INTO project_budgets (proj_name, budget) VALUES ('wdjocciwsc', 99000);
INSERT INTO projects (proj_name, description, eng_type, region) VALUES ('zdtqsrjxyl', 'zjvidjsptjefhfpxtziqmrdwebbytu', 'FE', 'AMER');
INSERT INTO project_budgets (proj_name, budget) VALUES ('zdtqsrjxyl', 87000);
INSERT INTO projects (proj_name, description, eng_type, region) VALUES ('exdrezpvdr', 'iycowzzigwqfplfasbrtbjqywtyxbz', 'FE', 'NY');
INSERT INTO project_budgets (proj_name, budget) VALUES ('exdrezpvdr', 39000);
INSERT INTO projects (proj_name, description, eng_type, region) VALUES ('msdafvuaye', 'nzupkrbcmrsxpqmkvkziyrkqsylrdq', 'FE', 'SF');
INSERT INTO project_budgets (proj_name, budget) VALUES ('msdafvuaye', 70000);
INSERT INTO projects (proj_name, description, eng_type, region) VALUES ('bfzudonphl', 'ariwvicvhmcgmnksyvxiijkmyueugj', 'FE', 'GLOBAL');
INSERT INTO project_budgets (proj_name, budget) VALUES ('bfzudonphl', 96000);
INSERT INTO projects (proj_name, description, eng_type, region) VALUES ('mcfzvrzago', 'prjuuuipkljsauwatxqxyojoeidhll', 'FE', 'APAC');
INSERT INTO project_budgets (proj_name, budget) VALUES ('mcfzvrzago', 36000);
INSERT INTO projects (proj_name, description, eng_type, region) VALUES ('vgnnrxdsrt', 'zwfpfoliwsxrhomdffjofkwpqaokwt', 'FE', 'SG');
INSERT INTO project_budgets (proj_name, budget) VALUES ('vgnnrxdsrt', 90000);
INSERT INTO projects (proj_name, description, eng_type, region) VALUES ('nnjgsxtans', 'owpedxsdjriuqbgxocngpvbtuxigib', 'FE', 'HK');
INSERT INTO project_budgets (proj_name, budget) VALUES ('nnjgsxtans', 78000);
INSERT INTO projects (proj_name, description, eng_type, region) VALUES ('neeehjbfdj', 'ovddwgaczylktoydnskufskndgeput', 'FE', 'EMEA');
INSERT INTO project_budgets (proj_name, budget) VALUES ('neeehjbfdj', 69000);
INSERT INTO projects (proj_name, description, eng_type, region) VALUES ('xebjpcxrcw', 'hqnoojafcjejqzkvjkpjbrimpnusax', 'FE', 'LON');
INSERT INTO project_budgets (proj_name, budget) VALUES ('xebjpcxrcw', 43000);
INSERT INTO projects (proj_name, description, eng_type, region) VALUES ('wchamcffxf', 'glgaezkghnjsutmphukwaohteywgql', 'FE', 'PAR');
INSERT INTO project_budgets (proj_name, budget) VALUES ('wchamcffxf', 32000);
INSERT INTO projects (proj_name, description, eng_type, region) VALUES ('asjdmozsna', 'qcbqnklmpyypypphwifgpvkdudbtoo', 'FE', 'AMER');
INSERT INTO project_budgets (proj_name, budget) VALUES ('asjdmozsna', 50000);
INSERT INTO projects (proj_name, description, eng_type, region) VALUES ('udpxmagwdh', 'qxaanywhmvywtrugeyriwtryhfapjz', 'FE', 'NY');
INSERT INTO project_budgets (proj_name, budget) VALUES ('udpxmagwdh', 84000);
INSERT INTO projects (proj_name, description, eng_type, region) VALUES ('nwznlsqsff', 'aedwvpnhdyxkoxdazzemgjjzfrupba', 'FE', 'SF');
INSERT INTO project_budgets (proj_name, budget) VALUES ('nwznlsqsff', 70000);
INSERT INTO projects (proj_name, description, eng_type, region) VALUES ('jobjvzypyy', 'bkbjdrtbhxlvfzczkmquwwcgkmcyby', 'BE', 'GLOBAL');
INSERT INTO project_budgets (proj_name, budget) VALUES ('jobjvzypyy', 55000);
INSERT INTO projects (proj_name, description, eng_type, region) VALUES ('mjrstplacj', 'ttctcxbfcwlxytbqhkrnatncniakex', 'BE', 'APAC');
INSERT INTO project_budgets (proj_name, budget) VALUES ('mjrstplacj', 63000);
INSERT INTO projects (proj_name, description, eng_type, region) VALUES ('sullljiutt', 'gkymrqmbwzvwnxhcvibnykljaqlffy', 'BE', 'SG');
INSERT INTO project_budgets (proj_name, budget) VALUES ('sullljiutt', 30000);
INSERT INTO projects (proj_name, description, eng_type, region) VALUES ('lcnlsisgey', 'lozbltldfumlayhdplavkrxxvoivwo', 'BE', 'HK');
INSERT INTO project_budgets (proj_name, budget) VALUES ('lcnlsisgey', 88000);
INSERT INTO projects (proj_name, description, eng_type, region) VALUES ('trmuexiicr', 'tkqfgzjyygiolnpyywantuxurtozha', 'BE', 'EMEA');
INSERT INTO project_budgets (proj_name, budget) VALUES ('trmuexiicr', 42000);
INSERT INTO projects (proj_name, description, eng_type, region) VALUES ('chgoxqagqh', 'jbtwbecwkqpxkubyodxqykqmrabuuo', 'BE', 'LON');
INSERT INTO project_budgets (proj_name, budget) VALUES ('chgoxqagqh', 50000);
INSERT INTO projects (proj_name, description, eng_type, region) VALUES ('qiecickaij', 'bwnyukeqtuiovxjpglxsfluhjkieqq', 'BE', 'PAR');
INSERT INTO project_budgets (proj_name, budget) VALUES ('qiecickaij', 33000);
INSERT INTO projects (proj_name, description, eng_type, region) VALUES ('qviiyyvvjp', 'slonhplqaihnwdsiccjcuhcbhubkcw', 'BE', 'AMER');
INSERT INTO project_budgets (proj_name, budget) VALUES ('qviiyyvvjp', 48000);
INSERT INTO projects (proj_name, description, eng_type, region) VALUES ('oupgzegukw', 'dkmlvgrlqebvnyeenwmmcvvrblubpd', 'BE', 'NY');
INSERT INTO project_budgets (proj_name, budget) VALUES ('oupgzegukw', 60000);
INSERT INTO projects (proj_name, description, eng_type, region) VALUES ('jrionmlmvr', 'tllkicitfchteaecrlvgivsnqhhlss', 'BE', 'SF');
INSERT INTO project_budgets (proj_name, budget) VALUES ('jrionmlmvr', 66000);
INSERT INTO projects (proj_name, description, eng_type, region) VALUES ('rnofeekkyv', 'oixqbmptcklmwsocozbsjbowuugzmf', 'BE', 'GLOBAL');
INSERT INTO project_budgets (proj_name, budget) VALUES ('rnofeekkyv', 36000);
INSERT INTO projects (proj_name, description, eng_type, region) VALUES ('tcmhohdgtw', 'oswolwklgfndfbdoglnefosghmtwvb', 'BE', 'APAC');
INSERT INTO project_budgets (proj_name, budget) VALUES ('tcmhohdgtw', 35000);
INSERT INTO projects (proj_name, description, eng_type, region) VALUES ('bztxjyijwk', 'ilutzoimjtvngsowdxnaeeghqpkejy', 'BE', 'SG');
INSERT INTO project_budgets (proj_name, budget) VALUES ('bztxjyijwk', 48000);
INSERT INTO projects (proj_name, description, eng_type, region) VALUES ('ontkpwoavq', 'pcmgbvrthvisclsibvwujozpexurmd', 'BE', 'HK');
INSERT INTO project_budgets (proj_name, budget) VALUES ('ontkpwoavq', 100000);
INSERT INTO projects (proj_name, description, eng_type, region) VALUES ('mwxdgvpovs', 'ltpragwntftosljumsxabwkmubeoec', 'BE', 'EMEA');
INSERT INTO project_budgets (proj_name, budget) VALUES ('mwxdgvpovs', 63000);
INSERT INTO projects (proj_name, description, eng_type, region) VALUES ('fcezhjxzdi', 'puzkxmdbtunaecmfzjjwrlgjczoanr', 'BE', 'LON');
INSERT INTO project_budgets (proj_name, budget) VALUES ('fcezhjxzdi', 69000);
INSERT INTO projects (proj_name, description, eng_type, region) VALUES ('tklvbupcex', 'xdcoxqmrhstwensjkirhodoxmgglpt', 'BE', 'PAR');
INSERT INTO project_budgets (proj_name, budget) VALUES ('tklvbupcex', 65000);
INSERT INTO projects (proj_name, description, eng_type, region) VALUES ('bjbzniqczf', 'qojfdhuiyunjppjxdrnedgmnbcrkdy', 'BE', 'AMER');
INSERT INTO project_budgets (proj_name, budget) VALUES ('bjbzniqczf', 44000);
INSERT INTO projects (proj_name, description, eng_type, region) VALUES ('ngnrmvxyhl', 'afrbqlhuangkhqgxjuapulbixapfwl', 'BE', 'NY');
INSERT INTO project_budgets (proj_name, budget) VALUES ('ngnrmvxyhl', 35000);
INSERT INTO projects (proj_name, description, eng_type, region) VALUES ('jlvyajzqih', 'jfyvnpnrugyfbeymztbnsoxpmwefsn', 'BE', 'SF');
INSERT INTO project_budgets (proj_name, budget) VALUES ('jlvyajzqih', 93000);
INSERT INTO projects (proj_name, description, eng_type, region) VALUES ('uxaoicwazw', 'taoqbttxwrljitotjfpidnwodsctnd', 'BE', 'GLOBAL');
INSERT INTO project_budgets (proj_name, budget) VALUES ('uxaoicwazw', 54000);
INSERT INTO projects (proj_name, description, eng_type, region) VALUES ('wckdwpogvo', 'wiftughzatbjhbosgxrmvvxnmlqiwd', 'BE', 'APAC');
INSERT INTO project_budgets (proj_name, budget) VALUES ('wckdwpogvo', 79000);
INSERT INTO projects (proj_name, description, eng_type, region) VALUES ('dobkmjfoic', 'lrrxmvcksbokxsffwzvxwzrpxhogll', 'BE', 'SG');
INSERT INTO project_budgets (proj_name, budget) VALUES ('dobkmjfoic', 60000);
INSERT INTO projects (proj_name, description, eng_type, region) VALUES ('sbvygzhaqv', 'lvlhhprouurgyrwvphmwwsjmodxmiy', 'BE', 'HK');
INSERT INTO project_budgets (proj_name, budget) VALUES ('sbvygzhaqv', 48000);
INSERT INTO projects (proj_name, description, eng_type, region) VALUES ('vxmzfjcjja', 'utygkzggkcutjbaqynwzovkujnrkkb', 'BE', 'EMEA');
INSERT INTO project_budgets (proj_name, budget) VALUES ('vxmzfjcjja', 91000);
INSERT INTO projects (proj_name, description, eng_type, region) VALUES ('cvxzuevvkj', 'zyhdmjnbedwbjjpiddbrbcajeidmek', 'BE', 'LON');
INSERT INTO project_budgets (proj_name, budget) VALUES ('cvxzuevvkj', 49000);
INSERT INTO projects (proj_name, description, eng_type, region) VALUES ('iicyxqbgxk', 'nrfbncaveiweooqvngkihwrnlzzjoe', 'BE', 'PAR');
INSERT INTO project_budgets (proj_name, budget) VALUES ('iicyxqbgxk', 53000);
INSERT INTO projects (proj_name, description, eng_type, region) VALUES ('pqztoxovnf', 'epcatmwuzoyicnqfdgptkswrboawdz', 'BE', 'AMER');
INSERT INTO project_budgets (proj_name, budget) VALUES ('pqztoxovnf', 81000);
INSERT INTO projects (proj_name, description, eng_type, region) VALUES ('mqnioajdzm', 'waywswdkwygehxldmgjjqfkrnanptc', 'BE', 'NY');
INSERT INTO project_budgets (proj_name, budget) VALUES ('mqnioajdzm', 94000);
INSERT INTO projects (proj_name, description, eng_type, region) VALUES ('zrrwmbnskq', 'pfliifcavmlbwmgzimvvrdvjoihxsg', 'BE', 'SF');
INSERT INTO project_budgets (proj_name, budget) VALUES ('zrrwmbnskq', 69000);
INSERT INTO projects (proj_name, description, eng_type, region) VALUES ('wycyvptgsv', 'nuchysqarzcfmvwauyidbsmvkwynzs', 'SEC', 'GLOBAL');
INSERT INTO project_budgets (proj_name, budget) VALUES ('wycyvptgsv', 95000);
INSERT INTO projects (proj_name, description, eng_type, region) VALUES ('pzahfddetz', 'brtecmakxjtbdnairuyzskxocdajea', 'SEC', 'APAC');
INSERT INTO project_budgets (proj_name, budget) VALUES ('pzahfddetz', 99000);
INSERT INTO projects (proj_name, description, eng_type, region) VALUES ('qdtmkwxdzr', 'ppflszycymoyetmloxugdzxlpbdzyw', 'SEC', 'SG');
INSERT INTO project_budgets (proj_name, budget) VALUES ('qdtmkwxdzr', 90000);
INSERT INTO projects (proj_name, description, eng_type, region) VALUES ('vvjmcjidpc', 'hjrkzgwhaayswyovzpalwxxdiqsfxz', 'SEC', 'HK');
INSERT INTO project_budgets (proj_name, budget) VALUES ('vvjmcjidpc', 36000);
INSERT INTO projects (proj_name, description, eng_type, region) VALUES ('emsjufoeey', 'ddptekkcnkpswloptsrsjvjhqmcvqc', 'SEC', 'EMEA');
INSERT INTO project_budgets (proj_name, budget) VALUES ('emsjufoeey', 32000);
INSERT INTO projects (proj_name, description, eng_type, region) VALUES ('rwocyzqlbw', 'lcraibwdcavrzuxmlvvhyfohidxdyc', 'SEC', 'LON');
INSERT INTO project_budgets (proj_name, budget) VALUES ('rwocyzqlbw', 44000);
INSERT INTO projects (proj_name, description, eng_type, region) VALUES ('ovgfwymrfy', 'thyhwfemkhvwaquqnjifucqpzaavay', 'SEC', 'PAR');
INSERT INTO project_budgets (proj_name, budget) VALUES ('ovgfwymrfy', 88000);
INSERT INTO projects (proj_name, description, eng_type, region) VALUES ('bcjydxnqge', 'vhtgytizrmwsxhtldpyfgrmzmbedss', 'SEC', 'AMER');
INSERT INTO project_budgets (proj_name, budget) VALUES ('bcjydxnqge', 61000);
INSERT INTO projects (proj_name, description, eng_type, region) VALUES ('dqqhylflxv', 'fvksdcvmzzajiyudwdemgecwpaixux', 'SEC', 'NY');
INSERT INTO project_budgets (proj_name, budget) VALUES ('dqqhylflxv', 44000);
INSERT INTO projects (proj_name, description, eng_type, region) VALUES ('btfmszcclv', 'ientmqwulzfednshrvegftmijwsfyo', 'SEC', 'SF');
INSERT INTO project_budgets (proj_name, budget) VALUES ('btfmszcclv', 98000);
INSERT INTO projects (proj_name, description, eng_type, region) VALUES ('niyxxuciwv', 'gretoxpczugrnjjhfrrwmkyvfjotth', 'SEC', 'GLOBAL');
INSERT INTO project_budgets (proj_name, budget) VALUES ('niyxxuciwv', 83000);
INSERT INTO projects (proj_name, description, eng_type, region) VALUES ('paqofnooyy', 'grxiynauralmqmrnhwwxpsktzttlbn', 'SEC', 'APAC');
INSERT INTO project_budgets (proj_name, budget) VALUES ('paqofnooyy', 38000);
INSERT INTO projects (proj_name, description, eng_type, region) VALUES ('knjbumtqum', 'ewitytzbvtozyqkmyepntiieleuyvm', 'SEC', 'SG');
INSERT INTO project_budgets (proj_name, budget) VALUES ('knjbumtqum', 41000);
INSERT INTO projects (proj_name, description, eng_type, region) VALUES ('drpjanevuz', 'tfhzuundekahpftguklrerhmcodtwg', 'SEC', 'HK');
INSERT INTO project_budgets (proj_name, budget) VALUES ('drpjanevuz', 60000);
INSERT INTO projects (proj_name, description, eng_type, region) VALUES ('gjmaitaidc', 'llrwabozkqjcecxwiaicqyhhaaanam', 'SEC', 'EMEA');
INSERT INTO project_budgets (proj_name, budget) VALUES ('gjmaitaidc', 100000);
INSERT INTO projects (proj_name, description, eng_type, region) VALUES ('bfkishrerh', 'jqwzkriyonyyehynwomiwbrjjvfspo', 'SEC', 'LON');
INSERT INTO project_budgets (proj_name, budget) VALUES ('bfkishrerh', 37000);
INSERT INTO projects (proj_name, description, eng_type, region) VALUES ('aljezdapgs', 'lcumekesuwvkjczcrfiywyvtcdidwi', 'SEC', 'PAR');
INSERT INTO project_budgets (proj_name, budget) VALUES ('aljezdapgs', 98000);
INSERT INTO projects (proj_name, description, eng_type, region) VALUES ('dzuzwyredj', 'kdvdfcqtvtybljvaeggpgcgrewhity', 'SEC', 'AMER');
INSERT INTO project_budgets (proj_name, budget) VALUES ('dzuzwyredj', 72000);
INSERT INTO projects (proj_name, description, eng_type, region) VALUES ('albczsajix', 'kfcbrvujbnzlctjjhbwtpehkrwdlhp', 'SEC', 'NY');
INSERT INTO project_budgets (proj_name, budget) VALUES ('albczsajix', 93000);
INSERT INTO projects (proj_name, description, eng_type, region) VALUES ('bkvnoaiwiv', 'tzqmonagdzatvaqvmrgzuuuhaettup', 'SEC', 'SF');
INSERT INTO project_budgets (proj_name, budget) VALUES ('bkvnoaiwiv', 65000);
INSERT INTO projects (proj_name, description, eng_type, region) VALUES ('ortkcpnsvw', 'eylbmtheumtexnzzpzyzxmrcvrrlfx', 'SEC', 'GLOBAL');
INSERT INTO project_budgets (proj_name, budget) VALUES ('ortkcpnsvw', 65000);
INSERT INTO projects (proj_name, description, eng_type, region) VALUES ('nnrwijhvwe', 'hnrojxmgcruxxywwzxvhvquezmbnzk', 'SEC', 'APAC');
INSERT INTO project_budgets (proj_name, budget) VALUES ('nnrwijhvwe', 40000);
INSERT INTO projects (proj_name, description, eng_type, region) VALUES ('lyqhyzbccg', 'xfhnlywjwkwflpmlltvaoaxqcxbhzz', 'SEC', 'SG');
INSERT INTO project_budgets (proj_name, budget) VALUES ('lyqhyzbccg', 70000);
INSERT INTO projects (proj_name, description, eng_type, region) VALUES ('aozzjlacwa', 'vdzloggxqyfsmjurnglurzocwmnvcq', 'SEC', 'HK');
INSERT INTO project_budgets (proj_name, budget) VALUES ('aozzjlacwa', 33000);
INSERT INTO projects (proj_name, description, eng_type, region) VALUES ('cdjxnzoxim', 'idrdpqjuqapioaspahoheimnfgzyhz', 'SEC', 'EMEA');
INSERT INTO project_budgets (proj_name, budget) VALUES ('cdjxnzoxim', 98000);
INSERT INTO projects (proj_name, description, eng_type, region) VALUES ('fwqzcbkoqf', 'lgxxqcqugzknjewrfecjxytnajrcrp', 'SEC', 'LON');
INSERT INTO project_budgets (proj_name, budget) VALUES ('fwqzcbkoqf', 41000);
INSERT INTO projects (proj_name, description, eng_type, region) VALUES ('gjlbivheqr', 'phuugmurtboqfpaeqmnxszsukmeadr', 'SEC', 'PAR');
INSERT INTO project_budgets (proj_name, budget) VALUES ('gjlbivheqr', 69000);
INSERT INTO projects (proj_name, description, eng_type, region) VALUES ('yzybubdpol', 'qplvvcxlcsztzfohghreiwrxoeuqom', 'SEC', 'AMER');
INSERT INTO project_budgets (proj_name, budget) VALUES ('yzybubdpol', 66000);
INSERT INTO projects (proj_name, description, eng_type, region) VALUES ('ioyxxofase', 'jkxkdwtdopjkntemgfsaqcrxlycvmf', 'SEC', 'NY');
INSERT INTO project_budgets (proj_name, budget) VALUES ('ioyxxofase', 69000);
INSERT INTO projects (proj_name, description, eng_type, region) VALUES ('gqvotjncnj', 'fhofittgscxpbkhzxsdrevnlstkwyu', 'SEC', 'SF');
INSERT INTO project_budgets (proj_name, budget) VALUES ('gqvotjncnj', 60000);
INSERT INTO projects (proj_name, description, eng_type, region) VALUES ('dnpnpoklgn', 'rpqvbglekpnhwtdrulrxximykiqywg', 'DOPS', 'GLOBAL');
INSERT INTO project_budgets (proj_name, budget) VALUES ('dnpnpoklgn', 47000);
INSERT INTO projects (proj_name, description, eng_type, region) VALUES ('biigkyfrms', 'aawyuxhyholnzmhnrjgbjvnjjqlnho', 'DOPS', 'APAC');
INSERT INTO project_budgets (proj_name, budget) VALUES ('biigkyfrms', 37000);
INSERT INTO projects (proj_name, description, eng_type, region) VALUES ('ryvcbarmez', 'igzaskqivukufpcccktgboovdfzizg', 'DOPS', 'SG');
INSERT INTO project_budgets (proj_name, budget) VALUES ('ryvcbarmez', 39000);
INSERT INTO projects (proj_name, description, eng_type, region) VALUES ('bwjucjshfj', 'coxszqsllclvlvmmkyrnyiqthglysk', 'DOPS', 'HK');
INSERT INTO project_budgets (proj_name, budget) VALUES ('bwjucjshfj', 71000);
INSERT INTO projects (proj_name, description, eng_type, region) VALUES ('vduqewyyhf', 'rtrrcscpupwsblidkrbrrrsfjjjcmj', 'DOPS', 'EMEA');
INSERT INTO project_budgets (proj_name, budget) VALUES ('vduqewyyhf', 50000);
INSERT INTO projects (proj_name, description, eng_type, region) VALUES ('jydlrbjwve', 'rucqxexbbbjghdooaadvhbzrsmxkvg', 'DOPS', 'LON');
INSERT INTO project_budgets (proj_name, budget) VALUES ('jydlrbjwve', 88000);
INSERT INTO projects (proj_name, description, eng_type, region) VALUES ('yskpjlyund', 'yvkdxovrbrjxjxsedazivvhtkxotum', 'DOPS', 'PAR');
INSERT INTO project_budgets (proj_name, budget) VALUES ('yskpjlyund', 48000);
INSERT INTO projects (proj_name, description, eng_type, region) VALUES ('xazwapvaan', 'qcefkhwpsaevjcnqoovjyoztwffdbo', 'DOPS', 'AMER');
INSERT INTO project_budgets (proj_name, budget) VALUES ('xazwapvaan', 91000);
INSERT INTO projects (proj_name, description, eng_type, region) VALUES ('hlpabpurde', 'mcciypkfbrficzrnkdnlzkxntewaru', 'DOPS', 'NY');
INSERT INTO project_budgets (proj_name, budget) VALUES ('hlpabpurde', 71000);
INSERT INTO projects (proj_name, description, eng_type, region) VALUES ('gbcfesjdwx', 'hyccwdoqwcigqiesltsbgkvelxpazy', 'DOPS', 'SF');
INSERT INTO project_budgets (proj_name, budget) VALUES ('gbcfesjdwx', 98000);
INSERT INTO projects (proj_name, description, eng_type, region) VALUES ('aqsqaflhwn', 'wxquzzuzmeynxtfqxcxbdhccbplnfo', 'DOPS', 'GLOBAL');
INSERT INTO project_budgets (proj_name, budget) VALUES ('aqsqaflhwn', 35000);
INSERT INTO projects (proj_name, description, eng_type, region) VALUES ('dzjatanfgq', 'jcffxdsvwrvmggsnzbfsgsjhuptgdm', 'DOPS', 'APAC');
INSERT INTO project_budgets (proj_name, budget) VALUES ('dzjatanfgq', 52000);
INSERT INTO projects (proj_name, description, eng_type, region) VALUES ('rkmcsmudru', 'jhspsuvjomiflapdhmbvisdkbspwiv', 'DOPS', 'SG');
INSERT INTO project_budgets (proj_name, budget) VALUES ('rkmcsmudru', 41000);
INSERT INTO projects (proj_name, description, eng_type, region) VALUES ('ofaxsrvoua', 'kmchlvrtciealzvgnakdyjbbqjzxyp', 'DOPS', 'HK');
INSERT INTO project_budgets (proj_name, budget) VALUES ('ofaxsrvoua', 79000);
INSERT INTO projects (proj_name, description, eng_type, region) VALUES ('dnqltzamwt', 'hmtfxvmuuavackhaxinpbahkgvlhoo', 'DOPS', 'EMEA');
INSERT INTO project_budgets (proj_name, budget) VALUES ('dnqltzamwt', 87000);
INSERT INTO projects (proj_name, description, eng_type, region) VALUES ('wcmlwsarsw', 'cikdhgzqpqukwirytcboghamjbbtnp', 'DOPS', 'LON');
INSERT INTO project_budgets (proj_name, budget) VALUES ('wcmlwsarsw', 81000);
INSERT INTO projects (proj_name, description, eng_type, region) VALUES ('djbyrxzkbo', 'rbqpysfnwkbkgqicgpgnvkjwhgiszy', 'DOPS', 'PAR');
INSERT INTO project_budgets (proj_name, budget) VALUES ('djbyrxzkbo', 38000);
INSERT INTO projects (proj_name, description, eng_type, region) VALUES ('ysrfkcojhc', 'hueocuuhtowdjnfgqnibcghsvuzssm', 'DOPS', 'AMER');
INSERT INTO project_budgets (proj_name, budget) VALUES ('ysrfkcojhc', 88000);
INSERT INTO projects (proj_name, description, eng_type, region) VALUES ('ugkjtdbzws', 'igyhddfpuhaqakbhhajwmktrrvxyor', 'DOPS', 'NY');
INSERT INTO project_budgets (proj_name, budget) VALUES ('ugkjtdbzws', 35000);
INSERT INTO projects (proj_name, description, eng_type, region) VALUES ('vmcljbpnlp', 'zezzbmgsycecccvxalkwjlidbdkxgs', 'DOPS', 'SF');
INSERT INTO project_budgets (proj_name, budget) VALUES ('vmcljbpnlp', 77000);
INSERT INTO projects (proj_name, description, eng_type, region) VALUES ('tfqopqdixe', 'vjbrighwsgnbcavctywntzwxupfpgo', 'DOPS', 'GLOBAL');
INSERT INTO project_budgets (proj_name, budget) VALUES ('tfqopqdixe', 90000);
INSERT INTO projects (proj_name, description, eng_type, region) VALUES ('zirqfslznv', 'svwcneqgrmopqoxtjdjfdclxinsiwf', 'DOPS', 'APAC');
INSERT INTO project_budgets (proj_name, budget) VALUES ('zirqfslznv', 93000);
INSERT INTO projects (proj_name, description, eng_type, region) VALUES ('oawobmnmgq', 'xtncpuviqsfhzytkbdzqbuzmckuxyo', 'DOPS', 'SG');
INSERT INTO project_budgets (proj_name, budget) VALUES ('oawobmnmgq', 45000);
INSERT INTO projects (proj_name, description, eng_type, region) VALUES ('jgaclkdwbm', 'dqjndlnbyufmqsqqdcvaxfulwqksbm', 'DOPS', 'HK');
INSERT INTO project_budgets (proj_name, budget) VALUES ('jgaclkdwbm', 37000);
INSERT INTO projects (proj_name, description, eng_type, region) VALUES ('rplynmdqhm', 'wyoyqeayiilxwsxzslywdncofcnjvr', 'DOPS', 'EMEA');
INSERT INTO project_budgets (proj_name, budget) VALUES ('rplynmdqhm', 33000);
INSERT INTO projects (proj_name, description, eng_type, region) VALUES ('thvhdtshmb', 'dyrpqgzemhyhxtttmrcqnklisoivdy', 'DOPS', 'LON');
INSERT INTO project_budgets (proj_name, budget) VALUES ('thvhdtshmb', 65000);
INSERT INTO projects (proj_name, description, eng_type, region) VALUES ('kicadoogxl', 'ytyjrvqtbucvcvufkbpqaygrrieymb', 'DOPS', 'PAR');
INSERT INTO project_budgets (proj_name, budget) VALUES ('kicadoogxl', 55000);
INSERT INTO projects (proj_name, description, eng_type, region) VALUES ('oilycaecrx', 'euwvjtnvngaehfzauxvcnlekikbttr', 'DOPS', 'AMER');
INSERT INTO project_budgets (proj_name, budget) VALUES ('oilycaecrx', 57000);
INSERT INTO projects (proj_name, description, eng_type, region) VALUES ('kriqwoclvk', 'ehgodqfdhnjkqwtsfzwvwdtpubjjso', 'DOPS', 'NY');
INSERT INTO project_budgets (proj_name, budget) VALUES ('kriqwoclvk', 47000);
INSERT INTO projects (proj_name, description, eng_type, region) VALUES ('urfwzwiyof', 'fsfgjbgrrnnqzioovfwrttnajmdtvx', 'DOPS', 'SF');
INSERT INTO project_budgets (proj_name, budget) VALUES ('urfwzwiyof', 67000);
